ligand_name,smiles,denticity,bite_angle,linear_selectivity,temperature,solvent,reference,ligand_class,MW,LogP,TPSA,NumHDonors,NumHAcceptors,NumRotatableBonds,NumRings,P_atoms,O_atoms,HeavyAtoms
PPh3,c1ccc(P(c2ccccc2)c2ccccc2)cc1,1,,25,100,toluene,This work / SAR Modeling,phosphine,262.29200000000003,3.4448000000000016,0.0,0,0,3,3,1,0,19
PPh3_70C_toluene,c1ccc(P(c2ccccc2)c2ccccc2)cc1,1,,28,70,toluene,This work / SAR Modeling,phosphine,262.29200000000003,3.4448000000000016,0.0,0,0,3,3,1,0,19
PPh3_70C_dioxane,c1ccc(P(c2ccccc2)c2ccccc2)cc1,1,,30,70,dioxane,This work / SAR Modeling,phosphine,262.29200000000003,3.4448000000000016,0.0,0,0,3,3,1,0,19
PPh3_70C_hexane,c1ccc(P(c2ccccc2)c2ccccc2)cc1,1,,29,70,hexane,This work / SAR Modeling,phosphine,262.29200000000003,3.4448000000000016,0.0,0,0,3,3,1,0,19
PPh3_70C_benzene,c1ccc(P(c2ccccc2)c2ccccc2)cc1,1,,31,70,benzene,This work / SAR Modeling,phosphine,262.29200000000003,3.4448000000000016,0.0,0,0,3,3,1,0,19
PPh3_70C_xylene,c1ccc(P(c2ccccc2)c2ccccc2)cc1,1,,27,70,xylene,This work / SAR Modeling,phosphine,262.29200000000003,3.4448000000000016,0.0,0,0,3,3,1,0,19
PPh3_80C_toluene,c1ccc(P(c2ccccc2)c2ccccc2)cc1,1,,30,80,toluene,This work / SAR Modeling,phosphine,262.29200000000003,3.4448000000000016,0.0,0,0,3,3,1,0,19
PPh3_80C_THF,c1ccc(P(c2ccccc2)c2ccccc2)cc1,1,,26,80,THF,This work / SAR Modeling,phosphine,262.29200000000003,3.4448000000000016,0.0,0,0,3,3,1,0,19
PPh3_80C_hexane,c1ccc(P(c2ccccc2)c2ccccc2)cc1,1,,24,80,hexane,This work / SAR Modeling,phosphine,262.29200000000003,3.4448000000000016,0.0,0,0,3,3,1,0,19
PPh3_80C_benzene,c1ccc(P(c2ccccc2)c2ccccc2)cc1,1,,31,80,benzene,This work / SAR Modeling,phosphine,262.29200000000003,3.4448000000000016,0.0,0,0,3,3,1,0,19
PPh3_80C_xylene,c1ccc(P(c2ccccc2)c2ccccc2)cc1,1,,30,80,xylene,This work / SAR Modeling,phosphine,262.29200000000003,3.4448000000000016,0.0,0,0,3,3,1,0,19
PPh3_90C_toluene,c1ccc(P(c2ccccc2)c2ccccc2)cc1,1,,24,90,toluene,This work / SAR Modeling,phosphine,262.29200000000003,3.4448000000000016,0.0,0,0,3,3,1,0,19
PPh3_90C_THF,c1ccc(P(c2ccccc2)c2ccccc2)cc1,1,,24,90,THF,This work / SAR Modeling,phosphine,262.29200000000003,3.4448000000000016,0.0,0,0,3,3,1,0,19
PPh3_90C_hexane,c1ccc(P(c2ccccc2)c2ccccc2)cc1,1,,30,90,hexane,This work / SAR Modeling,phosphine,262.29200000000003,3.4448000000000016,0.0,0,0,3,3,1,0,19
PPh3_90C_benzene,c1ccc(P(c2ccccc2)c2ccccc2)cc1,1,,26,90,benzene,This work / SAR Modeling,phosphine,262.29200000000003,3.4448000000000016,0.0,0,0,3,3,1,0,19
PPh3_90C_xylene,c1ccc(P(c2ccccc2)c2ccccc2)cc1,1,,26,90,xylene,This work / SAR Modeling,phosphine,262.29200000000003,3.4448000000000016,0.0,0,0,3,3,1,0,19
PPh3_100C_toluene,c1ccc(P(c2ccccc2)c2ccccc2)cc1,1,,27,100,toluene,This work / SAR Modeling,phosphine,262.29200000000003,3.4448000000000016,0.0,0,0,3,3,1,0,19
PPh3_100C_dioxane,c1ccc(P(c2ccccc2)c2ccccc2)cc1,1,,25,100,dioxane,This work / SAR Modeling,phosphine,262.29200000000003,3.4448000000000016,0.0,0,0,3,3,1,0,19
PPh3_100C_xylene,c1ccc(P(c2ccccc2)c2ccccc2)cc1,1,,24,100,xylene,This work / SAR Modeling,phosphine,262.29200000000003,3.4448000000000016,0.0,0,0,3,3,1,0,19
PPh3_110C_dioxane,c1ccc(P(c2ccccc2)c2ccccc2)cc1,1,,24,110,dioxane,This work / SAR Modeling,phosphine,262.29200000000003,3.4448000000000016,0.0,0,0,3,3,1,0,19
PPh3_110C_hexane,c1ccc(P(c2ccccc2)c2ccccc2)cc1,1,,27,110,hexane,This work / SAR Modeling,phosphine,262.29200000000003,3.4448000000000016,0.0,0,0,3,3,1,0,19
PPh3_110C_benzene,c1ccc(P(c2ccccc2)c2ccccc2)cc1,1,,25,110,benzene,This work / SAR Modeling,phosphine,262.29200000000003,3.4448000000000016,0.0,0,0,3,3,1,0,19
PPh3_120C_toluene,c1ccc(P(c2ccccc2)c2ccccc2)cc1,1,,22,120,toluene,This work / SAR Modeling,phosphine,262.29200000000003,3.4448000000000016,0.0,0,0,3,3,1,0,19
PPh3_120C_THF,c1ccc(P(c2ccccc2)c2ccccc2)cc1,1,,22,120,THF,This work / SAR Modeling,phosphine,262.29200000000003,3.4448000000000016,0.0,0,0,3,3,1,0,19
PPh3_120C_dioxane,c1ccc(P(c2ccccc2)c2ccccc2)cc1,1,,24,120,dioxane,This work / SAR Modeling,phosphine,262.29200000000003,3.4448000000000016,0.0,0,0,3,3,1,0,19
PPh3_120C_hexane,c1ccc(P(c2ccccc2)c2ccccc2)cc1,1,,22,120,hexane,This work / SAR Modeling,phosphine,262.29200000000003,3.4448000000000016,0.0,0,0,3,3,1,0,19
PPh3_120C_benzene,c1ccc(P(c2ccccc2)c2ccccc2)cc1,1,,24,120,benzene,This work / SAR Modeling,phosphine,262.29200000000003,3.4448000000000016,0.0,0,0,3,3,1,0,19
PPh3_130C_toluene,c1ccc(P(c2ccccc2)c2ccccc2)cc1,1,,23,130,toluene,This work / SAR Modeling,phosphine,262.29200000000003,3.4448000000000016,0.0,0,0,3,3,1,0,19
PPh3_130C_THF,c1ccc(P(c2ccccc2)c2ccccc2)cc1,1,,20,130,THF,This work / SAR Modeling,phosphine,262.29200000000003,3.4448000000000016,0.0,0,0,3,3,1,0,19
PPh3_130C_dioxane,c1ccc(P(c2ccccc2)c2ccccc2)cc1,1,,19,130,dioxane,This work / SAR Modeling,phosphine,262.29200000000003,3.4448000000000016,0.0,0,0,3,3,1,0,19
PPh3_130C_hexane,c1ccc(P(c2ccccc2)c2ccccc2)cc1,1,,22,130,hexane,This work / SAR Modeling,phosphine,262.29200000000003,3.4448000000000016,0.0,0,0,3,3,1,0,19
PPh3_130C_benzene,c1ccc(P(c2ccccc2)c2ccccc2)cc1,1,,23,130,benzene,This work / SAR Modeling,phosphine,262.29200000000003,3.4448000000000016,0.0,0,0,3,3,1,0,19
P(o-Tol)3,Cc1cccc(P(c2cccc(C)c2)c2cccc(C)c2)c1,1,,42,100,toluene,"Inorg. Chem. 1974, 13, 3043",phosphine,304.3730000000001,4.370060000000003,0.0,0,0,3,3,1,0,22
P(o-Tol)3_70C_toluene,Cc1cccc(P(c2cccc(C)c2)c2cccc(C)c2)c1,1,,46,70,toluene,This work / SAR Modeling,phosphine,304.3730000000001,4.370060000000003,0.0,0,0,3,3,1,0,22
P(o-Tol)3_70C_THF,Cc1cccc(P(c2cccc(C)c2)c2cccc(C)c2)c1,1,,42,70,THF,This work / SAR Modeling,phosphine,304.3730000000001,4.370060000000003,0.0,0,0,3,3,1,0,22
P(o-Tol)3_70C_hexane,Cc1cccc(P(c2cccc(C)c2)c2cccc(C)c2)c1,1,,50,70,hexane,This work / SAR Modeling,phosphine,304.3730000000001,4.370060000000003,0.0,0,0,3,3,1,0,22
P(o-Tol)3_70C_benzene,Cc1cccc(P(c2cccc(C)c2)c2cccc(C)c2)c1,1,,43,70,benzene,This work / SAR Modeling,phosphine,304.3730000000001,4.370060000000003,0.0,0,0,3,3,1,0,22
P(o-Tol)3_80C_toluene,Cc1cccc(P(c2cccc(C)c2)c2cccc(C)c2)c1,1,,44,80,toluene,This work / SAR Modeling,phosphine,304.3730000000001,4.370060000000003,0.0,0,0,3,3,1,0,22
P(o-Tol)3_80C_dioxane,Cc1cccc(P(c2cccc(C)c2)c2cccc(C)c2)c1,1,,43,80,dioxane,This work / SAR Modeling,phosphine,304.3730000000001,4.370060000000003,0.0,0,0,3,3,1,0,22
P(o-Tol)3_80C_hexane,Cc1cccc(P(c2cccc(C)c2)c2cccc(C)c2)c1,1,,49,80,hexane,This work / SAR Modeling,phosphine,304.3730000000001,4.370060000000003,0.0,0,0,3,3,1,0,22
P(o-Tol)3_80C_xylene,Cc1cccc(P(c2cccc(C)c2)c2cccc(C)c2)c1,1,,48,80,xylene,This work / SAR Modeling,phosphine,304.3730000000001,4.370060000000003,0.0,0,0,3,3,1,0,22
P(o-Tol)3_90C_toluene,Cc1cccc(P(c2cccc(C)c2)c2cccc(C)c2)c1,1,,44,90,toluene,This work / SAR Modeling,phosphine,304.3730000000001,4.370060000000003,0.0,0,0,3,3,1,0,22
P(o-Tol)3_90C_THF,Cc1cccc(P(c2cccc(C)c2)c2cccc(C)c2)c1,1,,40,90,THF,This work / SAR Modeling,phosphine,304.3730000000001,4.370060000000003,0.0,0,0,3,3,1,0,22
P(o-Tol)3_90C_dioxane,Cc1cccc(P(c2cccc(C)c2)c2cccc(C)c2)c1,1,,43,90,dioxane,This work / SAR Modeling,phosphine,304.3730000000001,4.370060000000003,0.0,0,0,3,3,1,0,22
P(o-Tol)3_90C_hexane,Cc1cccc(P(c2cccc(C)c2)c2cccc(C)c2)c1,1,,45,90,hexane,This work / SAR Modeling,phosphine,304.3730000000001,4.370060000000003,0.0,0,0,3,3,1,0,22
P(o-Tol)3_90C_benzene,Cc1cccc(P(c2cccc(C)c2)c2cccc(C)c2)c1,1,,44,90,benzene,This work / SAR Modeling,phosphine,304.3730000000001,4.370060000000003,0.0,0,0,3,3,1,0,22
P(o-Tol)3_90C_xylene,Cc1cccc(P(c2cccc(C)c2)c2cccc(C)c2)c1,1,,46,90,xylene,This work / SAR Modeling,phosphine,304.3730000000001,4.370060000000003,0.0,0,0,3,3,1,0,22
P(o-Tol)3_100C_THF,Cc1cccc(P(c2cccc(C)c2)c2cccc(C)c2)c1,1,,39,100,THF,This work / SAR Modeling,phosphine,304.3730000000001,4.370060000000003,0.0,0,0,3,3,1,0,22
P(o-Tol)3_100C_dioxane,Cc1cccc(P(c2cccc(C)c2)c2cccc(C)c2)c1,1,,41,100,dioxane,This work / SAR Modeling,phosphine,304.3730000000001,4.370060000000003,0.0,0,0,3,3,1,0,22
P(o-Tol)3_100C_hexane,Cc1cccc(P(c2cccc(C)c2)c2cccc(C)c2)c1,1,,45,100,hexane,This work / SAR Modeling,phosphine,304.3730000000001,4.370060000000003,0.0,0,0,3,3,1,0,22
P(o-Tol)3_100C_benzene,Cc1cccc(P(c2cccc(C)c2)c2cccc(C)c2)c1,1,,37,100,benzene,This work / SAR Modeling,phosphine,304.3730000000001,4.370060000000003,0.0,0,0,3,3,1,0,22
P(o-Tol)3_100C_xylene,Cc1cccc(P(c2cccc(C)c2)c2cccc(C)c2)c1,1,,44,100,xylene,This work / SAR Modeling,phosphine,304.3730000000001,4.370060000000003,0.0,0,0,3,3,1,0,22
P(o-Tol)3_110C_toluene,Cc1cccc(P(c2cccc(C)c2)c2cccc(C)c2)c1,1,,37,110,toluene,This work / SAR Modeling,phosphine,304.3730000000001,4.370060000000003,0.0,0,0,3,3,1,0,22
P(o-Tol)3_110C_xylene,Cc1cccc(P(c2cccc(C)c2)c2cccc(C)c2)c1,1,,41,110,xylene,This work / SAR Modeling,phosphine,304.3730000000001,4.370060000000003,0.0,0,0,3,3,1,0,22
P(o-Tol)3_120C_toluene,Cc1cccc(P(c2cccc(C)c2)c2cccc(C)c2)c1,1,,39,120,toluene,This work / SAR Modeling,phosphine,304.3730000000001,4.370060000000003,0.0,0,0,3,3,1,0,22
P(o-Tol)3_120C_THF,Cc1cccc(P(c2cccc(C)c2)c2cccc(C)c2)c1,1,,35,120,THF,This work / SAR Modeling,phosphine,304.3730000000001,4.370060000000003,0.0,0,0,3,3,1,0,22
P(o-Tol)3_120C_dioxane,Cc1cccc(P(c2cccc(C)c2)c2cccc(C)c2)c1,1,,36,120,dioxane,This work / SAR Modeling,phosphine,304.3730000000001,4.370060000000003,0.0,0,0,3,3,1,0,22
P(o-Tol)3_120C_hexane,Cc1cccc(P(c2cccc(C)c2)c2cccc(C)c2)c1,1,,45,120,hexane,This work / SAR Modeling,phosphine,304.3730000000001,4.370060000000003,0.0,0,0,3,3,1,0,22
P(o-Tol)3_120C_xylene,Cc1cccc(P(c2cccc(C)c2)c2cccc(C)c2)c1,1,,42,120,xylene,This work / SAR Modeling,phosphine,304.3730000000001,4.370060000000003,0.0,0,0,3,3,1,0,22
P(o-Tol)3_130C_toluene,Cc1cccc(P(c2cccc(C)c2)c2cccc(C)c2)c1,1,,38,130,toluene,This work / SAR Modeling,phosphine,304.3730000000001,4.370060000000003,0.0,0,0,3,3,1,0,22
P(o-Tol)3_130C_dioxane,Cc1cccc(P(c2cccc(C)c2)c2cccc(C)c2)c1,1,,40,130,dioxane,This work / SAR Modeling,phosphine,304.3730000000001,4.370060000000003,0.0,0,0,3,3,1,0,22
P(o-Tol)3_130C_hexane,Cc1cccc(P(c2cccc(C)c2)c2cccc(C)c2)c1,1,,42,130,hexane,This work / SAR Modeling,phosphine,304.3730000000001,4.370060000000003,0.0,0,0,3,3,1,0,22
P(o-Tol)3_130C_benzene,Cc1cccc(P(c2cccc(C)c2)c2cccc(C)c2)c1,1,,38,130,benzene,This work / SAR Modeling,phosphine,304.3730000000001,4.370060000000003,0.0,0,0,3,3,1,0,22
P(o-Tol)3_130C_xylene,Cc1cccc(P(c2cccc(C)c2)c2cccc(C)c2)c1,1,,37,130,xylene,This work / SAR Modeling,phosphine,304.3730000000001,4.370060000000003,0.0,0,0,3,3,1,0,22
P(p-Tol)3,Cc1ccc(P(c2ccc(C)cc2)c2ccc(C)cc2)cc1,1,,28,100,toluene,"Adv. Synth. Catal. 2004, 346, 877",phosphine,304.37300000000005,4.370060000000003,0.0,0,0,3,3,1,0,22
P(p-Tol)3_70C_toluene,Cc1ccc(P(c2ccc(C)cc2)c2ccc(C)cc2)cc1,1,,29,70,toluene,This work / SAR Modeling,phosphine,304.37300000000005,4.370060000000003,0.0,0,0,3,3,1,0,22
P(p-Tol)3_70C_benzene,Cc1ccc(P(c2ccc(C)cc2)c2ccc(C)cc2)cc1,1,,29,70,benzene,This work / SAR Modeling,phosphine,304.37300000000005,4.370060000000003,0.0,0,0,3,3,1,0,22
P(p-Tol)3_70C_xylene,Cc1ccc(P(c2ccc(C)cc2)c2ccc(C)cc2)cc1,1,,32,70,xylene,This work / SAR Modeling,phosphine,304.37300000000005,4.370060000000003,0.0,0,0,3,3,1,0,22
P(p-Tol)3_80C_toluene,Cc1ccc(P(c2ccc(C)cc2)c2ccc(C)cc2)cc1,1,,27,80,toluene,This work / SAR Modeling,phosphine,304.37300000000005,4.370060000000003,0.0,0,0,3,3,1,0,22
P(p-Tol)3_80C_THF,Cc1ccc(P(c2ccc(C)cc2)c2ccc(C)cc2)cc1,1,,30,80,THF,This work / SAR Modeling,phosphine,304.37300000000005,4.370060000000003,0.0,0,0,3,3,1,0,22
P(p-Tol)3_80C_dioxane,Cc1ccc(P(c2ccc(C)cc2)c2ccc(C)cc2)cc1,1,,29,80,dioxane,This work / SAR Modeling,phosphine,304.37300000000005,4.370060000000003,0.0,0,0,3,3,1,0,22
P(p-Tol)3_80C_benzene,Cc1ccc(P(c2ccc(C)cc2)c2ccc(C)cc2)cc1,1,,27,80,benzene,This work / SAR Modeling,phosphine,304.37300000000005,4.370060000000003,0.0,0,0,3,3,1,0,22
P(p-Tol)3_80C_xylene,Cc1ccc(P(c2ccc(C)cc2)c2ccc(C)cc2)cc1,1,,30,80,xylene,This work / SAR Modeling,phosphine,304.37300000000005,4.370060000000003,0.0,0,0,3,3,1,0,22
P(p-Tol)3_90C_toluene,Cc1ccc(P(c2ccc(C)cc2)c2ccc(C)cc2)cc1,1,,27,90,toluene,This work / SAR Modeling,phosphine,304.37300000000005,4.370060000000003,0.0,0,0,3,3,1,0,22
P(p-Tol)3_90C_THF,Cc1ccc(P(c2ccc(C)cc2)c2ccc(C)cc2)cc1,1,,24,90,THF,This work / SAR Modeling,phosphine,304.37300000000005,4.370060000000003,0.0,0,0,3,3,1,0,22
P(p-Tol)3_90C_dioxane,Cc1ccc(P(c2ccc(C)cc2)c2ccc(C)cc2)cc1,1,,28,90,dioxane,This work / SAR Modeling,phosphine,304.37300000000005,4.370060000000003,0.0,0,0,3,3,1,0,22
P(p-Tol)3_90C_hexane,Cc1ccc(P(c2ccc(C)cc2)c2ccc(C)cc2)cc1,1,,31,90,hexane,This work / SAR Modeling,phosphine,304.37300000000005,4.370060000000003,0.0,0,0,3,3,1,0,22
P(p-Tol)3_90C_benzene,Cc1ccc(P(c2ccc(C)cc2)c2ccc(C)cc2)cc1,1,,30,90,benzene,This work / SAR Modeling,phosphine,304.37300000000005,4.370060000000003,0.0,0,0,3,3,1,0,22
P(p-Tol)3_90C_xylene,Cc1ccc(P(c2ccc(C)cc2)c2ccc(C)cc2)cc1,1,,28,90,xylene,This work / SAR Modeling,phosphine,304.37300000000005,4.370060000000003,0.0,0,0,3,3,1,0,22
P(p-Tol)3_100C_toluene,Cc1ccc(P(c2ccc(C)cc2)c2ccc(C)cc2)cc1,1,,23,100,toluene,This work / SAR Modeling,phosphine,304.37300000000005,4.370060000000003,0.0,0,0,3,3,1,0,22
P(p-Tol)3_100C_dioxane,Cc1ccc(P(c2ccc(C)cc2)c2ccc(C)cc2)cc1,1,,27,100,dioxane,This work / SAR Modeling,phosphine,304.37300000000005,4.370060000000003,0.0,0,0,3,3,1,0,22
P(p-Tol)3_100C_hexane,Cc1ccc(P(c2ccc(C)cc2)c2ccc(C)cc2)cc1,1,,27,100,hexane,This work / SAR Modeling,phosphine,304.37300000000005,4.370060000000003,0.0,0,0,3,3,1,0,22
P(p-Tol)3_100C_benzene,Cc1ccc(P(c2ccc(C)cc2)c2ccc(C)cc2)cc1,1,,30,100,benzene,This work / SAR Modeling,phosphine,304.37300000000005,4.370060000000003,0.0,0,0,3,3,1,0,22
P(p-Tol)3_110C_toluene,Cc1ccc(P(c2ccc(C)cc2)c2ccc(C)cc2)cc1,1,,28,110,toluene,This work / SAR Modeling,phosphine,304.37300000000005,4.370060000000003,0.0,0,0,3,3,1,0,22
P(p-Tol)3_110C_dioxane,Cc1ccc(P(c2ccc(C)cc2)c2ccc(C)cc2)cc1,1,,24,110,dioxane,This work / SAR Modeling,phosphine,304.37300000000005,4.370060000000003,0.0,0,0,3,3,1,0,22
P(p-Tol)3_110C_hexane,Cc1ccc(P(c2ccc(C)cc2)c2ccc(C)cc2)cc1,1,,27,110,hexane,This work / SAR Modeling,phosphine,304.37300000000005,4.370060000000003,0.0,0,0,3,3,1,0,22
P(p-Tol)3_110C_benzene,Cc1ccc(P(c2ccc(C)cc2)c2ccc(C)cc2)cc1,1,,28,110,benzene,This work / SAR Modeling,phosphine,304.37300000000005,4.370060000000003,0.0,0,0,3,3,1,0,22
P(p-Tol)3_120C_toluene,Cc1ccc(P(c2ccc(C)cc2)c2ccc(C)cc2)cc1,1,,28,120,toluene,This work / SAR Modeling,phosphine,304.37300000000005,4.370060000000003,0.0,0,0,3,3,1,0,22
P(p-Tol)3_120C_dioxane,Cc1ccc(P(c2ccc(C)cc2)c2ccc(C)cc2)cc1,1,,26,120,dioxane,This work / SAR Modeling,phosphine,304.37300000000005,4.370060000000003,0.0,0,0,3,3,1,0,22
P(p-Tol)3_120C_benzene,Cc1ccc(P(c2ccc(C)cc2)c2ccc(C)cc2)cc1,1,,27,120,benzene,This work / SAR Modeling,phosphine,304.37300000000005,4.370060000000003,0.0,0,0,3,3,1,0,22
P(p-Tol)3_120C_xylene,Cc1ccc(P(c2ccc(C)cc2)c2ccc(C)cc2)cc1,1,,27,120,xylene,This work / SAR Modeling,phosphine,304.37300000000005,4.370060000000003,0.0,0,0,3,3,1,0,22
P(p-Tol)3_130C_toluene,Cc1ccc(P(c2ccc(C)cc2)c2ccc(C)cc2)cc1,1,,23,130,toluene,This work / SAR Modeling,phosphine,304.37300000000005,4.370060000000003,0.0,0,0,3,3,1,0,22
P(p-Tol)3_130C_hexane,Cc1ccc(P(c2ccc(C)cc2)c2ccc(C)cc2)cc1,1,,27,130,hexane,This work / SAR Modeling,phosphine,304.37300000000005,4.370060000000003,0.0,0,0,3,3,1,0,22
P(p-Tol)3_130C_xylene,Cc1ccc(P(c2ccc(C)cc2)c2ccc(C)cc2)cc1,1,,25,130,xylene,This work / SAR Modeling,phosphine,304.37300000000005,4.370060000000003,0.0,0,0,3,3,1,0,22
P(m-Tol)3,Cc1cc(ccc1)P(c1cc(C)ccc1)c1cc(C)ccc1,1,,30,100,toluene,"J. Chem. Soc., Chem. Commun. 1973, 876",phosphine,304.37300000000005,4.370060000000003,0.0,0,0,3,3,1,0,22
P(m-Tol)3_70C_hexane,Cc1cc(ccc1)P(c1cc(C)ccc1)c1cc(C)ccc1,1,,34,70,hexane,This work / SAR Modeling,phosphine,304.37300000000005,4.370060000000003,0.0,0,0,3,3,1,0,22
P(m-Tol)3_70C_benzene,Cc1cc(ccc1)P(c1cc(C)ccc1)c1cc(C)ccc1,1,,32,70,benzene,This work / SAR Modeling,phosphine,304.37300000000005,4.370060000000003,0.0,0,0,3,3,1,0,22
P(m-Tol)3_80C_dioxane,Cc1cc(ccc1)P(c1cc(C)ccc1)c1cc(C)ccc1,1,,36,80,dioxane,This work / SAR Modeling,phosphine,304.37300000000005,4.370060000000003,0.0,0,0,3,3,1,0,22
P(m-Tol)3_80C_hexane,Cc1cc(ccc1)P(c1cc(C)ccc1)c1cc(C)ccc1,1,,35,80,hexane,This work / SAR Modeling,phosphine,304.37300000000005,4.370060000000003,0.0,0,0,3,3,1,0,22
P(m-Tol)3_80C_benzene,Cc1cc(ccc1)P(c1cc(C)ccc1)c1cc(C)ccc1,1,,33,80,benzene,This work / SAR Modeling,phosphine,304.37300000000005,4.370060000000003,0.0,0,0,3,3,1,0,22
P(m-Tol)3_90C_THF,Cc1cc(ccc1)P(c1cc(C)ccc1)c1cc(C)ccc1,1,,33,90,THF,This work / SAR Modeling,phosphine,304.37300000000005,4.370060000000003,0.0,0,0,3,3,1,0,22
P(m-Tol)3_90C_dioxane,Cc1cc(ccc1)P(c1cc(C)ccc1)c1cc(C)ccc1,1,,30,90,dioxane,This work / SAR Modeling,phosphine,304.37300000000005,4.370060000000003,0.0,0,0,3,3,1,0,22
P(m-Tol)3_90C_hexane,Cc1cc(ccc1)P(c1cc(C)ccc1)c1cc(C)ccc1,1,,33,90,hexane,This work / SAR Modeling,phosphine,304.37300000000005,4.370060000000003,0.0,0,0,3,3,1,0,22
P(m-Tol)3_90C_benzene,Cc1cc(ccc1)P(c1cc(C)ccc1)c1cc(C)ccc1,1,,31,90,benzene,This work / SAR Modeling,phosphine,304.37300000000005,4.370060000000003,0.0,0,0,3,3,1,0,22
P(m-Tol)3_90C_xylene,Cc1cc(ccc1)P(c1cc(C)ccc1)c1cc(C)ccc1,1,,30,90,xylene,This work / SAR Modeling,phosphine,304.37300000000005,4.370060000000003,0.0,0,0,3,3,1,0,22
P(m-Tol)3_100C_toluene,Cc1cc(ccc1)P(c1cc(C)ccc1)c1cc(C)ccc1,1,,27,100,toluene,This work / SAR Modeling,phosphine,304.37300000000005,4.370060000000003,0.0,0,0,3,3,1,0,22
P(m-Tol)3_100C_dioxane,Cc1cc(ccc1)P(c1cc(C)ccc1)c1cc(C)ccc1,1,,28,100,dioxane,This work / SAR Modeling,phosphine,304.37300000000005,4.370060000000003,0.0,0,0,3,3,1,0,22
P(m-Tol)3_100C_hexane,Cc1cc(ccc1)P(c1cc(C)ccc1)c1cc(C)ccc1,1,,30,100,hexane,This work / SAR Modeling,phosphine,304.37300000000005,4.370060000000003,0.0,0,0,3,3,1,0,22
P(m-Tol)3_100C_xylene,Cc1cc(ccc1)P(c1cc(C)ccc1)c1cc(C)ccc1,1,,28,100,xylene,This work / SAR Modeling,phosphine,304.37300000000005,4.370060000000003,0.0,0,0,3,3,1,0,22
P(m-Tol)3_110C_THF,Cc1cc(ccc1)P(c1cc(C)ccc1)c1cc(C)ccc1,1,,24,110,THF,This work / SAR Modeling,phosphine,304.37300000000005,4.370060000000003,0.0,0,0,3,3,1,0,22
P(m-Tol)3_110C_dioxane,Cc1cc(ccc1)P(c1cc(C)ccc1)c1cc(C)ccc1,1,,31,110,dioxane,This work / SAR Modeling,phosphine,304.37300000000005,4.370060000000003,0.0,0,0,3,3,1,0,22
P(m-Tol)3_110C_benzene,Cc1cc(ccc1)P(c1cc(C)ccc1)c1cc(C)ccc1,1,,28,110,benzene,This work / SAR Modeling,phosphine,304.37300000000005,4.370060000000003,0.0,0,0,3,3,1,0,22
P(m-Tol)3_110C_xylene,Cc1cc(ccc1)P(c1cc(C)ccc1)c1cc(C)ccc1,1,,31,110,xylene,This work / SAR Modeling,phosphine,304.37300000000005,4.370060000000003,0.0,0,0,3,3,1,0,22
P(m-Tol)3_120C_toluene,Cc1cc(ccc1)P(c1cc(C)ccc1)c1cc(C)ccc1,1,,30,120,toluene,This work / SAR Modeling,phosphine,304.37300000000005,4.370060000000003,0.0,0,0,3,3,1,0,22
P(m-Tol)3_120C_THF,Cc1cc(ccc1)P(c1cc(C)ccc1)c1cc(C)ccc1,1,,26,120,THF,This work / SAR Modeling,phosphine,304.37300000000005,4.370060000000003,0.0,0,0,3,3,1,0,22
P(m-Tol)3_120C_hexane,Cc1cc(ccc1)P(c1cc(C)ccc1)c1cc(C)ccc1,1,,28,120,hexane,This work / SAR Modeling,phosphine,304.37300000000005,4.370060000000003,0.0,0,0,3,3,1,0,22
P(m-Tol)3_120C_benzene,Cc1cc(ccc1)P(c1cc(C)ccc1)c1cc(C)ccc1,1,,26,120,benzene,This work / SAR Modeling,phosphine,304.37300000000005,4.370060000000003,0.0,0,0,3,3,1,0,22
P(m-Tol)3_120C_xylene,Cc1cc(ccc1)P(c1cc(C)ccc1)c1cc(C)ccc1,1,,29,120,xylene,This work / SAR Modeling,phosphine,304.37300000000005,4.370060000000003,0.0,0,0,3,3,1,0,22
P(m-Tol)3_130C_toluene,Cc1cc(ccc1)P(c1cc(C)ccc1)c1cc(C)ccc1,1,,24,130,toluene,This work / SAR Modeling,phosphine,304.37300000000005,4.370060000000003,0.0,0,0,3,3,1,0,22
P(m-Tol)3_130C_dioxane,Cc1cc(ccc1)P(c1cc(C)ccc1)c1cc(C)ccc1,1,,26,130,dioxane,This work / SAR Modeling,phosphine,304.37300000000005,4.370060000000003,0.0,0,0,3,3,1,0,22
P(m-Tol)3_130C_hexane,Cc1cc(ccc1)P(c1cc(C)ccc1)c1cc(C)ccc1,1,,28,130,hexane,This work / SAR Modeling,phosphine,304.37300000000005,4.370060000000003,0.0,0,0,3,3,1,0,22
P(m-Tol)3_130C_benzene,Cc1cc(ccc1)P(c1cc(C)ccc1)c1cc(C)ccc1,1,,28,130,benzene,This work / SAR Modeling,phosphine,304.37300000000005,4.370060000000003,0.0,0,0,3,3,1,0,22
P(m-Tol)3_130C_xylene,Cc1cc(ccc1)P(c1cc(C)ccc1)c1cc(C)ccc1,1,,30,130,xylene,This work / SAR Modeling,phosphine,304.37300000000005,4.370060000000003,0.0,0,0,3,3,1,0,22
PCy3,C1CCC(CC1)P(C1CCCCC1)C1CCCCC1,1,,18,100,toluene,"Adv. Synth. Catal. 2004, 346, 877",phosphine,280.436,6.466400000000006,0.0,0,0,3,3,1,0,19
PCy3_70C_toluene,C1CCC(CC1)P(C1CCCCC1)C1CCCCC1,1,,21,70,toluene,This work / SAR Modeling,phosphine,280.436,6.466400000000006,0.0,0,0,3,3,1,0,19
PCy3_70C_THF,C1CCC(CC1)P(C1CCCCC1)C1CCCCC1,1,,20,70,THF,This work / SAR Modeling,phosphine,280.436,6.466400000000006,0.0,0,0,3,3,1,0,19
PCy3_70C_hexane,C1CCC(CC1)P(C1CCCCC1)C1CCCCC1,1,,23,70,hexane,This work / SAR Modeling,phosphine,280.436,6.466400000000006,0.0,0,0,3,3,1,0,19
PCy3_70C_benzene,C1CCC(CC1)P(C1CCCCC1)C1CCCCC1,1,,17,70,benzene,This work / SAR Modeling,phosphine,280.436,6.466400000000006,0.0,0,0,3,3,1,0,19
PCy3_70C_xylene,C1CCC(CC1)P(C1CCCCC1)C1CCCCC1,1,,20,70,xylene,This work / SAR Modeling,phosphine,280.436,6.466400000000006,0.0,0,0,3,3,1,0,19
PCy3_80C_toluene,C1CCC(CC1)P(C1CCCCC1)C1CCCCC1,1,,19,80,toluene,This work / SAR Modeling,phosphine,280.436,6.466400000000006,0.0,0,0,3,3,1,0,19
PCy3_80C_THF,C1CCC(CC1)P(C1CCCCC1)C1CCCCC1,1,,16,80,THF,This work / SAR Modeling,phosphine,280.436,6.466400000000006,0.0,0,0,3,3,1,0,19
PCy3_80C_dioxane,C1CCC(CC1)P(C1CCCCC1)C1CCCCC1,1,,21,80,dioxane,This work / SAR Modeling,phosphine,280.436,6.466400000000006,0.0,0,0,3,3,1,0,19
PCy3_80C_hexane,C1CCC(CC1)P(C1CCCCC1)C1CCCCC1,1,,18,80,hexane,This work / SAR Modeling,phosphine,280.436,6.466400000000006,0.0,0,0,3,3,1,0,19
PCy3_80C_benzene,C1CCC(CC1)P(C1CCCCC1)C1CCCCC1,1,,18,80,benzene,This work / SAR Modeling,phosphine,280.436,6.466400000000006,0.0,0,0,3,3,1,0,19
PCy3_80C_xylene,C1CCC(CC1)P(C1CCCCC1)C1CCCCC1,1,,19,80,xylene,This work / SAR Modeling,phosphine,280.436,6.466400000000006,0.0,0,0,3,3,1,0,19
PCy3_90C_toluene,C1CCC(CC1)P(C1CCCCC1)C1CCCCC1,1,,17,90,toluene,This work / SAR Modeling,phosphine,280.436,6.466400000000006,0.0,0,0,3,3,1,0,19
PCy3_90C_hexane,C1CCC(CC1)P(C1CCCCC1)C1CCCCC1,1,,18,90,hexane,This work / SAR Modeling,phosphine,280.436,6.466400000000006,0.0,0,0,3,3,1,0,19
PCy3_90C_xylene,C1CCC(CC1)P(C1CCCCC1)C1CCCCC1,1,,16,90,xylene,This work / SAR Modeling,phosphine,280.436,6.466400000000006,0.0,0,0,3,3,1,0,19
PCy3_100C_dioxane,C1CCC(CC1)P(C1CCCCC1)C1CCCCC1,1,,15,100,dioxane,This work / SAR Modeling,phosphine,280.436,6.466400000000006,0.0,0,0,3,3,1,0,19
PCy3_100C_hexane,C1CCC(CC1)P(C1CCCCC1)C1CCCCC1,1,,18,100,hexane,This work / SAR Modeling,phosphine,280.436,6.466400000000006,0.0,0,0,3,3,1,0,19
PCy3_100C_benzene,C1CCC(CC1)P(C1CCCCC1)C1CCCCC1,1,,18,100,benzene,This work / SAR Modeling,phosphine,280.436,6.466400000000006,0.0,0,0,3,3,1,0,19
PCy3_100C_xylene,C1CCC(CC1)P(C1CCCCC1)C1CCCCC1,1,,17,100,xylene,This work / SAR Modeling,phosphine,280.436,6.466400000000006,0.0,0,0,3,3,1,0,19
PCy3_110C_toluene,C1CCC(CC1)P(C1CCCCC1)C1CCCCC1,1,,17,110,toluene,This work / SAR Modeling,phosphine,280.436,6.466400000000006,0.0,0,0,3,3,1,0,19
PCy3_110C_THF,C1CCC(CC1)P(C1CCCCC1)C1CCCCC1,1,,17,110,THF,This work / SAR Modeling,phosphine,280.436,6.466400000000006,0.0,0,0,3,3,1,0,19
PCy3_110C_dioxane,C1CCC(CC1)P(C1CCCCC1)C1CCCCC1,1,,15,110,dioxane,This work / SAR Modeling,phosphine,280.436,6.466400000000006,0.0,0,0,3,3,1,0,19
PCy3_110C_xylene,C1CCC(CC1)P(C1CCCCC1)C1CCCCC1,1,,19,110,xylene,This work / SAR Modeling,phosphine,280.436,6.466400000000006,0.0,0,0,3,3,1,0,19
PCy3_120C_toluene,C1CCC(CC1)P(C1CCCCC1)C1CCCCC1,1,,16,120,toluene,This work / SAR Modeling,phosphine,280.436,6.466400000000006,0.0,0,0,3,3,1,0,19
PCy3_120C_dioxane,C1CCC(CC1)P(C1CCCCC1)C1CCCCC1,1,,18,120,dioxane,This work / SAR Modeling,phosphine,280.436,6.466400000000006,0.0,0,0,3,3,1,0,19
PCy3_120C_hexane,C1CCC(CC1)P(C1CCCCC1)C1CCCCC1,1,,16,120,hexane,This work / SAR Modeling,phosphine,280.436,6.466400000000006,0.0,0,0,3,3,1,0,19
PCy3_120C_benzene,C1CCC(CC1)P(C1CCCCC1)C1CCCCC1,1,,16,120,benzene,This work / SAR Modeling,phosphine,280.436,6.466400000000006,0.0,0,0,3,3,1,0,19
PCy3_120C_xylene,C1CCC(CC1)P(C1CCCCC1)C1CCCCC1,1,,14,120,xylene,This work / SAR Modeling,phosphine,280.436,6.466400000000006,0.0,0,0,3,3,1,0,19
PCy3_130C_toluene,C1CCC(CC1)P(C1CCCCC1)C1CCCCC1,1,,14,130,toluene,This work / SAR Modeling,phosphine,280.436,6.466400000000006,0.0,0,0,3,3,1,0,19
PCy3_130C_THF,C1CCC(CC1)P(C1CCCCC1)C1CCCCC1,1,,17,130,THF,This work / SAR Modeling,phosphine,280.436,6.466400000000006,0.0,0,0,3,3,1,0,19
PCy3_130C_hexane,C1CCC(CC1)P(C1CCCCC1)C1CCCCC1,1,,15,130,hexane,This work / SAR Modeling,phosphine,280.436,6.466400000000006,0.0,0,0,3,3,1,0,19
PCy3_130C_xylene,C1CCC(CC1)P(C1CCCCC1)C1CCCCC1,1,,12,130,xylene,This work / SAR Modeling,phosphine,280.436,6.466400000000006,0.0,0,0,3,3,1,0,19
P(iPr)3,CC(C)P(C(C)C)C(C)C,1,,15,100,toluene,This work / SAR Modeling,phosphine,160.24099999999999,3.693500000000003,0.0,0,0,3,0,1,0,10
P(iPr)3_70C_toluene,CC(C)P(C(C)C)C(C)C,1,,16,70,toluene,This work / SAR Modeling,phosphine,160.24099999999999,3.693500000000003,0.0,0,0,3,0,1,0,10
P(iPr)3_70C_THF,CC(C)P(C(C)C)C(C)C,1,,17,70,THF,This work / SAR Modeling,phosphine,160.24099999999999,3.693500000000003,0.0,0,0,3,0,1,0,10
P(iPr)3_70C_dioxane,CC(C)P(C(C)C)C(C)C,1,,14,70,dioxane,This work / SAR Modeling,phosphine,160.24099999999999,3.693500000000003,0.0,0,0,3,0,1,0,10
P(iPr)3_70C_hexane,CC(C)P(C(C)C)C(C)C,1,,18,70,hexane,This work / SAR Modeling,phosphine,160.24099999999999,3.693500000000003,0.0,0,0,3,0,1,0,10
P(iPr)3_70C_benzene,CC(C)P(C(C)C)C(C)C,1,,12,70,benzene,This work / SAR Modeling,phosphine,160.24099999999999,3.693500000000003,0.0,0,0,3,0,1,0,10
P(iPr)3_70C_xylene,CC(C)P(C(C)C)C(C)C,1,,19,70,xylene,This work / SAR Modeling,phosphine,160.24099999999999,3.693500000000003,0.0,0,0,3,0,1,0,10
P(iPr)3_80C_toluene,CC(C)P(C(C)C)C(C)C,1,,15,80,toluene,This work / SAR Modeling,phosphine,160.24099999999999,3.693500000000003,0.0,0,0,3,0,1,0,10
P(iPr)3_80C_THF,CC(C)P(C(C)C)C(C)C,1,,16,80,THF,This work / SAR Modeling,phosphine,160.24099999999999,3.693500000000003,0.0,0,0,3,0,1,0,10
P(iPr)3_80C_hexane,CC(C)P(C(C)C)C(C)C,1,,17,80,hexane,This work / SAR Modeling,phosphine,160.24099999999999,3.693500000000003,0.0,0,0,3,0,1,0,10
P(iPr)3_80C_benzene,CC(C)P(C(C)C)C(C)C,1,,18,80,benzene,This work / SAR Modeling,phosphine,160.24099999999999,3.693500000000003,0.0,0,0,3,0,1,0,10
P(iPr)3_90C_dioxane,CC(C)P(C(C)C)C(C)C,1,,13,90,dioxane,This work / SAR Modeling,phosphine,160.24099999999999,3.693500000000003,0.0,0,0,3,0,1,0,10
P(iPr)3_90C_hexane,CC(C)P(C(C)C)C(C)C,1,,16,90,hexane,This work / SAR Modeling,phosphine,160.24099999999999,3.693500000000003,0.0,0,0,3,0,1,0,10
P(iPr)3_100C_THF,CC(C)P(C(C)C)C(C)C,1,,13,100,THF,This work / SAR Modeling,phosphine,160.24099999999999,3.693500000000003,0.0,0,0,3,0,1,0,10
P(iPr)3_100C_hexane,CC(C)P(C(C)C)C(C)C,1,,16,100,hexane,This work / SAR Modeling,phosphine,160.24099999999999,3.693500000000003,0.0,0,0,3,0,1,0,10
P(iPr)3_100C_xylene,CC(C)P(C(C)C)C(C)C,1,,16,100,xylene,This work / SAR Modeling,phosphine,160.24099999999999,3.693500000000003,0.0,0,0,3,0,1,0,10
P(iPr)3_110C_toluene,CC(C)P(C(C)C)C(C)C,1,,13,110,toluene,This work / SAR Modeling,phosphine,160.24099999999999,3.693500000000003,0.0,0,0,3,0,1,0,10
P(iPr)3_110C_THF,CC(C)P(C(C)C)C(C)C,1,,15,110,THF,This work / SAR Modeling,phosphine,160.24099999999999,3.693500000000003,0.0,0,0,3,0,1,0,10
P(iPr)3_110C_hexane,CC(C)P(C(C)C)C(C)C,1,,13,110,hexane,This work / SAR Modeling,phosphine,160.24099999999999,3.693500000000003,0.0,0,0,3,0,1,0,10
P(iPr)3_110C_xylene,CC(C)P(C(C)C)C(C)C,1,,12,110,xylene,This work / SAR Modeling,phosphine,160.24099999999999,3.693500000000003,0.0,0,0,3,0,1,0,10
P(iPr)3_120C_toluene,CC(C)P(C(C)C)C(C)C,1,,15,120,toluene,This work / SAR Modeling,phosphine,160.24099999999999,3.693500000000003,0.0,0,0,3,0,1,0,10
P(iPr)3_120C_THF,CC(C)P(C(C)C)C(C)C,1,,14,120,THF,This work / SAR Modeling,phosphine,160.24099999999999,3.693500000000003,0.0,0,0,3,0,1,0,10
P(iPr)3_120C_dioxane,CC(C)P(C(C)C)C(C)C,1,,15,120,dioxane,This work / SAR Modeling,phosphine,160.24099999999999,3.693500000000003,0.0,0,0,3,0,1,0,10
P(iPr)3_120C_hexane,CC(C)P(C(C)C)C(C)C,1,,18,120,hexane,This work / SAR Modeling,phosphine,160.24099999999999,3.693500000000003,0.0,0,0,3,0,1,0,10
P(iPr)3_120C_benzene,CC(C)P(C(C)C)C(C)C,1,,12,120,benzene,This work / SAR Modeling,phosphine,160.24099999999999,3.693500000000003,0.0,0,0,3,0,1,0,10
P(iPr)3_120C_xylene,CC(C)P(C(C)C)C(C)C,1,,14,120,xylene,This work / SAR Modeling,phosphine,160.24099999999999,3.693500000000003,0.0,0,0,3,0,1,0,10
P(iPr)3_130C_toluene,CC(C)P(C(C)C)C(C)C,1,,14,130,toluene,This work / SAR Modeling,phosphine,160.24099999999999,3.693500000000003,0.0,0,0,3,0,1,0,10
P(iPr)3_130C_THF,CC(C)P(C(C)C)C(C)C,1,,12,130,THF,This work / SAR Modeling,phosphine,160.24099999999999,3.693500000000003,0.0,0,0,3,0,1,0,10
P(iPr)3_130C_hexane,CC(C)P(C(C)C)C(C)C,1,,12,130,hexane,This work / SAR Modeling,phosphine,160.24099999999999,3.693500000000003,0.0,0,0,3,0,1,0,10
P(iPr)3_130C_benzene,CC(C)P(C(C)C)C(C)C,1,,13,130,benzene,This work / SAR Modeling,phosphine,160.24099999999999,3.693500000000003,0.0,0,0,3,0,1,0,10
P(iPr)3_130C_xylene,CC(C)P(C(C)C)C(C)C,1,,16,130,xylene,This work / SAR Modeling,phosphine,160.24099999999999,3.693500000000003,0.0,0,0,3,0,1,0,10
P(tBu)3,CC(C)(C)P(C(C)(C)C)C(C)(C)C,1,,12,100,toluene,"US Patent 3,903,120",phosphine,202.32199999999997,4.863800000000005,0.0,0,0,0,0,1,0,13
P(tBu)3_70C_dioxane,CC(C)(C)P(C(C)(C)C)C(C)(C)C,1,,14,70,dioxane,This work / SAR Modeling,phosphine,202.32199999999997,4.863800000000005,0.0,0,0,0,0,1,0,13
P(tBu)3_70C_hexane,CC(C)(C)P(C(C)(C)C)C(C)(C)C,1,,16,70,hexane,This work / SAR Modeling,phosphine,202.32199999999997,4.863800000000005,0.0,0,0,0,0,1,0,13
P(tBu)3_70C_benzene,CC(C)(C)P(C(C)(C)C)C(C)(C)C,1,,15,70,benzene,This work / SAR Modeling,phosphine,202.32199999999997,4.863800000000005,0.0,0,0,0,0,1,0,13
P(tBu)3_80C_toluene,CC(C)(C)P(C(C)(C)C)C(C)(C)C,1,,13,80,toluene,This work / SAR Modeling,phosphine,202.32199999999997,4.863800000000005,0.0,0,0,0,0,1,0,13
P(tBu)3_80C_dioxane,CC(C)(C)P(C(C)(C)C)C(C)(C)C,1,,12,80,dioxane,This work / SAR Modeling,phosphine,202.32199999999997,4.863800000000005,0.0,0,0,0,0,1,0,13
P(tBu)3_80C_hexane,CC(C)(C)P(C(C)(C)C)C(C)(C)C,1,,12,80,hexane,This work / SAR Modeling,phosphine,202.32199999999997,4.863800000000005,0.0,0,0,0,0,1,0,13
P(tBu)3_80C_benzene,CC(C)(C)P(C(C)(C)C)C(C)(C)C,1,,13,80,benzene,This work / SAR Modeling,phosphine,202.32199999999997,4.863800000000005,0.0,0,0,0,0,1,0,13
P(tBu)3_90C_toluene,CC(C)(C)P(C(C)(C)C)C(C)(C)C,1,,12,90,toluene,This work / SAR Modeling,phosphine,202.32199999999997,4.863800000000005,0.0,0,0,0,0,1,0,13
P(tBu)3_90C_THF,CC(C)(C)P(C(C)(C)C)C(C)(C)C,1,,13,90,THF,This work / SAR Modeling,phosphine,202.32199999999997,4.863800000000005,0.0,0,0,0,0,1,0,13
P(tBu)3_90C_dioxane,CC(C)(C)P(C(C)(C)C)C(C)(C)C,1,,12,90,dioxane,This work / SAR Modeling,phosphine,202.32199999999997,4.863800000000005,0.0,0,0,0,0,1,0,13
P(tBu)3_90C_hexane,CC(C)(C)P(C(C)(C)C)C(C)(C)C,1,,16,90,hexane,This work / SAR Modeling,phosphine,202.32199999999997,4.863800000000005,0.0,0,0,0,0,1,0,13
P(tBu)3_90C_benzene,CC(C)(C)P(C(C)(C)C)C(C)(C)C,1,,14,90,benzene,This work / SAR Modeling,phosphine,202.32199999999997,4.863800000000005,0.0,0,0,0,0,1,0,13
P(tBu)3_90C_xylene,CC(C)(C)P(C(C)(C)C)C(C)(C)C,1,,12,90,xylene,This work / SAR Modeling,phosphine,202.32199999999997,4.863800000000005,0.0,0,0,0,0,1,0,13
P(tBu)3_100C_benzene,CC(C)(C)P(C(C)(C)C)C(C)(C)C,1,,12,100,benzene,This work / SAR Modeling,phosphine,202.32199999999997,4.863800000000005,0.0,0,0,0,0,1,0,13
P(tBu)3_110C_THF,CC(C)(C)P(C(C)(C)C)C(C)(C)C,1,,12,110,THF,This work / SAR Modeling,phosphine,202.32199999999997,4.863800000000005,0.0,0,0,0,0,1,0,13
P(tBu)3_110C_dioxane,CC(C)(C)P(C(C)(C)C)C(C)(C)C,1,,12,110,dioxane,This work / SAR Modeling,phosphine,202.32199999999997,4.863800000000005,0.0,0,0,0,0,1,0,13
P(tBu)3_110C_xylene,CC(C)(C)P(C(C)(C)C)C(C)(C)C,1,,12,110,xylene,This work / SAR Modeling,phosphine,202.32199999999997,4.863800000000005,0.0,0,0,0,0,1,0,13
P(tBu)3_120C_toluene,CC(C)(C)P(C(C)(C)C)C(C)(C)C,1,,12,120,toluene,This work / SAR Modeling,phosphine,202.32199999999997,4.863800000000005,0.0,0,0,0,0,1,0,13
P(tBu)3_120C_THF,CC(C)(C)P(C(C)(C)C)C(C)(C)C,1,,12,120,THF,This work / SAR Modeling,phosphine,202.32199999999997,4.863800000000005,0.0,0,0,0,0,1,0,13
P(tBu)3_120C_dioxane,CC(C)(C)P(C(C)(C)C)C(C)(C)C,1,,13,120,dioxane,This work / SAR Modeling,phosphine,202.32199999999997,4.863800000000005,0.0,0,0,0,0,1,0,13
P(tBu)3_120C_hexane,CC(C)(C)P(C(C)(C)C)C(C)(C)C,1,,12,120,hexane,This work / SAR Modeling,phosphine,202.32199999999997,4.863800000000005,0.0,0,0,0,0,1,0,13
P(tBu)3_120C_benzene,CC(C)(C)P(C(C)(C)C)C(C)(C)C,1,,13,120,benzene,This work / SAR Modeling,phosphine,202.32199999999997,4.863800000000005,0.0,0,0,0,0,1,0,13
P(tBu)3_120C_xylene,CC(C)(C)P(C(C)(C)C)C(C)(C)C,1,,14,120,xylene,This work / SAR Modeling,phosphine,202.32199999999997,4.863800000000005,0.0,0,0,0,0,1,0,13
P(tBu)3_130C_toluene,CC(C)(C)P(C(C)(C)C)C(C)(C)C,1,,12,130,toluene,This work / SAR Modeling,phosphine,202.32199999999997,4.863800000000005,0.0,0,0,0,0,1,0,13
P(tBu)3_130C_THF,CC(C)(C)P(C(C)(C)C)C(C)(C)C,1,,12,130,THF,This work / SAR Modeling,phosphine,202.32199999999997,4.863800000000005,0.0,0,0,0,0,1,0,13
P(tBu)3_130C_hexane,CC(C)(C)P(C(C)(C)C)C(C)(C)C,1,,12,130,hexane,This work / SAR Modeling,phosphine,202.32199999999997,4.863800000000005,0.0,0,0,0,0,1,0,13
P(tBu)3_130C_benzene,CC(C)(C)P(C(C)(C)C)C(C)(C)C,1,,15,130,benzene,This work / SAR Modeling,phosphine,202.32199999999997,4.863800000000005,0.0,0,0,0,0,1,0,13
P(nBu)3,CCCCP(CCCC)CCCC,1,,22,100,toluene,This work / SAR Modeling,phosphine,202.32199999999995,4.868600000000004,0.0,0,0,9,0,1,0,13
P(nBu)3_70C_toluene,CCCCP(CCCC)CCCC,1,,22,70,toluene,This work / SAR Modeling,phosphine,202.32199999999995,4.868600000000004,0.0,0,0,9,0,1,0,13
P(nBu)3_70C_THF,CCCCP(CCCC)CCCC,1,,25,70,THF,This work / SAR Modeling,phosphine,202.32199999999995,4.868600000000004,0.0,0,0,9,0,1,0,13
P(nBu)3_70C_hexane,CCCCP(CCCC)CCCC,1,,27,70,hexane,This work / SAR Modeling,phosphine,202.32199999999995,4.868600000000004,0.0,0,0,9,0,1,0,13
P(nBu)3_80C_toluene,CCCCP(CCCC)CCCC,1,,22,80,toluene,This work / SAR Modeling,phosphine,202.32199999999995,4.868600000000004,0.0,0,0,9,0,1,0,13
P(nBu)3_80C_dioxane,CCCCP(CCCC)CCCC,1,,23,80,dioxane,This work / SAR Modeling,phosphine,202.32199999999995,4.868600000000004,0.0,0,0,9,0,1,0,13
P(nBu)3_80C_hexane,CCCCP(CCCC)CCCC,1,,23,80,hexane,This work / SAR Modeling,phosphine,202.32199999999995,4.868600000000004,0.0,0,0,9,0,1,0,13
P(nBu)3_80C_xylene,CCCCP(CCCC)CCCC,1,,25,80,xylene,This work / SAR Modeling,phosphine,202.32199999999995,4.868600000000004,0.0,0,0,9,0,1,0,13
P(nBu)3_90C_toluene,CCCCP(CCCC)CCCC,1,,23,90,toluene,This work / SAR Modeling,phosphine,202.32199999999995,4.868600000000004,0.0,0,0,9,0,1,0,13
P(nBu)3_90C_THF,CCCCP(CCCC)CCCC,1,,22,90,THF,This work / SAR Modeling,phosphine,202.32199999999995,4.868600000000004,0.0,0,0,9,0,1,0,13
P(nBu)3_90C_dioxane,CCCCP(CCCC)CCCC,1,,25,90,dioxane,This work / SAR Modeling,phosphine,202.32199999999995,4.868600000000004,0.0,0,0,9,0,1,0,13
P(nBu)3_90C_hexane,CCCCP(CCCC)CCCC,1,,25,90,hexane,This work / SAR Modeling,phosphine,202.32199999999995,4.868600000000004,0.0,0,0,9,0,1,0,13
P(nBu)3_90C_benzene,CCCCP(CCCC)CCCC,1,,26,90,benzene,This work / SAR Modeling,phosphine,202.32199999999995,4.868600000000004,0.0,0,0,9,0,1,0,13
P(nBu)3_90C_xylene,CCCCP(CCCC)CCCC,1,,26,90,xylene,This work / SAR Modeling,phosphine,202.32199999999995,4.868600000000004,0.0,0,0,9,0,1,0,13
P(nBu)3_100C_THF,CCCCP(CCCC)CCCC,1,,21,100,THF,This work / SAR Modeling,phosphine,202.32199999999995,4.868600000000004,0.0,0,0,9,0,1,0,13
P(nBu)3_100C_dioxane,CCCCP(CCCC)CCCC,1,,22,100,dioxane,This work / SAR Modeling,phosphine,202.32199999999995,4.868600000000004,0.0,0,0,9,0,1,0,13
P(nBu)3_100C_hexane,CCCCP(CCCC)CCCC,1,,24,100,hexane,This work / SAR Modeling,phosphine,202.32199999999995,4.868600000000004,0.0,0,0,9,0,1,0,13
P(nBu)3_100C_benzene,CCCCP(CCCC)CCCC,1,,23,100,benzene,This work / SAR Modeling,phosphine,202.32199999999995,4.868600000000004,0.0,0,0,9,0,1,0,13
P(nBu)3_100C_xylene,CCCCP(CCCC)CCCC,1,,27,100,xylene,This work / SAR Modeling,phosphine,202.32199999999995,4.868600000000004,0.0,0,0,9,0,1,0,13
P(nBu)3_110C_toluene,CCCCP(CCCC)CCCC,1,,20,110,toluene,This work / SAR Modeling,phosphine,202.32199999999995,4.868600000000004,0.0,0,0,9,0,1,0,13
P(nBu)3_110C_THF,CCCCP(CCCC)CCCC,1,,19,110,THF,This work / SAR Modeling,phosphine,202.32199999999995,4.868600000000004,0.0,0,0,9,0,1,0,13
P(nBu)3_110C_dioxane,CCCCP(CCCC)CCCC,1,,24,110,dioxane,This work / SAR Modeling,phosphine,202.32199999999995,4.868600000000004,0.0,0,0,9,0,1,0,13
P(nBu)3_110C_hexane,CCCCP(CCCC)CCCC,1,,23,110,hexane,This work / SAR Modeling,phosphine,202.32199999999995,4.868600000000004,0.0,0,0,9,0,1,0,13
P(nBu)3_110C_benzene,CCCCP(CCCC)CCCC,1,,18,110,benzene,This work / SAR Modeling,phosphine,202.32199999999995,4.868600000000004,0.0,0,0,9,0,1,0,13
P(nBu)3_110C_xylene,CCCCP(CCCC)CCCC,1,,23,110,xylene,This work / SAR Modeling,phosphine,202.32199999999995,4.868600000000004,0.0,0,0,9,0,1,0,13
P(nBu)3_120C_dioxane,CCCCP(CCCC)CCCC,1,,20,120,dioxane,This work / SAR Modeling,phosphine,202.32199999999995,4.868600000000004,0.0,0,0,9,0,1,0,13
P(nBu)3_120C_hexane,CCCCP(CCCC)CCCC,1,,24,120,hexane,This work / SAR Modeling,phosphine,202.32199999999995,4.868600000000004,0.0,0,0,9,0,1,0,13
P(nBu)3_120C_benzene,CCCCP(CCCC)CCCC,1,,17,120,benzene,This work / SAR Modeling,phosphine,202.32199999999995,4.868600000000004,0.0,0,0,9,0,1,0,13
P(nBu)3_120C_xylene,CCCCP(CCCC)CCCC,1,,18,120,xylene,This work / SAR Modeling,phosphine,202.32199999999995,4.868600000000004,0.0,0,0,9,0,1,0,13
P(nBu)3_130C_toluene,CCCCP(CCCC)CCCC,1,,18,130,toluene,This work / SAR Modeling,phosphine,202.32199999999995,4.868600000000004,0.0,0,0,9,0,1,0,13
P(nBu)3_130C_THF,CCCCP(CCCC)CCCC,1,,16,130,THF,This work / SAR Modeling,phosphine,202.32199999999995,4.868600000000004,0.0,0,0,9,0,1,0,13
P(nBu)3_130C_dioxane,CCCCP(CCCC)CCCC,1,,19,130,dioxane,This work / SAR Modeling,phosphine,202.32199999999995,4.868600000000004,0.0,0,0,9,0,1,0,13
P(nBu)3_130C_hexane,CCCCP(CCCC)CCCC,1,,24,130,hexane,This work / SAR Modeling,phosphine,202.32199999999995,4.868600000000004,0.0,0,0,9,0,1,0,13
P(nBu)3_130C_benzene,CCCCP(CCCC)CCCC,1,,14,130,benzene,This work / SAR Modeling,phosphine,202.32199999999995,4.868600000000004,0.0,0,0,9,0,1,0,13
P(nBu)3_130C_xylene,CCCCP(CCCC)CCCC,1,,18,130,xylene,This work / SAR Modeling,phosphine,202.32199999999995,4.868600000000004,0.0,0,0,9,0,1,0,13
P(2-Cl-Ph)3,Clc1cccc(P(c2cccc(Cl)c2)c2cccc(Cl)c2)c1,1,,35,100,toluene,"J. Chem. Soc., Chem. Commun. 1973, 876",phosphine,365.62700000000007,5.405000000000003,0.0,0,0,3,3,1,0,22
P(2-Cl-Ph)3_70C_toluene,Clc1cccc(P(c2cccc(Cl)c2)c2cccc(Cl)c2)c1,1,,40,70,toluene,This work / SAR Modeling,phosphine,365.62700000000007,5.405000000000003,0.0,0,0,3,3,1,0,22
P(2-Cl-Ph)3_70C_THF,Clc1cccc(P(c2cccc(Cl)c2)c2cccc(Cl)c2)c1,1,,37,70,THF,This work / SAR Modeling,phosphine,365.62700000000007,5.405000000000003,0.0,0,0,3,3,1,0,22
P(2-Cl-Ph)3_70C_dioxane,Clc1cccc(P(c2cccc(Cl)c2)c2cccc(Cl)c2)c1,1,,38,70,dioxane,This work / SAR Modeling,phosphine,365.62700000000007,5.405000000000003,0.0,0,0,3,3,1,0,22
P(2-Cl-Ph)3_70C_xylene,Clc1cccc(P(c2cccc(Cl)c2)c2cccc(Cl)c2)c1,1,,40,70,xylene,This work / SAR Modeling,phosphine,365.62700000000007,5.405000000000003,0.0,0,0,3,3,1,0,22
P(2-Cl-Ph)3_80C_toluene,Clc1cccc(P(c2cccc(Cl)c2)c2cccc(Cl)c2)c1,1,,38,80,toluene,This work / SAR Modeling,phosphine,365.62700000000007,5.405000000000003,0.0,0,0,3,3,1,0,22
P(2-Cl-Ph)3_80C_THF,Clc1cccc(P(c2cccc(Cl)c2)c2cccc(Cl)c2)c1,1,,36,80,THF,This work / SAR Modeling,phosphine,365.62700000000007,5.405000000000003,0.0,0,0,3,3,1,0,22
P(2-Cl-Ph)3_80C_hexane,Clc1cccc(P(c2cccc(Cl)c2)c2cccc(Cl)c2)c1,1,,40,80,hexane,This work / SAR Modeling,phosphine,365.62700000000007,5.405000000000003,0.0,0,0,3,3,1,0,22
P(2-Cl-Ph)3_80C_xylene,Clc1cccc(P(c2cccc(Cl)c2)c2cccc(Cl)c2)c1,1,,38,80,xylene,This work / SAR Modeling,phosphine,365.62700000000007,5.405000000000003,0.0,0,0,3,3,1,0,22
P(2-Cl-Ph)3_90C_toluene,Clc1cccc(P(c2cccc(Cl)c2)c2cccc(Cl)c2)c1,1,,40,90,toluene,This work / SAR Modeling,phosphine,365.62700000000007,5.405000000000003,0.0,0,0,3,3,1,0,22
P(2-Cl-Ph)3_90C_benzene,Clc1cccc(P(c2cccc(Cl)c2)c2cccc(Cl)c2)c1,1,,35,90,benzene,This work / SAR Modeling,phosphine,365.62700000000007,5.405000000000003,0.0,0,0,3,3,1,0,22
P(2-Cl-Ph)3_90C_xylene,Clc1cccc(P(c2cccc(Cl)c2)c2cccc(Cl)c2)c1,1,,37,90,xylene,This work / SAR Modeling,phosphine,365.62700000000007,5.405000000000003,0.0,0,0,3,3,1,0,22
P(2-Cl-Ph)3_100C_toluene,Clc1cccc(P(c2cccc(Cl)c2)c2cccc(Cl)c2)c1,1,,33,100,toluene,This work / SAR Modeling,phosphine,365.62700000000007,5.405000000000003,0.0,0,0,3,3,1,0,22
P(2-Cl-Ph)3_100C_dioxane,Clc1cccc(P(c2cccc(Cl)c2)c2cccc(Cl)c2)c1,1,,29,100,dioxane,This work / SAR Modeling,phosphine,365.62700000000007,5.405000000000003,0.0,0,0,3,3,1,0,22
P(2-Cl-Ph)3_100C_benzene,Clc1cccc(P(c2cccc(Cl)c2)c2cccc(Cl)c2)c1,1,,36,100,benzene,This work / SAR Modeling,phosphine,365.62700000000007,5.405000000000003,0.0,0,0,3,3,1,0,22
P(2-Cl-Ph)3_100C_xylene,Clc1cccc(P(c2cccc(Cl)c2)c2cccc(Cl)c2)c1,1,,35,100,xylene,This work / SAR Modeling,phosphine,365.62700000000007,5.405000000000003,0.0,0,0,3,3,1,0,22
P(2-Cl-Ph)3_110C_toluene,Clc1cccc(P(c2cccc(Cl)c2)c2cccc(Cl)c2)c1,1,,33,110,toluene,This work / SAR Modeling,phosphine,365.62700000000007,5.405000000000003,0.0,0,0,3,3,1,0,22
P(2-Cl-Ph)3_110C_THF,Clc1cccc(P(c2cccc(Cl)c2)c2cccc(Cl)c2)c1,1,,29,110,THF,This work / SAR Modeling,phosphine,365.62700000000007,5.405000000000003,0.0,0,0,3,3,1,0,22
P(2-Cl-Ph)3_110C_dioxane,Clc1cccc(P(c2cccc(Cl)c2)c2cccc(Cl)c2)c1,1,,29,110,dioxane,This work / SAR Modeling,phosphine,365.62700000000007,5.405000000000003,0.0,0,0,3,3,1,0,22
P(2-Cl-Ph)3_110C_hexane,Clc1cccc(P(c2cccc(Cl)c2)c2cccc(Cl)c2)c1,1,,34,110,hexane,This work / SAR Modeling,phosphine,365.62700000000007,5.405000000000003,0.0,0,0,3,3,1,0,22
P(2-Cl-Ph)3_110C_benzene,Clc1cccc(P(c2cccc(Cl)c2)c2cccc(Cl)c2)c1,1,,36,110,benzene,This work / SAR Modeling,phosphine,365.62700000000007,5.405000000000003,0.0,0,0,3,3,1,0,22
P(2-Cl-Ph)3_120C_toluene,Clc1cccc(P(c2cccc(Cl)c2)c2cccc(Cl)c2)c1,1,,30,120,toluene,This work / SAR Modeling,phosphine,365.62700000000007,5.405000000000003,0.0,0,0,3,3,1,0,22
P(2-Cl-Ph)3_120C_THF,Clc1cccc(P(c2cccc(Cl)c2)c2cccc(Cl)c2)c1,1,,30,120,THF,This work / SAR Modeling,phosphine,365.62700000000007,5.405000000000003,0.0,0,0,3,3,1,0,22
P(2-Cl-Ph)3_120C_dioxane,Clc1cccc(P(c2cccc(Cl)c2)c2cccc(Cl)c2)c1,1,,32,120,dioxane,This work / SAR Modeling,phosphine,365.62700000000007,5.405000000000003,0.0,0,0,3,3,1,0,22
P(2-Cl-Ph)3_120C_hexane,Clc1cccc(P(c2cccc(Cl)c2)c2cccc(Cl)c2)c1,1,,34,120,hexane,This work / SAR Modeling,phosphine,365.62700000000007,5.405000000000003,0.0,0,0,3,3,1,0,22
P(2-Cl-Ph)3_120C_benzene,Clc1cccc(P(c2cccc(Cl)c2)c2cccc(Cl)c2)c1,1,,34,120,benzene,This work / SAR Modeling,phosphine,365.62700000000007,5.405000000000003,0.0,0,0,3,3,1,0,22
P(2-Cl-Ph)3_130C_THF,Clc1cccc(P(c2cccc(Cl)c2)c2cccc(Cl)c2)c1,1,,27,130,THF,This work / SAR Modeling,phosphine,365.62700000000007,5.405000000000003,0.0,0,0,3,3,1,0,22
P(2-Cl-Ph)3_130C_dioxane,Clc1cccc(P(c2cccc(Cl)c2)c2cccc(Cl)c2)c1,1,,34,130,dioxane,This work / SAR Modeling,phosphine,365.62700000000007,5.405000000000003,0.0,0,0,3,3,1,0,22
P(2-Cl-Ph)3_130C_benzene,Clc1cccc(P(c2cccc(Cl)c2)c2cccc(Cl)c2)c1,1,,35,130,benzene,This work / SAR Modeling,phosphine,365.62700000000007,5.405000000000003,0.0,0,0,3,3,1,0,22
P(4-Cl-Ph)3,Clc1ccc(P(c2ccc(Cl)cc2)c2ccc(Cl)cc2)cc1,1,,32,100,toluene,"Adv. Synth. Catal. 2004, 346, 877",phosphine,365.62700000000007,5.405000000000004,0.0,0,0,3,3,1,0,22
P(4-Cl-Ph)3_70C_toluene,Clc1ccc(P(c2ccc(Cl)cc2)c2ccc(Cl)cc2)cc1,1,,38,70,toluene,This work / SAR Modeling,phosphine,365.62700000000007,5.405000000000004,0.0,0,0,3,3,1,0,22
P(4-Cl-Ph)3_70C_dioxane,Clc1ccc(P(c2ccc(Cl)cc2)c2ccc(Cl)cc2)cc1,1,,33,70,dioxane,This work / SAR Modeling,phosphine,365.62700000000007,5.405000000000004,0.0,0,0,3,3,1,0,22
P(4-Cl-Ph)3_70C_hexane,Clc1ccc(P(c2ccc(Cl)cc2)c2ccc(Cl)cc2)cc1,1,,39,70,hexane,This work / SAR Modeling,phosphine,365.62700000000007,5.405000000000004,0.0,0,0,3,3,1,0,22
P(4-Cl-Ph)3_70C_benzene,Clc1ccc(P(c2ccc(Cl)cc2)c2ccc(Cl)cc2)cc1,1,,36,70,benzene,This work / SAR Modeling,phosphine,365.62700000000007,5.405000000000004,0.0,0,0,3,3,1,0,22
P(4-Cl-Ph)3_80C_THF,Clc1ccc(P(c2ccc(Cl)cc2)c2ccc(Cl)cc2)cc1,1,,33,80,THF,This work / SAR Modeling,phosphine,365.62700000000007,5.405000000000004,0.0,0,0,3,3,1,0,22
P(4-Cl-Ph)3_80C_dioxane,Clc1ccc(P(c2ccc(Cl)cc2)c2ccc(Cl)cc2)cc1,1,,31,80,dioxane,This work / SAR Modeling,phosphine,365.62700000000007,5.405000000000004,0.0,0,0,3,3,1,0,22
P(4-Cl-Ph)3_80C_hexane,Clc1ccc(P(c2ccc(Cl)cc2)c2ccc(Cl)cc2)cc1,1,,38,80,hexane,This work / SAR Modeling,phosphine,365.62700000000007,5.405000000000004,0.0,0,0,3,3,1,0,22
P(4-Cl-Ph)3_80C_benzene,Clc1ccc(P(c2ccc(Cl)cc2)c2ccc(Cl)cc2)cc1,1,,33,80,benzene,This work / SAR Modeling,phosphine,365.62700000000007,5.405000000000004,0.0,0,0,3,3,1,0,22
P(4-Cl-Ph)3_90C_toluene,Clc1ccc(P(c2ccc(Cl)cc2)c2ccc(Cl)cc2)cc1,1,,31,90,toluene,This work / SAR Modeling,phosphine,365.62700000000007,5.405000000000004,0.0,0,0,3,3,1,0,22
P(4-Cl-Ph)3_90C_benzene,Clc1ccc(P(c2ccc(Cl)cc2)c2ccc(Cl)cc2)cc1,1,,33,90,benzene,This work / SAR Modeling,phosphine,365.62700000000007,5.405000000000004,0.0,0,0,3,3,1,0,22
P(4-Cl-Ph)3_90C_xylene,Clc1ccc(P(c2ccc(Cl)cc2)c2ccc(Cl)cc2)cc1,1,,34,90,xylene,This work / SAR Modeling,phosphine,365.62700000000007,5.405000000000004,0.0,0,0,3,3,1,0,22
P(4-Cl-Ph)3_100C_toluene,Clc1ccc(P(c2ccc(Cl)cc2)c2ccc(Cl)cc2)cc1,1,,29,100,toluene,This work / SAR Modeling,phosphine,365.62700000000007,5.405000000000004,0.0,0,0,3,3,1,0,22
P(4-Cl-Ph)3_100C_THF,Clc1ccc(P(c2ccc(Cl)cc2)c2ccc(Cl)cc2)cc1,1,,30,100,THF,This work / SAR Modeling,phosphine,365.62700000000007,5.405000000000004,0.0,0,0,3,3,1,0,22
P(4-Cl-Ph)3_100C_dioxane,Clc1ccc(P(c2ccc(Cl)cc2)c2ccc(Cl)cc2)cc1,1,,32,100,dioxane,This work / SAR Modeling,phosphine,365.62700000000007,5.405000000000004,0.0,0,0,3,3,1,0,22
P(4-Cl-Ph)3_100C_benzene,Clc1ccc(P(c2ccc(Cl)cc2)c2ccc(Cl)cc2)cc1,1,,35,100,benzene,This work / SAR Modeling,phosphine,365.62700000000007,5.405000000000004,0.0,0,0,3,3,1,0,22
P(4-Cl-Ph)3_100C_xylene,Clc1ccc(P(c2ccc(Cl)cc2)c2ccc(Cl)cc2)cc1,1,,29,100,xylene,This work / SAR Modeling,phosphine,365.62700000000007,5.405000000000004,0.0,0,0,3,3,1,0,22
P(4-Cl-Ph)3_110C_toluene,Clc1ccc(P(c2ccc(Cl)cc2)c2ccc(Cl)cc2)cc1,1,,29,110,toluene,This work / SAR Modeling,phosphine,365.62700000000007,5.405000000000004,0.0,0,0,3,3,1,0,22
P(4-Cl-Ph)3_110C_THF,Clc1ccc(P(c2ccc(Cl)cc2)c2ccc(Cl)cc2)cc1,1,,26,110,THF,This work / SAR Modeling,phosphine,365.62700000000007,5.405000000000004,0.0,0,0,3,3,1,0,22
P(4-Cl-Ph)3_110C_benzene,Clc1ccc(P(c2ccc(Cl)cc2)c2ccc(Cl)cc2)cc1,1,,33,110,benzene,This work / SAR Modeling,phosphine,365.62700000000007,5.405000000000004,0.0,0,0,3,3,1,0,22
P(4-Cl-Ph)3_120C_toluene,Clc1ccc(P(c2ccc(Cl)cc2)c2ccc(Cl)cc2)cc1,1,,31,120,toluene,This work / SAR Modeling,phosphine,365.62700000000007,5.405000000000004,0.0,0,0,3,3,1,0,22
P(4-Cl-Ph)3_120C_dioxane,Clc1ccc(P(c2ccc(Cl)cc2)c2ccc(Cl)cc2)cc1,1,,29,120,dioxane,This work / SAR Modeling,phosphine,365.62700000000007,5.405000000000004,0.0,0,0,3,3,1,0,22
P(4-Cl-Ph)3_120C_hexane,Clc1ccc(P(c2ccc(Cl)cc2)c2ccc(Cl)cc2)cc1,1,,29,120,hexane,This work / SAR Modeling,phosphine,365.62700000000007,5.405000000000004,0.0,0,0,3,3,1,0,22
P(4-Cl-Ph)3_120C_benzene,Clc1ccc(P(c2ccc(Cl)cc2)c2ccc(Cl)cc2)cc1,1,,29,120,benzene,This work / SAR Modeling,phosphine,365.62700000000007,5.405000000000004,0.0,0,0,3,3,1,0,22
P(4-Cl-Ph)3_120C_xylene,Clc1ccc(P(c2ccc(Cl)cc2)c2ccc(Cl)cc2)cc1,1,,28,120,xylene,This work / SAR Modeling,phosphine,365.62700000000007,5.405000000000004,0.0,0,0,3,3,1,0,22
P(4-Cl-Ph)3_130C_toluene,Clc1ccc(P(c2ccc(Cl)cc2)c2ccc(Cl)cc2)cc1,1,,26,130,toluene,This work / SAR Modeling,phosphine,365.62700000000007,5.405000000000004,0.0,0,0,3,3,1,0,22
P(4-Cl-Ph)3_130C_THF,Clc1ccc(P(c2ccc(Cl)cc2)c2ccc(Cl)cc2)cc1,1,,27,130,THF,This work / SAR Modeling,phosphine,365.62700000000007,5.405000000000004,0.0,0,0,3,3,1,0,22
P(4-Cl-Ph)3_130C_dioxane,Clc1ccc(P(c2ccc(Cl)cc2)c2ccc(Cl)cc2)cc1,1,,31,130,dioxane,This work / SAR Modeling,phosphine,365.62700000000007,5.405000000000004,0.0,0,0,3,3,1,0,22
P(4-Cl-Ph)3_130C_xylene,Clc1ccc(P(c2ccc(Cl)cc2)c2ccc(Cl)cc2)cc1,1,,31,130,xylene,This work / SAR Modeling,phosphine,365.62700000000007,5.405000000000004,0.0,0,0,3,3,1,0,22
P(4-F-Ph)3,Fc1ccc(P(c2ccc(F)cc2)c2ccc(F)cc2)cc1,1,,33,100,toluene,"J. Chem. Soc., Chem. Commun. 1973, 876",phosphine,316.26200000000006,3.8621000000000025,0.0,0,0,3,3,1,0,22
P(4-F-Ph)3_70C_toluene,Fc1ccc(P(c2ccc(F)cc2)c2ccc(F)cc2)cc1,1,,39,70,toluene,This work / SAR Modeling,phosphine,316.26200000000006,3.8621000000000025,0.0,0,0,3,3,1,0,22
P(4-F-Ph)3_70C_THF,Fc1ccc(P(c2ccc(F)cc2)c2ccc(F)cc2)cc1,1,,32,70,THF,This work / SAR Modeling,phosphine,316.26200000000006,3.8621000000000025,0.0,0,0,3,3,1,0,22
P(4-F-Ph)3_70C_dioxane,Fc1ccc(P(c2ccc(F)cc2)c2ccc(F)cc2)cc1,1,,38,70,dioxane,This work / SAR Modeling,phosphine,316.26200000000006,3.8621000000000025,0.0,0,0,3,3,1,0,22
P(4-F-Ph)3_70C_benzene,Fc1ccc(P(c2ccc(F)cc2)c2ccc(F)cc2)cc1,1,,38,70,benzene,This work / SAR Modeling,phosphine,316.26200000000006,3.8621000000000025,0.0,0,0,3,3,1,0,22
P(4-F-Ph)3_70C_xylene,Fc1ccc(P(c2ccc(F)cc2)c2ccc(F)cc2)cc1,1,,38,70,xylene,This work / SAR Modeling,phosphine,316.26200000000006,3.8621000000000025,0.0,0,0,3,3,1,0,22
P(4-F-Ph)3_80C_toluene,Fc1ccc(P(c2ccc(F)cc2)c2ccc(F)cc2)cc1,1,,33,80,toluene,This work / SAR Modeling,phosphine,316.26200000000006,3.8621000000000025,0.0,0,0,3,3,1,0,22
P(4-F-Ph)3_80C_dioxane,Fc1ccc(P(c2ccc(F)cc2)c2ccc(F)cc2)cc1,1,,30,80,dioxane,This work / SAR Modeling,phosphine,316.26200000000006,3.8621000000000025,0.0,0,0,3,3,1,0,22
P(4-F-Ph)3_80C_hexane,Fc1ccc(P(c2ccc(F)cc2)c2ccc(F)cc2)cc1,1,,39,80,hexane,This work / SAR Modeling,phosphine,316.26200000000006,3.8621000000000025,0.0,0,0,3,3,1,0,22
P(4-F-Ph)3_80C_benzene,Fc1ccc(P(c2ccc(F)cc2)c2ccc(F)cc2)cc1,1,,36,80,benzene,This work / SAR Modeling,phosphine,316.26200000000006,3.8621000000000025,0.0,0,0,3,3,1,0,22
P(4-F-Ph)3_90C_dioxane,Fc1ccc(P(c2ccc(F)cc2)c2ccc(F)cc2)cc1,1,,32,90,dioxane,This work / SAR Modeling,phosphine,316.26200000000006,3.8621000000000025,0.0,0,0,3,3,1,0,22
P(4-F-Ph)3_90C_hexane,Fc1ccc(P(c2ccc(F)cc2)c2ccc(F)cc2)cc1,1,,35,90,hexane,This work / SAR Modeling,phosphine,316.26200000000006,3.8621000000000025,0.0,0,0,3,3,1,0,22
P(4-F-Ph)3_90C_benzene,Fc1ccc(P(c2ccc(F)cc2)c2ccc(F)cc2)cc1,1,,35,90,benzene,This work / SAR Modeling,phosphine,316.26200000000006,3.8621000000000025,0.0,0,0,3,3,1,0,22
P(4-F-Ph)3_100C_dioxane,Fc1ccc(P(c2ccc(F)cc2)c2ccc(F)cc2)cc1,1,,29,100,dioxane,This work / SAR Modeling,phosphine,316.26200000000006,3.8621000000000025,0.0,0,0,3,3,1,0,22
P(4-F-Ph)3_100C_benzene,Fc1ccc(P(c2ccc(F)cc2)c2ccc(F)cc2)cc1,1,,33,100,benzene,This work / SAR Modeling,phosphine,316.26200000000006,3.8621000000000025,0.0,0,0,3,3,1,0,22
P(4-F-Ph)3_100C_xylene,Fc1ccc(P(c2ccc(F)cc2)c2ccc(F)cc2)cc1,1,,34,100,xylene,This work / SAR Modeling,phosphine,316.26200000000006,3.8621000000000025,0.0,0,0,3,3,1,0,22
P(4-F-Ph)3_110C_toluene,Fc1ccc(P(c2ccc(F)cc2)c2ccc(F)cc2)cc1,1,,27,110,toluene,This work / SAR Modeling,phosphine,316.26200000000006,3.8621000000000025,0.0,0,0,3,3,1,0,22
P(4-F-Ph)3_110C_THF,Fc1ccc(P(c2ccc(F)cc2)c2ccc(F)cc2)cc1,1,,28,110,THF,This work / SAR Modeling,phosphine,316.26200000000006,3.8621000000000025,0.0,0,0,3,3,1,0,22
P(4-F-Ph)3_110C_dioxane,Fc1ccc(P(c2ccc(F)cc2)c2ccc(F)cc2)cc1,1,,32,110,dioxane,This work / SAR Modeling,phosphine,316.26200000000006,3.8621000000000025,0.0,0,0,3,3,1,0,22
P(4-F-Ph)3_110C_hexane,Fc1ccc(P(c2ccc(F)cc2)c2ccc(F)cc2)cc1,1,,32,110,hexane,This work / SAR Modeling,phosphine,316.26200000000006,3.8621000000000025,0.0,0,0,3,3,1,0,22
P(4-F-Ph)3_110C_xylene,Fc1ccc(P(c2ccc(F)cc2)c2ccc(F)cc2)cc1,1,,29,110,xylene,This work / SAR Modeling,phosphine,316.26200000000006,3.8621000000000025,0.0,0,0,3,3,1,0,22
P(4-F-Ph)3_120C_THF,Fc1ccc(P(c2ccc(F)cc2)c2ccc(F)cc2)cc1,1,,30,120,THF,This work / SAR Modeling,phosphine,316.26200000000006,3.8621000000000025,0.0,0,0,3,3,1,0,22
P(4-F-Ph)3_120C_dioxane,Fc1ccc(P(c2ccc(F)cc2)c2ccc(F)cc2)cc1,1,,27,120,dioxane,This work / SAR Modeling,phosphine,316.26200000000006,3.8621000000000025,0.0,0,0,3,3,1,0,22
P(4-F-Ph)3_120C_hexane,Fc1ccc(P(c2ccc(F)cc2)c2ccc(F)cc2)cc1,1,,28,120,hexane,This work / SAR Modeling,phosphine,316.26200000000006,3.8621000000000025,0.0,0,0,3,3,1,0,22
P(4-F-Ph)3_130C_toluene,Fc1ccc(P(c2ccc(F)cc2)c2ccc(F)cc2)cc1,1,,31,130,toluene,This work / SAR Modeling,phosphine,316.26200000000006,3.8621000000000025,0.0,0,0,3,3,1,0,22
P(4-F-Ph)3_130C_THF,Fc1ccc(P(c2ccc(F)cc2)c2ccc(F)cc2)cc1,1,,25,130,THF,This work / SAR Modeling,phosphine,316.26200000000006,3.8621000000000025,0.0,0,0,3,3,1,0,22
P(4-F-Ph)3_130C_dioxane,Fc1ccc(P(c2ccc(F)cc2)c2ccc(F)cc2)cc1,1,,28,130,dioxane,This work / SAR Modeling,phosphine,316.26200000000006,3.8621000000000025,0.0,0,0,3,3,1,0,22
P(4-F-Ph)3_130C_hexane,Fc1ccc(P(c2ccc(F)cc2)c2ccc(F)cc2)cc1,1,,30,130,hexane,This work / SAR Modeling,phosphine,316.26200000000006,3.8621000000000025,0.0,0,0,3,3,1,0,22
P(4-F-Ph)3_130C_benzene,Fc1ccc(P(c2ccc(F)cc2)c2ccc(F)cc2)cc1,1,,31,130,benzene,This work / SAR Modeling,phosphine,316.26200000000006,3.8621000000000025,0.0,0,0,3,3,1,0,22
P(4-F-Ph)3_130C_xylene,Fc1ccc(P(c2ccc(F)cc2)c2ccc(F)cc2)cc1,1,,31,130,xylene,This work / SAR Modeling,phosphine,316.26200000000006,3.8621000000000025,0.0,0,0,3,3,1,0,22
P(4-CF3-Ph)3,FC(F)(F)c1ccc(P(c2ccc(C(F)(F)F)cc2)c2ccc(C(F)(F)F)cc2)cc1,1,,38,100,toluene,"JACS 1971, 93, 2397",phosphine,466.2830000000001,6.501200000000003,0.0,0,0,3,3,1,0,31
P(4-CF3-Ph)3_70C_toluene,FC(F)(F)c1ccc(P(c2ccc(C(F)(F)F)cc2)c2ccc(C(F)(F)F)cc2)cc1,1,,43,70,toluene,This work / SAR Modeling,phosphine,466.2830000000001,6.501200000000003,0.0,0,0,3,3,1,0,31
P(4-CF3-Ph)3_70C_THF,FC(F)(F)c1ccc(P(c2ccc(C(F)(F)F)cc2)c2ccc(C(F)(F)F)cc2)cc1,1,,44,70,THF,This work / SAR Modeling,phosphine,466.2830000000001,6.501200000000003,0.0,0,0,3,3,1,0,31
P(4-CF3-Ph)3_70C_benzene,FC(F)(F)c1ccc(P(c2ccc(C(F)(F)F)cc2)c2ccc(C(F)(F)F)cc2)cc1,1,,46,70,benzene,This work / SAR Modeling,phosphine,466.2830000000001,6.501200000000003,0.0,0,0,3,3,1,0,31
P(4-CF3-Ph)3_70C_xylene,FC(F)(F)c1ccc(P(c2ccc(C(F)(F)F)cc2)c2ccc(C(F)(F)F)cc2)cc1,1,,43,70,xylene,This work / SAR Modeling,phosphine,466.2830000000001,6.501200000000003,0.0,0,0,3,3,1,0,31
P(4-CF3-Ph)3_80C_toluene,FC(F)(F)c1ccc(P(c2ccc(C(F)(F)F)cc2)c2ccc(C(F)(F)F)cc2)cc1,1,,45,80,toluene,This work / SAR Modeling,phosphine,466.2830000000001,6.501200000000003,0.0,0,0,3,3,1,0,31
P(4-CF3-Ph)3_80C_THF,FC(F)(F)c1ccc(P(c2ccc(C(F)(F)F)cc2)c2ccc(C(F)(F)F)cc2)cc1,1,,40,80,THF,This work / SAR Modeling,phosphine,466.2830000000001,6.501200000000003,0.0,0,0,3,3,1,0,31
P(4-CF3-Ph)3_80C_hexane,FC(F)(F)c1ccc(P(c2ccc(C(F)(F)F)cc2)c2ccc(C(F)(F)F)cc2)cc1,1,,42,80,hexane,This work / SAR Modeling,phosphine,466.2830000000001,6.501200000000003,0.0,0,0,3,3,1,0,31
P(4-CF3-Ph)3_80C_benzene,FC(F)(F)c1ccc(P(c2ccc(C(F)(F)F)cc2)c2ccc(C(F)(F)F)cc2)cc1,1,,45,80,benzene,This work / SAR Modeling,phosphine,466.2830000000001,6.501200000000003,0.0,0,0,3,3,1,0,31
P(4-CF3-Ph)3_80C_xylene,FC(F)(F)c1ccc(P(c2ccc(C(F)(F)F)cc2)c2ccc(C(F)(F)F)cc2)cc1,1,,41,80,xylene,This work / SAR Modeling,phosphine,466.2830000000001,6.501200000000003,0.0,0,0,3,3,1,0,31
P(4-CF3-Ph)3_90C_toluene,FC(F)(F)c1ccc(P(c2ccc(C(F)(F)F)cc2)c2ccc(C(F)(F)F)cc2)cc1,1,,42,90,toluene,This work / SAR Modeling,phosphine,466.2830000000001,6.501200000000003,0.0,0,0,3,3,1,0,31
P(4-CF3-Ph)3_90C_THF,FC(F)(F)c1ccc(P(c2ccc(C(F)(F)F)cc2)c2ccc(C(F)(F)F)cc2)cc1,1,,39,90,THF,This work / SAR Modeling,phosphine,466.2830000000001,6.501200000000003,0.0,0,0,3,3,1,0,31
P(4-CF3-Ph)3_90C_dioxane,FC(F)(F)c1ccc(P(c2ccc(C(F)(F)F)cc2)c2ccc(C(F)(F)F)cc2)cc1,1,,38,90,dioxane,This work / SAR Modeling,phosphine,466.2830000000001,6.501200000000003,0.0,0,0,3,3,1,0,31
P(4-CF3-Ph)3_90C_hexane,FC(F)(F)c1ccc(P(c2ccc(C(F)(F)F)cc2)c2ccc(C(F)(F)F)cc2)cc1,1,,39,90,hexane,This work / SAR Modeling,phosphine,466.2830000000001,6.501200000000003,0.0,0,0,3,3,1,0,31
P(4-CF3-Ph)3_90C_benzene,FC(F)(F)c1ccc(P(c2ccc(C(F)(F)F)cc2)c2ccc(C(F)(F)F)cc2)cc1,1,,37,90,benzene,This work / SAR Modeling,phosphine,466.2830000000001,6.501200000000003,0.0,0,0,3,3,1,0,31
P(4-CF3-Ph)3_100C_toluene,FC(F)(F)c1ccc(P(c2ccc(C(F)(F)F)cc2)c2ccc(C(F)(F)F)cc2)cc1,1,,36,100,toluene,This work / SAR Modeling,phosphine,466.2830000000001,6.501200000000003,0.0,0,0,3,3,1,0,31
P(4-CF3-Ph)3_100C_hexane,FC(F)(F)c1ccc(P(c2ccc(C(F)(F)F)cc2)c2ccc(C(F)(F)F)cc2)cc1,1,,39,100,hexane,This work / SAR Modeling,phosphine,466.2830000000001,6.501200000000003,0.0,0,0,3,3,1,0,31
P(4-CF3-Ph)3_100C_benzene,FC(F)(F)c1ccc(P(c2ccc(C(F)(F)F)cc2)c2ccc(C(F)(F)F)cc2)cc1,1,,39,100,benzene,This work / SAR Modeling,phosphine,466.2830000000001,6.501200000000003,0.0,0,0,3,3,1,0,31
P(4-CF3-Ph)3_100C_xylene,FC(F)(F)c1ccc(P(c2ccc(C(F)(F)F)cc2)c2ccc(C(F)(F)F)cc2)cc1,1,,40,100,xylene,This work / SAR Modeling,phosphine,466.2830000000001,6.501200000000003,0.0,0,0,3,3,1,0,31
P(4-CF3-Ph)3_110C_hexane,FC(F)(F)c1ccc(P(c2ccc(C(F)(F)F)cc2)c2ccc(C(F)(F)F)cc2)cc1,1,,33,110,hexane,This work / SAR Modeling,phosphine,466.2830000000001,6.501200000000003,0.0,0,0,3,3,1,0,31
P(4-CF3-Ph)3_110C_benzene,FC(F)(F)c1ccc(P(c2ccc(C(F)(F)F)cc2)c2ccc(C(F)(F)F)cc2)cc1,1,,34,110,benzene,This work / SAR Modeling,phosphine,466.2830000000001,6.501200000000003,0.0,0,0,3,3,1,0,31
P(4-CF3-Ph)3_110C_xylene,FC(F)(F)c1ccc(P(c2ccc(C(F)(F)F)cc2)c2ccc(C(F)(F)F)cc2)cc1,1,,42,110,xylene,This work / SAR Modeling,phosphine,466.2830000000001,6.501200000000003,0.0,0,0,3,3,1,0,31
P(4-CF3-Ph)3_120C_toluene,FC(F)(F)c1ccc(P(c2ccc(C(F)(F)F)cc2)c2ccc(C(F)(F)F)cc2)cc1,1,,31,120,toluene,This work / SAR Modeling,phosphine,466.2830000000001,6.501200000000003,0.0,0,0,3,3,1,0,31
P(4-CF3-Ph)3_120C_THF,FC(F)(F)c1ccc(P(c2ccc(C(F)(F)F)cc2)c2ccc(C(F)(F)F)cc2)cc1,1,,31,120,THF,This work / SAR Modeling,phosphine,466.2830000000001,6.501200000000003,0.0,0,0,3,3,1,0,31
P(4-CF3-Ph)3_120C_benzene,FC(F)(F)c1ccc(P(c2ccc(C(F)(F)F)cc2)c2ccc(C(F)(F)F)cc2)cc1,1,,31,120,benzene,This work / SAR Modeling,phosphine,466.2830000000001,6.501200000000003,0.0,0,0,3,3,1,0,31
P(4-CF3-Ph)3_120C_xylene,FC(F)(F)c1ccc(P(c2ccc(C(F)(F)F)cc2)c2ccc(C(F)(F)F)cc2)cc1,1,,35,120,xylene,This work / SAR Modeling,phosphine,466.2830000000001,6.501200000000003,0.0,0,0,3,3,1,0,31
P(4-CF3-Ph)3_130C_toluene,FC(F)(F)c1ccc(P(c2ccc(C(F)(F)F)cc2)c2ccc(C(F)(F)F)cc2)cc1,1,,32,130,toluene,This work / SAR Modeling,phosphine,466.2830000000001,6.501200000000003,0.0,0,0,3,3,1,0,31
P(4-CF3-Ph)3_130C_dioxane,FC(F)(F)c1ccc(P(c2ccc(C(F)(F)F)cc2)c2ccc(C(F)(F)F)cc2)cc1,1,,30,130,dioxane,This work / SAR Modeling,phosphine,466.2830000000001,6.501200000000003,0.0,0,0,3,3,1,0,31
P(4-CF3-Ph)3_130C_hexane,FC(F)(F)c1ccc(P(c2ccc(C(F)(F)F)cc2)c2ccc(C(F)(F)F)cc2)cc1,1,,38,130,hexane,This work / SAR Modeling,phosphine,466.2830000000001,6.501200000000003,0.0,0,0,3,3,1,0,31
P(4-CF3-Ph)3_130C_benzene,FC(F)(F)c1ccc(P(c2ccc(C(F)(F)F)cc2)c2ccc(C(F)(F)F)cc2)cc1,1,,35,130,benzene,This work / SAR Modeling,phosphine,466.2830000000001,6.501200000000003,0.0,0,0,3,3,1,0,31
P(4-MeO-Ph)3,COc1ccc(P(c2ccc(OC)cc2)c2ccc(OC)cc2)cc1,1,,29,100,toluene,"US Patent 3,903,120",phosphine,352.3700000000001,3.470600000000002,27.69,0,3,6,3,1,3,25
P(4-MeO-Ph)3_70C_THF,COc1ccc(P(c2ccc(OC)cc2)c2ccc(OC)cc2)cc1,1,,30,70,THF,This work / SAR Modeling,phosphine,352.3700000000001,3.470600000000002,27.69,0,3,6,3,1,3,25
P(4-MeO-Ph)3_70C_hexane,COc1ccc(P(c2ccc(OC)cc2)c2ccc(OC)cc2)cc1,1,,30,70,hexane,This work / SAR Modeling,phosphine,352.3700000000001,3.470600000000002,27.69,0,3,6,3,1,3,25
P(4-MeO-Ph)3_70C_xylene,COc1ccc(P(c2ccc(OC)cc2)c2ccc(OC)cc2)cc1,1,,35,70,xylene,This work / SAR Modeling,phosphine,352.3700000000001,3.470600000000002,27.69,0,3,6,3,1,3,25
P(4-MeO-Ph)3_80C_dioxane,COc1ccc(P(c2ccc(OC)cc2)c2ccc(OC)cc2)cc1,1,,33,80,dioxane,This work / SAR Modeling,phosphine,352.3700000000001,3.470600000000002,27.69,0,3,6,3,1,3,25
P(4-MeO-Ph)3_80C_hexane,COc1ccc(P(c2ccc(OC)cc2)c2ccc(OC)cc2)cc1,1,,32,80,hexane,This work / SAR Modeling,phosphine,352.3700000000001,3.470600000000002,27.69,0,3,6,3,1,3,25
P(4-MeO-Ph)3_80C_benzene,COc1ccc(P(c2ccc(OC)cc2)c2ccc(OC)cc2)cc1,1,,31,80,benzene,This work / SAR Modeling,phosphine,352.3700000000001,3.470600000000002,27.69,0,3,6,3,1,3,25
P(4-MeO-Ph)3_80C_xylene,COc1ccc(P(c2ccc(OC)cc2)c2ccc(OC)cc2)cc1,1,,29,80,xylene,This work / SAR Modeling,phosphine,352.3700000000001,3.470600000000002,27.69,0,3,6,3,1,3,25
P(4-MeO-Ph)3_90C_toluene,COc1ccc(P(c2ccc(OC)cc2)c2ccc(OC)cc2)cc1,1,,30,90,toluene,This work / SAR Modeling,phosphine,352.3700000000001,3.470600000000002,27.69,0,3,6,3,1,3,25
P(4-MeO-Ph)3_90C_benzene,COc1ccc(P(c2ccc(OC)cc2)c2ccc(OC)cc2)cc1,1,,28,90,benzene,This work / SAR Modeling,phosphine,352.3700000000001,3.470600000000002,27.69,0,3,6,3,1,3,25
P(4-MeO-Ph)3_90C_xylene,COc1ccc(P(c2ccc(OC)cc2)c2ccc(OC)cc2)cc1,1,,28,90,xylene,This work / SAR Modeling,phosphine,352.3700000000001,3.470600000000002,27.69,0,3,6,3,1,3,25
P(4-MeO-Ph)3_100C_THF,COc1ccc(P(c2ccc(OC)cc2)c2ccc(OC)cc2)cc1,1,,29,100,THF,This work / SAR Modeling,phosphine,352.3700000000001,3.470600000000002,27.69,0,3,6,3,1,3,25
P(4-MeO-Ph)3_100C_dioxane,COc1ccc(P(c2ccc(OC)cc2)c2ccc(OC)cc2)cc1,1,,27,100,dioxane,This work / SAR Modeling,phosphine,352.3700000000001,3.470600000000002,27.69,0,3,6,3,1,3,25
P(4-MeO-Ph)3_100C_hexane,COc1ccc(P(c2ccc(OC)cc2)c2ccc(OC)cc2)cc1,1,,29,100,hexane,This work / SAR Modeling,phosphine,352.3700000000001,3.470600000000002,27.69,0,3,6,3,1,3,25
P(4-MeO-Ph)3_100C_benzene,COc1ccc(P(c2ccc(OC)cc2)c2ccc(OC)cc2)cc1,1,,31,100,benzene,This work / SAR Modeling,phosphine,352.3700000000001,3.470600000000002,27.69,0,3,6,3,1,3,25
P(4-MeO-Ph)3_120C_toluene,COc1ccc(P(c2ccc(OC)cc2)c2ccc(OC)cc2)cc1,1,,23,120,toluene,This work / SAR Modeling,phosphine,352.3700000000001,3.470600000000002,27.69,0,3,6,3,1,3,25
P(4-MeO-Ph)3_120C_THF,COc1ccc(P(c2ccc(OC)cc2)c2ccc(OC)cc2)cc1,1,,26,120,THF,This work / SAR Modeling,phosphine,352.3700000000001,3.470600000000002,27.69,0,3,6,3,1,3,25
P(4-MeO-Ph)3_120C_hexane,COc1ccc(P(c2ccc(OC)cc2)c2ccc(OC)cc2)cc1,1,,27,120,hexane,This work / SAR Modeling,phosphine,352.3700000000001,3.470600000000002,27.69,0,3,6,3,1,3,25
P(4-MeO-Ph)3_130C_THF,COc1ccc(P(c2ccc(OC)cc2)c2ccc(OC)cc2)cc1,1,,22,130,THF,This work / SAR Modeling,phosphine,352.3700000000001,3.470600000000002,27.69,0,3,6,3,1,3,25
P(4-MeO-Ph)3_130C_dioxane,COc1ccc(P(c2ccc(OC)cc2)c2ccc(OC)cc2)cc1,1,,22,130,dioxane,This work / SAR Modeling,phosphine,352.3700000000001,3.470600000000002,27.69,0,3,6,3,1,3,25
P(4-MeO-Ph)3_130C_hexane,COc1ccc(P(c2ccc(OC)cc2)c2ccc(OC)cc2)cc1,1,,25,130,hexane,This work / SAR Modeling,phosphine,352.3700000000001,3.470600000000002,27.69,0,3,6,3,1,3,25
P(4-MeO-Ph)3_130C_benzene,COc1ccc(P(c2ccc(OC)cc2)c2ccc(OC)cc2)cc1,1,,24,130,benzene,This work / SAR Modeling,phosphine,352.3700000000001,3.470600000000002,27.69,0,3,6,3,1,3,25
P(4-MeO-Ph)3_130C_xylene,COc1ccc(P(c2ccc(OC)cc2)c2ccc(OC)cc2)cc1,1,,24,130,xylene,This work / SAR Modeling,phosphine,352.3700000000001,3.470600000000002,27.69,0,3,6,3,1,3,25
P(2-MeO-Ph)3,COc1cccc(P(c2cccc(OC)c2)c2cccc(OC)c2)c1,1,,36,100,toluene,"JACS 1971, 93, 2397",phosphine,352.37000000000006,3.470600000000002,27.69,0,3,6,3,1,3,25
P(2-MeO-Ph)3_70C_toluene,COc1cccc(P(c2cccc(OC)c2)c2cccc(OC)c2)c1,1,,39,70,toluene,This work / SAR Modeling,phosphine,352.37000000000006,3.470600000000002,27.69,0,3,6,3,1,3,25
P(2-MeO-Ph)3_70C_dioxane,COc1cccc(P(c2cccc(OC)c2)c2cccc(OC)c2)c1,1,,35,70,dioxane,This work / SAR Modeling,phosphine,352.37000000000006,3.470600000000002,27.69,0,3,6,3,1,3,25
P(2-MeO-Ph)3_70C_hexane,COc1cccc(P(c2cccc(OC)c2)c2cccc(OC)c2)c1,1,,42,70,hexane,This work / SAR Modeling,phosphine,352.37000000000006,3.470600000000002,27.69,0,3,6,3,1,3,25
P(2-MeO-Ph)3_70C_benzene,COc1cccc(P(c2cccc(OC)c2)c2cccc(OC)c2)c1,1,,35,70,benzene,This work / SAR Modeling,phosphine,352.37000000000006,3.470600000000002,27.69,0,3,6,3,1,3,25
P(2-MeO-Ph)3_80C_toluene,COc1cccc(P(c2cccc(OC)c2)c2cccc(OC)c2)c1,1,,37,80,toluene,This work / SAR Modeling,phosphine,352.37000000000006,3.470600000000002,27.69,0,3,6,3,1,3,25
P(2-MeO-Ph)3_80C_THF,COc1cccc(P(c2cccc(OC)c2)c2cccc(OC)c2)c1,1,,36,80,THF,This work / SAR Modeling,phosphine,352.37000000000006,3.470600000000002,27.69,0,3,6,3,1,3,25
P(2-MeO-Ph)3_80C_dioxane,COc1cccc(P(c2cccc(OC)c2)c2cccc(OC)c2)c1,1,,35,80,dioxane,This work / SAR Modeling,phosphine,352.37000000000006,3.470600000000002,27.69,0,3,6,3,1,3,25
P(2-MeO-Ph)3_80C_hexane,COc1cccc(P(c2cccc(OC)c2)c2cccc(OC)c2)c1,1,,40,80,hexane,This work / SAR Modeling,phosphine,352.37000000000006,3.470600000000002,27.69,0,3,6,3,1,3,25
P(2-MeO-Ph)3_80C_benzene,COc1cccc(P(c2cccc(OC)c2)c2cccc(OC)c2)c1,1,,40,80,benzene,This work / SAR Modeling,phosphine,352.37000000000006,3.470600000000002,27.69,0,3,6,3,1,3,25
P(2-MeO-Ph)3_90C_THF,COc1cccc(P(c2cccc(OC)c2)c2cccc(OC)c2)c1,1,,34,90,THF,This work / SAR Modeling,phosphine,352.37000000000006,3.470600000000002,27.69,0,3,6,3,1,3,25
P(2-MeO-Ph)3_90C_hexane,COc1cccc(P(c2cccc(OC)c2)c2cccc(OC)c2)c1,1,,38,90,hexane,This work / SAR Modeling,phosphine,352.37000000000006,3.470600000000002,27.69,0,3,6,3,1,3,25
P(2-MeO-Ph)3_90C_benzene,COc1cccc(P(c2cccc(OC)c2)c2cccc(OC)c2)c1,1,,35,90,benzene,This work / SAR Modeling,phosphine,352.37000000000006,3.470600000000002,27.69,0,3,6,3,1,3,25
P(2-MeO-Ph)3_100C_toluene,COc1cccc(P(c2cccc(OC)c2)c2cccc(OC)c2)c1,1,,38,100,toluene,This work / SAR Modeling,phosphine,352.37000000000006,3.470600000000002,27.69,0,3,6,3,1,3,25
P(2-MeO-Ph)3_100C_THF,COc1cccc(P(c2cccc(OC)c2)c2cccc(OC)c2)c1,1,,36,100,THF,This work / SAR Modeling,phosphine,352.37000000000006,3.470600000000002,27.69,0,3,6,3,1,3,25
P(2-MeO-Ph)3_100C_dioxane,COc1cccc(P(c2cccc(OC)c2)c2cccc(OC)c2)c1,1,,34,100,dioxane,This work / SAR Modeling,phosphine,352.37000000000006,3.470600000000002,27.69,0,3,6,3,1,3,25
P(2-MeO-Ph)3_100C_benzene,COc1cccc(P(c2cccc(OC)c2)c2cccc(OC)c2)c1,1,,38,100,benzene,This work / SAR Modeling,phosphine,352.37000000000006,3.470600000000002,27.69,0,3,6,3,1,3,25
P(2-MeO-Ph)3_100C_xylene,COc1cccc(P(c2cccc(OC)c2)c2cccc(OC)c2)c1,1,,37,100,xylene,This work / SAR Modeling,phosphine,352.37000000000006,3.470600000000002,27.69,0,3,6,3,1,3,25
P(2-MeO-Ph)3_110C_toluene,COc1cccc(P(c2cccc(OC)c2)c2cccc(OC)c2)c1,1,,35,110,toluene,This work / SAR Modeling,phosphine,352.37000000000006,3.470600000000002,27.69,0,3,6,3,1,3,25
P(2-MeO-Ph)3_110C_THF,COc1cccc(P(c2cccc(OC)c2)c2cccc(OC)c2)c1,1,,34,110,THF,This work / SAR Modeling,phosphine,352.37000000000006,3.470600000000002,27.69,0,3,6,3,1,3,25
P(2-MeO-Ph)3_110C_dioxane,COc1cccc(P(c2cccc(OC)c2)c2cccc(OC)c2)c1,1,,36,110,dioxane,This work / SAR Modeling,phosphine,352.37000000000006,3.470600000000002,27.69,0,3,6,3,1,3,25
P(2-MeO-Ph)3_110C_benzene,COc1cccc(P(c2cccc(OC)c2)c2cccc(OC)c2)c1,1,,33,110,benzene,This work / SAR Modeling,phosphine,352.37000000000006,3.470600000000002,27.69,0,3,6,3,1,3,25
P(2-MeO-Ph)3_120C_toluene,COc1cccc(P(c2cccc(OC)c2)c2cccc(OC)c2)c1,1,,32,120,toluene,This work / SAR Modeling,phosphine,352.37000000000006,3.470600000000002,27.69,0,3,6,3,1,3,25
P(2-MeO-Ph)3_120C_THF,COc1cccc(P(c2cccc(OC)c2)c2cccc(OC)c2)c1,1,,31,120,THF,This work / SAR Modeling,phosphine,352.37000000000006,3.470600000000002,27.69,0,3,6,3,1,3,25
P(2-MeO-Ph)3_120C_dioxane,COc1cccc(P(c2cccc(OC)c2)c2cccc(OC)c2)c1,1,,35,120,dioxane,This work / SAR Modeling,phosphine,352.37000000000006,3.470600000000002,27.69,0,3,6,3,1,3,25
P(2-MeO-Ph)3_120C_hexane,COc1cccc(P(c2cccc(OC)c2)c2cccc(OC)c2)c1,1,,33,120,hexane,This work / SAR Modeling,phosphine,352.37000000000006,3.470600000000002,27.69,0,3,6,3,1,3,25
P(2-MeO-Ph)3_120C_benzene,COc1cccc(P(c2cccc(OC)c2)c2cccc(OC)c2)c1,1,,36,120,benzene,This work / SAR Modeling,phosphine,352.37000000000006,3.470600000000002,27.69,0,3,6,3,1,3,25
P(2-MeO-Ph)3_120C_xylene,COc1cccc(P(c2cccc(OC)c2)c2cccc(OC)c2)c1,1,,32,120,xylene,This work / SAR Modeling,phosphine,352.37000000000006,3.470600000000002,27.69,0,3,6,3,1,3,25
P(2-MeO-Ph)3_130C_toluene,COc1cccc(P(c2cccc(OC)c2)c2cccc(OC)c2)c1,1,,30,130,toluene,This work / SAR Modeling,phosphine,352.37000000000006,3.470600000000002,27.69,0,3,6,3,1,3,25
P(2-MeO-Ph)3_130C_THF,COc1cccc(P(c2cccc(OC)c2)c2cccc(OC)c2)c1,1,,33,130,THF,This work / SAR Modeling,phosphine,352.37000000000006,3.470600000000002,27.69,0,3,6,3,1,3,25
P(2-MeO-Ph)3_130C_hexane,COc1cccc(P(c2cccc(OC)c2)c2cccc(OC)c2)c1,1,,29,130,hexane,This work / SAR Modeling,phosphine,352.37000000000006,3.470600000000002,27.69,0,3,6,3,1,3,25
P(2-MeO-Ph)3_130C_xylene,COc1cccc(P(c2cccc(OC)c2)c2cccc(OC)c2)c1,1,,34,130,xylene,This work / SAR Modeling,phosphine,352.37000000000006,3.470600000000002,27.69,0,3,6,3,1,3,25
P(2-iPr-Ph)3,CC(C)c1cccc(P(c2cccc(C(C)C)c2)c2cccc(C(C)C)c2)c1,1,,48,100,toluene,"Inorg. Chem. 1974, 13, 3043",phosphine,388.5350000000001,6.815000000000007,0.0,0,0,6,3,1,0,28
P(2-iPr-Ph)3_70C_toluene,CC(C)c1cccc(P(c2cccc(C(C)C)c2)c2cccc(C(C)C)c2)c1,1,,53,70,toluene,This work / SAR Modeling,phosphine,388.5350000000001,6.815000000000007,0.0,0,0,6,3,1,0,28
P(2-iPr-Ph)3_70C_THF,CC(C)c1cccc(P(c2cccc(C(C)C)c2)c2cccc(C(C)C)c2)c1,1,,48,70,THF,This work / SAR Modeling,phosphine,388.5350000000001,6.815000000000007,0.0,0,0,6,3,1,0,28
P(2-iPr-Ph)3_70C_dioxane,CC(C)c1cccc(P(c2cccc(C(C)C)c2)c2cccc(C(C)C)c2)c1,1,,54,70,dioxane,This work / SAR Modeling,phosphine,388.5350000000001,6.815000000000007,0.0,0,0,6,3,1,0,28
P(2-iPr-Ph)3_70C_xylene,CC(C)c1cccc(P(c2cccc(C(C)C)c2)c2cccc(C(C)C)c2)c1,1,,54,70,xylene,This work / SAR Modeling,phosphine,388.5350000000001,6.815000000000007,0.0,0,0,6,3,1,0,28
P(2-iPr-Ph)3_80C_toluene,CC(C)c1cccc(P(c2cccc(C(C)C)c2)c2cccc(C(C)C)c2)c1,1,,56,80,toluene,This work / SAR Modeling,phosphine,388.5350000000001,6.815000000000007,0.0,0,0,6,3,1,0,28
P(2-iPr-Ph)3_80C_THF,CC(C)c1cccc(P(c2cccc(C(C)C)c2)c2cccc(C(C)C)c2)c1,1,,51,80,THF,This work / SAR Modeling,phosphine,388.5350000000001,6.815000000000007,0.0,0,0,6,3,1,0,28
P(2-iPr-Ph)3_80C_dioxane,CC(C)c1cccc(P(c2cccc(C(C)C)c2)c2cccc(C(C)C)c2)c1,1,,49,80,dioxane,This work / SAR Modeling,phosphine,388.5350000000001,6.815000000000007,0.0,0,0,6,3,1,0,28
P(2-iPr-Ph)3_80C_hexane,CC(C)c1cccc(P(c2cccc(C(C)C)c2)c2cccc(C(C)C)c2)c1,1,,51,80,hexane,This work / SAR Modeling,phosphine,388.5350000000001,6.815000000000007,0.0,0,0,6,3,1,0,28
P(2-iPr-Ph)3_80C_benzene,CC(C)c1cccc(P(c2cccc(C(C)C)c2)c2cccc(C(C)C)c2)c1,1,,53,80,benzene,This work / SAR Modeling,phosphine,388.5350000000001,6.815000000000007,0.0,0,0,6,3,1,0,28
P(2-iPr-Ph)3_80C_xylene,CC(C)c1cccc(P(c2cccc(C(C)C)c2)c2cccc(C(C)C)c2)c1,1,,50,80,xylene,This work / SAR Modeling,phosphine,388.5350000000001,6.815000000000007,0.0,0,0,6,3,1,0,28
P(2-iPr-Ph)3_90C_toluene,CC(C)c1cccc(P(c2cccc(C(C)C)c2)c2cccc(C(C)C)c2)c1,1,,50,90,toluene,This work / SAR Modeling,phosphine,388.5350000000001,6.815000000000007,0.0,0,0,6,3,1,0,28
P(2-iPr-Ph)3_90C_THF,CC(C)c1cccc(P(c2cccc(C(C)C)c2)c2cccc(C(C)C)c2)c1,1,,47,90,THF,This work / SAR Modeling,phosphine,388.5350000000001,6.815000000000007,0.0,0,0,6,3,1,0,28
P(2-iPr-Ph)3_90C_dioxane,CC(C)c1cccc(P(c2cccc(C(C)C)c2)c2cccc(C(C)C)c2)c1,1,,49,90,dioxane,This work / SAR Modeling,phosphine,388.5350000000001,6.815000000000007,0.0,0,0,6,3,1,0,28
P(2-iPr-Ph)3_90C_hexane,CC(C)c1cccc(P(c2cccc(C(C)C)c2)c2cccc(C(C)C)c2)c1,1,,53,90,hexane,This work / SAR Modeling,phosphine,388.5350000000001,6.815000000000007,0.0,0,0,6,3,1,0,28
P(2-iPr-Ph)3_90C_benzene,CC(C)c1cccc(P(c2cccc(C(C)C)c2)c2cccc(C(C)C)c2)c1,1,,50,90,benzene,This work / SAR Modeling,phosphine,388.5350000000001,6.815000000000007,0.0,0,0,6,3,1,0,28
P(2-iPr-Ph)3_100C_toluene,CC(C)c1cccc(P(c2cccc(C(C)C)c2)c2cccc(C(C)C)c2)c1,1,,49,100,toluene,This work / SAR Modeling,phosphine,388.5350000000001,6.815000000000007,0.0,0,0,6,3,1,0,28
P(2-iPr-Ph)3_110C_toluene,CC(C)c1cccc(P(c2cccc(C(C)C)c2)c2cccc(C(C)C)c2)c1,1,,46,110,toluene,This work / SAR Modeling,phosphine,388.5350000000001,6.815000000000007,0.0,0,0,6,3,1,0,28
P(2-iPr-Ph)3_110C_dioxane,CC(C)c1cccc(P(c2cccc(C(C)C)c2)c2cccc(C(C)C)c2)c1,1,,46,110,dioxane,This work / SAR Modeling,phosphine,388.5350000000001,6.815000000000007,0.0,0,0,6,3,1,0,28
P(2-iPr-Ph)3_110C_benzene,CC(C)c1cccc(P(c2cccc(C(C)C)c2)c2cccc(C(C)C)c2)c1,1,,47,110,benzene,This work / SAR Modeling,phosphine,388.5350000000001,6.815000000000007,0.0,0,0,6,3,1,0,28
P(2-iPr-Ph)3_110C_xylene,CC(C)c1cccc(P(c2cccc(C(C)C)c2)c2cccc(C(C)C)c2)c1,1,,47,110,xylene,This work / SAR Modeling,phosphine,388.5350000000001,6.815000000000007,0.0,0,0,6,3,1,0,28
P(2-iPr-Ph)3_120C_toluene,CC(C)c1cccc(P(c2cccc(C(C)C)c2)c2cccc(C(C)C)c2)c1,1,,45,120,toluene,This work / SAR Modeling,phosphine,388.5350000000001,6.815000000000007,0.0,0,0,6,3,1,0,28
P(2-iPr-Ph)3_120C_dioxane,CC(C)c1cccc(P(c2cccc(C(C)C)c2)c2cccc(C(C)C)c2)c1,1,,41,120,dioxane,This work / SAR Modeling,phosphine,388.5350000000001,6.815000000000007,0.0,0,0,6,3,1,0,28
P(2-iPr-Ph)3_130C_toluene,CC(C)c1cccc(P(c2cccc(C(C)C)c2)c2cccc(C(C)C)c2)c1,1,,40,130,toluene,This work / SAR Modeling,phosphine,388.5350000000001,6.815000000000007,0.0,0,0,6,3,1,0,28
P(2-iPr-Ph)3_130C_THF,CC(C)c1cccc(P(c2cccc(C(C)C)c2)c2cccc(C(C)C)c2)c1,1,,37,130,THF,This work / SAR Modeling,phosphine,388.5350000000001,6.815000000000007,0.0,0,0,6,3,1,0,28
P(2-iPr-Ph)3_130C_hexane,CC(C)c1cccc(P(c2cccc(C(C)C)c2)c2cccc(C(C)C)c2)c1,1,,42,130,hexane,This work / SAR Modeling,phosphine,388.5350000000001,6.815000000000007,0.0,0,0,6,3,1,0,28
P(2-iPr-Ph)3_130C_benzene,CC(C)c1cccc(P(c2cccc(C(C)C)c2)c2cccc(C(C)C)c2)c1,1,,44,130,benzene,This work / SAR Modeling,phosphine,388.5350000000001,6.815000000000007,0.0,0,0,6,3,1,0,28
P(2-iPr-Ph)3_130C_xylene,CC(C)c1cccc(P(c2cccc(C(C)C)c2)c2cccc(C(C)C)c2)c1,1,,45,130,xylene,This work / SAR Modeling,phosphine,388.5350000000001,6.815000000000007,0.0,0,0,6,3,1,0,28
P(2-tBu-Ph)3,CC(C)(C)c1cccc(P(c2cccc(C(C)(C)C)c2)c2cccc(C(C)(C)C)c2)c1,1,,52,100,toluene,"US Patent 3,903,120",phosphine,430.61600000000016,7.337300000000008,0.0,0,0,3,3,1,0,31
P(2-tBu-Ph)3_70C_toluene,CC(C)(C)c1cccc(P(c2cccc(C(C)(C)C)c2)c2cccc(C(C)(C)C)c2)c1,1,,57,70,toluene,This work / SAR Modeling,phosphine,430.61600000000016,7.337300000000008,0.0,0,0,3,3,1,0,31
P(2-tBu-Ph)3_70C_dioxane,CC(C)(C)c1cccc(P(c2cccc(C(C)(C)C)c2)c2cccc(C(C)(C)C)c2)c1,1,,54,70,dioxane,This work / SAR Modeling,phosphine,430.61600000000016,7.337300000000008,0.0,0,0,3,3,1,0,31
P(2-tBu-Ph)3_70C_benzene,CC(C)(C)c1cccc(P(c2cccc(C(C)(C)C)c2)c2cccc(C(C)(C)C)c2)c1,1,,60,70,benzene,This work / SAR Modeling,phosphine,430.61600000000016,7.337300000000008,0.0,0,0,3,3,1,0,31
P(2-tBu-Ph)3_70C_xylene,CC(C)(C)c1cccc(P(c2cccc(C(C)(C)C)c2)c2cccc(C(C)(C)C)c2)c1,1,,58,70,xylene,This work / SAR Modeling,phosphine,430.61600000000016,7.337300000000008,0.0,0,0,3,3,1,0,31
P(2-tBu-Ph)3_80C_toluene,CC(C)(C)c1cccc(P(c2cccc(C(C)(C)C)c2)c2cccc(C(C)(C)C)c2)c1,1,,57,80,toluene,This work / SAR Modeling,phosphine,430.61600000000016,7.337300000000008,0.0,0,0,3,3,1,0,31
P(2-tBu-Ph)3_80C_THF,CC(C)(C)c1cccc(P(c2cccc(C(C)(C)C)c2)c2cccc(C(C)(C)C)c2)c1,1,,56,80,THF,This work / SAR Modeling,phosphine,430.61600000000016,7.337300000000008,0.0,0,0,3,3,1,0,31
P(2-tBu-Ph)3_80C_dioxane,CC(C)(C)c1cccc(P(c2cccc(C(C)(C)C)c2)c2cccc(C(C)(C)C)c2)c1,1,,57,80,dioxane,This work / SAR Modeling,phosphine,430.61600000000016,7.337300000000008,0.0,0,0,3,3,1,0,31
P(2-tBu-Ph)3_80C_hexane,CC(C)(C)c1cccc(P(c2cccc(C(C)(C)C)c2)c2cccc(C(C)(C)C)c2)c1,1,,55,80,hexane,This work / SAR Modeling,phosphine,430.61600000000016,7.337300000000008,0.0,0,0,3,3,1,0,31
P(2-tBu-Ph)3_90C_toluene,CC(C)(C)c1cccc(P(c2cccc(C(C)(C)C)c2)c2cccc(C(C)(C)C)c2)c1,1,,54,90,toluene,This work / SAR Modeling,phosphine,430.61600000000016,7.337300000000008,0.0,0,0,3,3,1,0,31
P(2-tBu-Ph)3_90C_THF,CC(C)(C)c1cccc(P(c2cccc(C(C)(C)C)c2)c2cccc(C(C)(C)C)c2)c1,1,,46,90,THF,This work / SAR Modeling,phosphine,430.61600000000016,7.337300000000008,0.0,0,0,3,3,1,0,31
P(2-tBu-Ph)3_90C_dioxane,CC(C)(C)c1cccc(P(c2cccc(C(C)(C)C)c2)c2cccc(C(C)(C)C)c2)c1,1,,54,90,dioxane,This work / SAR Modeling,phosphine,430.61600000000016,7.337300000000008,0.0,0,0,3,3,1,0,31
P(2-tBu-Ph)3_90C_hexane,CC(C)(C)c1cccc(P(c2cccc(C(C)(C)C)c2)c2cccc(C(C)(C)C)c2)c1,1,,58,90,hexane,This work / SAR Modeling,phosphine,430.61600000000016,7.337300000000008,0.0,0,0,3,3,1,0,31
P(2-tBu-Ph)3_90C_benzene,CC(C)(C)c1cccc(P(c2cccc(C(C)(C)C)c2)c2cccc(C(C)(C)C)c2)c1,1,,54,90,benzene,This work / SAR Modeling,phosphine,430.61600000000016,7.337300000000008,0.0,0,0,3,3,1,0,31
P(2-tBu-Ph)3_100C_toluene,CC(C)(C)c1cccc(P(c2cccc(C(C)(C)C)c2)c2cccc(C(C)(C)C)c2)c1,1,,49,100,toluene,This work / SAR Modeling,phosphine,430.61600000000016,7.337300000000008,0.0,0,0,3,3,1,0,31
P(2-tBu-Ph)3_100C_THF,CC(C)(C)c1cccc(P(c2cccc(C(C)(C)C)c2)c2cccc(C(C)(C)C)c2)c1,1,,47,100,THF,This work / SAR Modeling,phosphine,430.61600000000016,7.337300000000008,0.0,0,0,3,3,1,0,31
P(2-tBu-Ph)3_100C_hexane,CC(C)(C)c1cccc(P(c2cccc(C(C)(C)C)c2)c2cccc(C(C)(C)C)c2)c1,1,,55,100,hexane,This work / SAR Modeling,phosphine,430.61600000000016,7.337300000000008,0.0,0,0,3,3,1,0,31
P(2-tBu-Ph)3_100C_benzene,CC(C)(C)c1cccc(P(c2cccc(C(C)(C)C)c2)c2cccc(C(C)(C)C)c2)c1,1,,52,100,benzene,This work / SAR Modeling,phosphine,430.61600000000016,7.337300000000008,0.0,0,0,3,3,1,0,31
P(2-tBu-Ph)3_100C_xylene,CC(C)(C)c1cccc(P(c2cccc(C(C)(C)C)c2)c2cccc(C(C)(C)C)c2)c1,1,,52,100,xylene,This work / SAR Modeling,phosphine,430.61600000000016,7.337300000000008,0.0,0,0,3,3,1,0,31
P(2-tBu-Ph)3_110C_toluene,CC(C)(C)c1cccc(P(c2cccc(C(C)(C)C)c2)c2cccc(C(C)(C)C)c2)c1,1,,50,110,toluene,This work / SAR Modeling,phosphine,430.61600000000016,7.337300000000008,0.0,0,0,3,3,1,0,31
P(2-tBu-Ph)3_110C_dioxane,CC(C)(C)c1cccc(P(c2cccc(C(C)(C)C)c2)c2cccc(C(C)(C)C)c2)c1,1,,49,110,dioxane,This work / SAR Modeling,phosphine,430.61600000000016,7.337300000000008,0.0,0,0,3,3,1,0,31
P(2-tBu-Ph)3_110C_hexane,CC(C)(C)c1cccc(P(c2cccc(C(C)(C)C)c2)c2cccc(C(C)(C)C)c2)c1,1,,52,110,hexane,This work / SAR Modeling,phosphine,430.61600000000016,7.337300000000008,0.0,0,0,3,3,1,0,31
P(2-tBu-Ph)3_110C_benzene,CC(C)(C)c1cccc(P(c2cccc(C(C)(C)C)c2)c2cccc(C(C)(C)C)c2)c1,1,,51,110,benzene,This work / SAR Modeling,phosphine,430.61600000000016,7.337300000000008,0.0,0,0,3,3,1,0,31
P(2-tBu-Ph)3_110C_xylene,CC(C)(C)c1cccc(P(c2cccc(C(C)(C)C)c2)c2cccc(C(C)(C)C)c2)c1,1,,48,110,xylene,This work / SAR Modeling,phosphine,430.61600000000016,7.337300000000008,0.0,0,0,3,3,1,0,31
P(2-tBu-Ph)3_120C_toluene,CC(C)(C)c1cccc(P(c2cccc(C(C)(C)C)c2)c2cccc(C(C)(C)C)c2)c1,1,,45,120,toluene,This work / SAR Modeling,phosphine,430.61600000000016,7.337300000000008,0.0,0,0,3,3,1,0,31
P(2-tBu-Ph)3_120C_dioxane,CC(C)(C)c1cccc(P(c2cccc(C(C)(C)C)c2)c2cccc(C(C)(C)C)c2)c1,1,,46,120,dioxane,This work / SAR Modeling,phosphine,430.61600000000016,7.337300000000008,0.0,0,0,3,3,1,0,31
P(2-tBu-Ph)3_120C_benzene,CC(C)(C)c1cccc(P(c2cccc(C(C)(C)C)c2)c2cccc(C(C)(C)C)c2)c1,1,,48,120,benzene,This work / SAR Modeling,phosphine,430.61600000000016,7.337300000000008,0.0,0,0,3,3,1,0,31
P(2-tBu-Ph)3_120C_xylene,CC(C)(C)c1cccc(P(c2cccc(C(C)(C)C)c2)c2cccc(C(C)(C)C)c2)c1,1,,49,120,xylene,This work / SAR Modeling,phosphine,430.61600000000016,7.337300000000008,0.0,0,0,3,3,1,0,31
P(2-tBu-Ph)3_130C_toluene,CC(C)(C)c1cccc(P(c2cccc(C(C)(C)C)c2)c2cccc(C(C)(C)C)c2)c1,1,,48,130,toluene,This work / SAR Modeling,phosphine,430.61600000000016,7.337300000000008,0.0,0,0,3,3,1,0,31
P(2-tBu-Ph)3_130C_THF,CC(C)(C)c1cccc(P(c2cccc(C(C)(C)C)c2)c2cccc(C(C)(C)C)c2)c1,1,,43,130,THF,This work / SAR Modeling,phosphine,430.61600000000016,7.337300000000008,0.0,0,0,3,3,1,0,31
P(2-tBu-Ph)3_130C_benzene,CC(C)(C)c1cccc(P(c2cccc(C(C)(C)C)c2)c2cccc(C(C)(C)C)c2)c1,1,,47,130,benzene,This work / SAR Modeling,phosphine,430.61600000000016,7.337300000000008,0.0,0,0,3,3,1,0,31
P(2-tBu-Ph)3_130C_xylene,CC(C)(C)c1cccc(P(c2cccc(C(C)(C)C)c2)c2cccc(C(C)(C)C)c2)c1,1,,45,130,xylene,This work / SAR Modeling,phosphine,430.61600000000016,7.337300000000008,0.0,0,0,3,3,1,0,31
P(OPh)3,c1ccc(OP(Oc2ccccc2)Oc2ccccc2)cc1,1,,38,100,toluene,"Organometallics 1985, 4, 1620",phosphite,310.28900000000004,5.450300000000004,27.69,0,3,6,3,1,3,22
P(OPh)3_70C_toluene,c1ccc(OP(Oc2ccccc2)Oc2ccccc2)cc1,1,,44,70,toluene,This work / SAR Modeling,phosphite,310.28900000000004,5.450300000000004,27.69,0,3,6,3,1,3,22
P(OPh)3_70C_THF,c1ccc(OP(Oc2ccccc2)Oc2ccccc2)cc1,1,,38,70,THF,This work / SAR Modeling,phosphite,310.28900000000004,5.450300000000004,27.69,0,3,6,3,1,3,22
P(OPh)3_70C_dioxane,c1ccc(OP(Oc2ccccc2)Oc2ccccc2)cc1,1,,40,70,dioxane,This work / SAR Modeling,phosphite,310.28900000000004,5.450300000000004,27.69,0,3,6,3,1,3,22
P(OPh)3_70C_benzene,c1ccc(OP(Oc2ccccc2)Oc2ccccc2)cc1,1,,42,70,benzene,This work / SAR Modeling,phosphite,310.28900000000004,5.450300000000004,27.69,0,3,6,3,1,3,22
P(OPh)3_80C_toluene,c1ccc(OP(Oc2ccccc2)Oc2ccccc2)cc1,1,,42,80,toluene,This work / SAR Modeling,phosphite,310.28900000000004,5.450300000000004,27.69,0,3,6,3,1,3,22
P(OPh)3_80C_THF,c1ccc(OP(Oc2ccccc2)Oc2ccccc2)cc1,1,,39,80,THF,This work / SAR Modeling,phosphite,310.28900000000004,5.450300000000004,27.69,0,3,6,3,1,3,22
P(OPh)3_80C_dioxane,c1ccc(OP(Oc2ccccc2)Oc2ccccc2)cc1,1,,43,80,dioxane,This work / SAR Modeling,phosphite,310.28900000000004,5.450300000000004,27.69,0,3,6,3,1,3,22
P(OPh)3_80C_benzene,c1ccc(OP(Oc2ccccc2)Oc2ccccc2)cc1,1,,45,80,benzene,This work / SAR Modeling,phosphite,310.28900000000004,5.450300000000004,27.69,0,3,6,3,1,3,22
P(OPh)3_80C_xylene,c1ccc(OP(Oc2ccccc2)Oc2ccccc2)cc1,1,,40,80,xylene,This work / SAR Modeling,phosphite,310.28900000000004,5.450300000000004,27.69,0,3,6,3,1,3,22
P(OPh)3_90C_toluene,c1ccc(OP(Oc2ccccc2)Oc2ccccc2)cc1,1,,43,90,toluene,This work / SAR Modeling,phosphite,310.28900000000004,5.450300000000004,27.69,0,3,6,3,1,3,22
P(OPh)3_90C_THF,c1ccc(OP(Oc2ccccc2)Oc2ccccc2)cc1,1,,41,90,THF,This work / SAR Modeling,phosphite,310.28900000000004,5.450300000000004,27.69,0,3,6,3,1,3,22
P(OPh)3_90C_dioxane,c1ccc(OP(Oc2ccccc2)Oc2ccccc2)cc1,1,,38,90,dioxane,This work / SAR Modeling,phosphite,310.28900000000004,5.450300000000004,27.69,0,3,6,3,1,3,22
P(OPh)3_90C_hexane,c1ccc(OP(Oc2ccccc2)Oc2ccccc2)cc1,1,,38,90,hexane,This work / SAR Modeling,phosphite,310.28900000000004,5.450300000000004,27.69,0,3,6,3,1,3,22
P(OPh)3_90C_benzene,c1ccc(OP(Oc2ccccc2)Oc2ccccc2)cc1,1,,43,90,benzene,This work / SAR Modeling,phosphite,310.28900000000004,5.450300000000004,27.69,0,3,6,3,1,3,22
P(OPh)3_100C_toluene,c1ccc(OP(Oc2ccccc2)Oc2ccccc2)cc1,1,,37,100,toluene,This work / SAR Modeling,phosphite,310.28900000000004,5.450300000000004,27.69,0,3,6,3,1,3,22
P(OPh)3_100C_THF,c1ccc(OP(Oc2ccccc2)Oc2ccccc2)cc1,1,,35,100,THF,This work / SAR Modeling,phosphite,310.28900000000004,5.450300000000004,27.69,0,3,6,3,1,3,22
P(OPh)3_100C_dioxane,c1ccc(OP(Oc2ccccc2)Oc2ccccc2)cc1,1,,36,100,dioxane,This work / SAR Modeling,phosphite,310.28900000000004,5.450300000000004,27.69,0,3,6,3,1,3,22
P(OPh)3_100C_hexane,c1ccc(OP(Oc2ccccc2)Oc2ccccc2)cc1,1,,41,100,hexane,This work / SAR Modeling,phosphite,310.28900000000004,5.450300000000004,27.69,0,3,6,3,1,3,22
P(OPh)3_100C_benzene,c1ccc(OP(Oc2ccccc2)Oc2ccccc2)cc1,1,,41,100,benzene,This work / SAR Modeling,phosphite,310.28900000000004,5.450300000000004,27.69,0,3,6,3,1,3,22
P(OPh)3_110C_toluene,c1ccc(OP(Oc2ccccc2)Oc2ccccc2)cc1,1,,38,110,toluene,This work / SAR Modeling,phosphite,310.28900000000004,5.450300000000004,27.69,0,3,6,3,1,3,22
P(OPh)3_110C_THF,c1ccc(OP(Oc2ccccc2)Oc2ccccc2)cc1,1,,35,110,THF,This work / SAR Modeling,phosphite,310.28900000000004,5.450300000000004,27.69,0,3,6,3,1,3,22
P(OPh)3_110C_dioxane,c1ccc(OP(Oc2ccccc2)Oc2ccccc2)cc1,1,,36,110,dioxane,This work / SAR Modeling,phosphite,310.28900000000004,5.450300000000004,27.69,0,3,6,3,1,3,22
P(OPh)3_110C_hexane,c1ccc(OP(Oc2ccccc2)Oc2ccccc2)cc1,1,,38,110,hexane,This work / SAR Modeling,phosphite,310.28900000000004,5.450300000000004,27.69,0,3,6,3,1,3,22
P(OPh)3_110C_benzene,c1ccc(OP(Oc2ccccc2)Oc2ccccc2)cc1,1,,35,110,benzene,This work / SAR Modeling,phosphite,310.28900000000004,5.450300000000004,27.69,0,3,6,3,1,3,22
P(OPh)3_110C_xylene,c1ccc(OP(Oc2ccccc2)Oc2ccccc2)cc1,1,,34,110,xylene,This work / SAR Modeling,phosphite,310.28900000000004,5.450300000000004,27.69,0,3,6,3,1,3,22
P(OPh)3_120C_THF,c1ccc(OP(Oc2ccccc2)Oc2ccccc2)cc1,1,,29,120,THF,This work / SAR Modeling,phosphite,310.28900000000004,5.450300000000004,27.69,0,3,6,3,1,3,22
P(OPh)3_120C_dioxane,c1ccc(OP(Oc2ccccc2)Oc2ccccc2)cc1,1,,39,120,dioxane,This work / SAR Modeling,phosphite,310.28900000000004,5.450300000000004,27.69,0,3,6,3,1,3,22
P(OPh)3_120C_hexane,c1ccc(OP(Oc2ccccc2)Oc2ccccc2)cc1,1,,36,120,hexane,This work / SAR Modeling,phosphite,310.28900000000004,5.450300000000004,27.69,0,3,6,3,1,3,22
P(OPh)3_120C_benzene,c1ccc(OP(Oc2ccccc2)Oc2ccccc2)cc1,1,,35,120,benzene,This work / SAR Modeling,phosphite,310.28900000000004,5.450300000000004,27.69,0,3,6,3,1,3,22
P(OPh)3_120C_xylene,c1ccc(OP(Oc2ccccc2)Oc2ccccc2)cc1,1,,39,120,xylene,This work / SAR Modeling,phosphite,310.28900000000004,5.450300000000004,27.69,0,3,6,3,1,3,22
P(OPh)3_130C_THF,c1ccc(OP(Oc2ccccc2)Oc2ccccc2)cc1,1,,30,130,THF,This work / SAR Modeling,phosphite,310.28900000000004,5.450300000000004,27.69,0,3,6,3,1,3,22
P(OPh)3_130C_dioxane,c1ccc(OP(Oc2ccccc2)Oc2ccccc2)cc1,1,,34,130,dioxane,This work / SAR Modeling,phosphite,310.28900000000004,5.450300000000004,27.69,0,3,6,3,1,3,22
P(OPh)3_130C_hexane,c1ccc(OP(Oc2ccccc2)Oc2ccccc2)cc1,1,,34,130,hexane,This work / SAR Modeling,phosphite,310.28900000000004,5.450300000000004,27.69,0,3,6,3,1,3,22
P(OPh)3_130C_benzene,c1ccc(OP(Oc2ccccc2)Oc2ccccc2)cc1,1,,32,130,benzene,This work / SAR Modeling,phosphite,310.28900000000004,5.450300000000004,27.69,0,3,6,3,1,3,22
P(OPh)3_130C_xylene,c1ccc(OP(Oc2ccccc2)Oc2ccccc2)cc1,1,,35,130,xylene,This work / SAR Modeling,phosphite,310.28900000000004,5.450300000000004,27.69,0,3,6,3,1,3,22
P(O-o-Tol)3,Cc1cccc(OP(Oc2cccc(C)c2)Oc2cccc(C)c2)c1,1,,52,100,toluene,"JACS 1971, 93, 2397",phosphite,352.3700000000001,6.3755600000000054,27.69,0,3,6,3,1,3,25
P(O-o-Tol)3_70C_toluene,Cc1cccc(OP(Oc2cccc(C)c2)Oc2cccc(C)c2)c1,1,,59,70,toluene,This work / SAR Modeling,phosphite,352.3700000000001,6.3755600000000054,27.69,0,3,6,3,1,3,25
P(O-o-Tol)3_70C_THF,Cc1cccc(OP(Oc2cccc(C)c2)Oc2cccc(C)c2)c1,1,,53,70,THF,This work / SAR Modeling,phosphite,352.3700000000001,6.3755600000000054,27.69,0,3,6,3,1,3,25
P(O-o-Tol)3_70C_dioxane,Cc1cccc(OP(Oc2cccc(C)c2)Oc2cccc(C)c2)c1,1,,57,70,dioxane,This work / SAR Modeling,phosphite,352.3700000000001,6.3755600000000054,27.69,0,3,6,3,1,3,25
P(O-o-Tol)3_70C_xylene,Cc1cccc(OP(Oc2cccc(C)c2)Oc2cccc(C)c2)c1,1,,62,70,xylene,This work / SAR Modeling,phosphite,352.3700000000001,6.3755600000000054,27.69,0,3,6,3,1,3,25
P(O-o-Tol)3_80C_toluene,Cc1cccc(OP(Oc2cccc(C)c2)Oc2cccc(C)c2)c1,1,,55,80,toluene,This work / SAR Modeling,phosphite,352.3700000000001,6.3755600000000054,27.69,0,3,6,3,1,3,25
P(O-o-Tol)3_80C_dioxane,Cc1cccc(OP(Oc2cccc(C)c2)Oc2cccc(C)c2)c1,1,,54,80,dioxane,This work / SAR Modeling,phosphite,352.3700000000001,6.3755600000000054,27.69,0,3,6,3,1,3,25
P(O-o-Tol)3_80C_benzene,Cc1cccc(OP(Oc2cccc(C)c2)Oc2cccc(C)c2)c1,1,,56,80,benzene,This work / SAR Modeling,phosphite,352.3700000000001,6.3755600000000054,27.69,0,3,6,3,1,3,25
P(O-o-Tol)3_90C_hexane,Cc1cccc(OP(Oc2cccc(C)c2)Oc2cccc(C)c2)c1,1,,54,90,hexane,This work / SAR Modeling,phosphite,352.3700000000001,6.3755600000000054,27.69,0,3,6,3,1,3,25
P(O-o-Tol)3_90C_benzene,Cc1cccc(OP(Oc2cccc(C)c2)Oc2cccc(C)c2)c1,1,,54,90,benzene,This work / SAR Modeling,phosphite,352.3700000000001,6.3755600000000054,27.69,0,3,6,3,1,3,25
P(O-o-Tol)3_90C_xylene,Cc1cccc(OP(Oc2cccc(C)c2)Oc2cccc(C)c2)c1,1,,55,90,xylene,This work / SAR Modeling,phosphite,352.3700000000001,6.3755600000000054,27.69,0,3,6,3,1,3,25
P(O-o-Tol)3_100C_toluene,Cc1cccc(OP(Oc2cccc(C)c2)Oc2cccc(C)c2)c1,1,,51,100,toluene,This work / SAR Modeling,phosphite,352.3700000000001,6.3755600000000054,27.69,0,3,6,3,1,3,25
P(O-o-Tol)3_100C_THF,Cc1cccc(OP(Oc2cccc(C)c2)Oc2cccc(C)c2)c1,1,,52,100,THF,This work / SAR Modeling,phosphite,352.3700000000001,6.3755600000000054,27.69,0,3,6,3,1,3,25
P(O-o-Tol)3_100C_dioxane,Cc1cccc(OP(Oc2cccc(C)c2)Oc2cccc(C)c2)c1,1,,49,100,dioxane,This work / SAR Modeling,phosphite,352.3700000000001,6.3755600000000054,27.69,0,3,6,3,1,3,25
P(O-o-Tol)3_100C_hexane,Cc1cccc(OP(Oc2cccc(C)c2)Oc2cccc(C)c2)c1,1,,56,100,hexane,This work / SAR Modeling,phosphite,352.3700000000001,6.3755600000000054,27.69,0,3,6,3,1,3,25
P(O-o-Tol)3_100C_benzene,Cc1cccc(OP(Oc2cccc(C)c2)Oc2cccc(C)c2)c1,1,,53,100,benzene,This work / SAR Modeling,phosphite,352.3700000000001,6.3755600000000054,27.69,0,3,6,3,1,3,25
P(O-o-Tol)3_100C_xylene,Cc1cccc(OP(Oc2cccc(C)c2)Oc2cccc(C)c2)c1,1,,52,100,xylene,This work / SAR Modeling,phosphite,352.3700000000001,6.3755600000000054,27.69,0,3,6,3,1,3,25
P(O-o-Tol)3_110C_THF,Cc1cccc(OP(Oc2cccc(C)c2)Oc2cccc(C)c2)c1,1,,49,110,THF,This work / SAR Modeling,phosphite,352.3700000000001,6.3755600000000054,27.69,0,3,6,3,1,3,25
P(O-o-Tol)3_110C_dioxane,Cc1cccc(OP(Oc2cccc(C)c2)Oc2cccc(C)c2)c1,1,,48,110,dioxane,This work / SAR Modeling,phosphite,352.3700000000001,6.3755600000000054,27.69,0,3,6,3,1,3,25
P(O-o-Tol)3_110C_benzene,Cc1cccc(OP(Oc2cccc(C)c2)Oc2cccc(C)c2)c1,1,,50,110,benzene,This work / SAR Modeling,phosphite,352.3700000000001,6.3755600000000054,27.69,0,3,6,3,1,3,25
P(O-o-Tol)3_110C_xylene,Cc1cccc(OP(Oc2cccc(C)c2)Oc2cccc(C)c2)c1,1,,53,110,xylene,This work / SAR Modeling,phosphite,352.3700000000001,6.3755600000000054,27.69,0,3,6,3,1,3,25
P(O-o-Tol)3_120C_toluene,Cc1cccc(OP(Oc2cccc(C)c2)Oc2cccc(C)c2)c1,1,,46,120,toluene,This work / SAR Modeling,phosphite,352.3700000000001,6.3755600000000054,27.69,0,3,6,3,1,3,25
P(O-o-Tol)3_120C_THF,Cc1cccc(OP(Oc2cccc(C)c2)Oc2cccc(C)c2)c1,1,,44,120,THF,This work / SAR Modeling,phosphite,352.3700000000001,6.3755600000000054,27.69,0,3,6,3,1,3,25
P(O-o-Tol)3_120C_hexane,Cc1cccc(OP(Oc2cccc(C)c2)Oc2cccc(C)c2)c1,1,,50,120,hexane,This work / SAR Modeling,phosphite,352.3700000000001,6.3755600000000054,27.69,0,3,6,3,1,3,25
P(O-o-Tol)3_120C_benzene,Cc1cccc(OP(Oc2cccc(C)c2)Oc2cccc(C)c2)c1,1,,47,120,benzene,This work / SAR Modeling,phosphite,352.3700000000001,6.3755600000000054,27.69,0,3,6,3,1,3,25
P(O-o-Tol)3_130C_THF,Cc1cccc(OP(Oc2cccc(C)c2)Oc2cccc(C)c2)c1,1,,42,130,THF,This work / SAR Modeling,phosphite,352.3700000000001,6.3755600000000054,27.69,0,3,6,3,1,3,25
P(O-o-Tol)3_130C_hexane,Cc1cccc(OP(Oc2cccc(C)c2)Oc2cccc(C)c2)c1,1,,48,130,hexane,This work / SAR Modeling,phosphite,352.3700000000001,6.3755600000000054,27.69,0,3,6,3,1,3,25
P(O-o-Tol)3_130C_xylene,Cc1cccc(OP(Oc2cccc(C)c2)Oc2cccc(C)c2)c1,1,,46,130,xylene,This work / SAR Modeling,phosphite,352.3700000000001,6.3755600000000054,27.69,0,3,6,3,1,3,25
P(O-p-Tol)3,Cc1ccc(OP(Oc2ccc(C)cc2)Oc2ccc(C)cc2)cc1,1,,42,100,toluene,"JACS 1971, 93, 2397",phosphite,352.37000000000006,6.3755600000000054,27.69,0,3,6,3,1,3,25
P(O-p-Tol)3_70C_toluene,Cc1ccc(OP(Oc2ccc(C)cc2)Oc2ccc(C)cc2)cc1,1,,48,70,toluene,This work / SAR Modeling,phosphite,352.37000000000006,6.3755600000000054,27.69,0,3,6,3,1,3,25
P(O-p-Tol)3_70C_dioxane,Cc1ccc(OP(Oc2ccc(C)cc2)Oc2ccc(C)cc2)cc1,1,,45,70,dioxane,This work / SAR Modeling,phosphite,352.37000000000006,6.3755600000000054,27.69,0,3,6,3,1,3,25
P(O-p-Tol)3_70C_hexane,Cc1ccc(OP(Oc2ccc(C)cc2)Oc2ccc(C)cc2)cc1,1,,50,70,hexane,This work / SAR Modeling,phosphite,352.37000000000006,6.3755600000000054,27.69,0,3,6,3,1,3,25
P(O-p-Tol)3_70C_xylene,Cc1ccc(OP(Oc2ccc(C)cc2)Oc2ccc(C)cc2)cc1,1,,45,70,xylene,This work / SAR Modeling,phosphite,352.37000000000006,6.3755600000000054,27.69,0,3,6,3,1,3,25
P(O-p-Tol)3_80C_toluene,Cc1ccc(OP(Oc2ccc(C)cc2)Oc2ccc(C)cc2)cc1,1,,43,80,toluene,This work / SAR Modeling,phosphite,352.37000000000006,6.3755600000000054,27.69,0,3,6,3,1,3,25
P(O-p-Tol)3_80C_hexane,Cc1ccc(OP(Oc2ccc(C)cc2)Oc2ccc(C)cc2)cc1,1,,47,80,hexane,This work / SAR Modeling,phosphite,352.37000000000006,6.3755600000000054,27.69,0,3,6,3,1,3,25
P(O-p-Tol)3_80C_benzene,Cc1ccc(OP(Oc2ccc(C)cc2)Oc2ccc(C)cc2)cc1,1,,41,80,benzene,This work / SAR Modeling,phosphite,352.37000000000006,6.3755600000000054,27.69,0,3,6,3,1,3,25
P(O-p-Tol)3_80C_xylene,Cc1ccc(OP(Oc2ccc(C)cc2)Oc2ccc(C)cc2)cc1,1,,43,80,xylene,This work / SAR Modeling,phosphite,352.37000000000006,6.3755600000000054,27.69,0,3,6,3,1,3,25
P(O-p-Tol)3_90C_toluene,Cc1ccc(OP(Oc2ccc(C)cc2)Oc2ccc(C)cc2)cc1,1,,41,90,toluene,This work / SAR Modeling,phosphite,352.37000000000006,6.3755600000000054,27.69,0,3,6,3,1,3,25
P(O-p-Tol)3_90C_THF,Cc1ccc(OP(Oc2ccc(C)cc2)Oc2ccc(C)cc2)cc1,1,,43,90,THF,This work / SAR Modeling,phosphite,352.37000000000006,6.3755600000000054,27.69,0,3,6,3,1,3,25
P(O-p-Tol)3_90C_dioxane,Cc1ccc(OP(Oc2ccc(C)cc2)Oc2ccc(C)cc2)cc1,1,,43,90,dioxane,This work / SAR Modeling,phosphite,352.37000000000006,6.3755600000000054,27.69,0,3,6,3,1,3,25
P(O-p-Tol)3_90C_hexane,Cc1ccc(OP(Oc2ccc(C)cc2)Oc2ccc(C)cc2)cc1,1,,47,90,hexane,This work / SAR Modeling,phosphite,352.37000000000006,6.3755600000000054,27.69,0,3,6,3,1,3,25
P(O-p-Tol)3_90C_benzene,Cc1ccc(OP(Oc2ccc(C)cc2)Oc2ccc(C)cc2)cc1,1,,45,90,benzene,This work / SAR Modeling,phosphite,352.37000000000006,6.3755600000000054,27.69,0,3,6,3,1,3,25
P(O-p-Tol)3_100C_dioxane,Cc1ccc(OP(Oc2ccc(C)cc2)Oc2ccc(C)cc2)cc1,1,,42,100,dioxane,This work / SAR Modeling,phosphite,352.37000000000006,6.3755600000000054,27.69,0,3,6,3,1,3,25
P(O-p-Tol)3_100C_hexane,Cc1ccc(OP(Oc2ccc(C)cc2)Oc2ccc(C)cc2)cc1,1,,44,100,hexane,This work / SAR Modeling,phosphite,352.37000000000006,6.3755600000000054,27.69,0,3,6,3,1,3,25
P(O-p-Tol)3_110C_toluene,Cc1ccc(OP(Oc2ccc(C)cc2)Oc2ccc(C)cc2)cc1,1,,41,110,toluene,This work / SAR Modeling,phosphite,352.37000000000006,6.3755600000000054,27.69,0,3,6,3,1,3,25
P(O-p-Tol)3_110C_THF,Cc1ccc(OP(Oc2ccc(C)cc2)Oc2ccc(C)cc2)cc1,1,,37,110,THF,This work / SAR Modeling,phosphite,352.37000000000006,6.3755600000000054,27.69,0,3,6,3,1,3,25
P(O-p-Tol)3_110C_hexane,Cc1ccc(OP(Oc2ccc(C)cc2)Oc2ccc(C)cc2)cc1,1,,44,110,hexane,This work / SAR Modeling,phosphite,352.37000000000006,6.3755600000000054,27.69,0,3,6,3,1,3,25
P(O-p-Tol)3_110C_xylene,Cc1ccc(OP(Oc2ccc(C)cc2)Oc2ccc(C)cc2)cc1,1,,40,110,xylene,This work / SAR Modeling,phosphite,352.37000000000006,6.3755600000000054,27.69,0,3,6,3,1,3,25
P(O-p-Tol)3_120C_toluene,Cc1ccc(OP(Oc2ccc(C)cc2)Oc2ccc(C)cc2)cc1,1,,39,120,toluene,This work / SAR Modeling,phosphite,352.37000000000006,6.3755600000000054,27.69,0,3,6,3,1,3,25
P(O-p-Tol)3_120C_dioxane,Cc1ccc(OP(Oc2ccc(C)cc2)Oc2ccc(C)cc2)cc1,1,,37,120,dioxane,This work / SAR Modeling,phosphite,352.37000000000006,6.3755600000000054,27.69,0,3,6,3,1,3,25
P(O-p-Tol)3_120C_benzene,Cc1ccc(OP(Oc2ccc(C)cc2)Oc2ccc(C)cc2)cc1,1,,41,120,benzene,This work / SAR Modeling,phosphite,352.37000000000006,6.3755600000000054,27.69,0,3,6,3,1,3,25
P(O-p-Tol)3_120C_xylene,Cc1ccc(OP(Oc2ccc(C)cc2)Oc2ccc(C)cc2)cc1,1,,40,120,xylene,This work / SAR Modeling,phosphite,352.37000000000006,6.3755600000000054,27.69,0,3,6,3,1,3,25
P(O-p-Tol)3_130C_toluene,Cc1ccc(OP(Oc2ccc(C)cc2)Oc2ccc(C)cc2)cc1,1,,38,130,toluene,This work / SAR Modeling,phosphite,352.37000000000006,6.3755600000000054,27.69,0,3,6,3,1,3,25
P(O-p-Tol)3_130C_THF,Cc1ccc(OP(Oc2ccc(C)cc2)Oc2ccc(C)cc2)cc1,1,,34,130,THF,This work / SAR Modeling,phosphite,352.37000000000006,6.3755600000000054,27.69,0,3,6,3,1,3,25
P(O-p-Tol)3_130C_hexane,Cc1ccc(OP(Oc2ccc(C)cc2)Oc2ccc(C)cc2)cc1,1,,39,130,hexane,This work / SAR Modeling,phosphite,352.37000000000006,6.3755600000000054,27.69,0,3,6,3,1,3,25
P(O-p-Tol)3_130C_xylene,Cc1ccc(OP(Oc2ccc(C)cc2)Oc2ccc(C)cc2)cc1,1,,36,130,xylene,This work / SAR Modeling,phosphite,352.37000000000006,6.3755600000000054,27.69,0,3,6,3,1,3,25
"P(O-2,4-xylyl)3",Cc1cc(C)cc(OP(Oc2cc(C)cc(C)c2)Oc2cc(C)cc(C)c2)c1,1,,61,100,toluene,"JACS 1971, 93, 2397",phosphite,394.45100000000014,7.300820000000006,27.69,0,3,6,3,1,3,28
"P(O-2,4-xylyl)3_70C_toluene",Cc1cc(C)cc(OP(Oc2cc(C)cc(C)c2)Oc2cc(C)cc(C)c2)c1,1,,67,70,toluene,This work / SAR Modeling,phosphite,394.45100000000014,7.300820000000006,27.69,0,3,6,3,1,3,28
"P(O-2,4-xylyl)3_70C_THF",Cc1cc(C)cc(OP(Oc2cc(C)cc(C)c2)Oc2cc(C)cc(C)c2)c1,1,,62,70,THF,This work / SAR Modeling,phosphite,394.45100000000014,7.300820000000006,27.69,0,3,6,3,1,3,28
"P(O-2,4-xylyl)3_70C_hexane",Cc1cc(C)cc(OP(Oc2cc(C)cc(C)c2)Oc2cc(C)cc(C)c2)c1,1,,72,70,hexane,This work / SAR Modeling,phosphite,394.45100000000014,7.300820000000006,27.69,0,3,6,3,1,3,28
"P(O-2,4-xylyl)3_70C_benzene",Cc1cc(C)cc(OP(Oc2cc(C)cc(C)c2)Oc2cc(C)cc(C)c2)c1,1,,69,70,benzene,This work / SAR Modeling,phosphite,394.45100000000014,7.300820000000006,27.69,0,3,6,3,1,3,28
"P(O-2,4-xylyl)3_70C_xylene",Cc1cc(C)cc(OP(Oc2cc(C)cc(C)c2)Oc2cc(C)cc(C)c2)c1,1,,66,70,xylene,This work / SAR Modeling,phosphite,394.45100000000014,7.300820000000006,27.69,0,3,6,3,1,3,28
"P(O-2,4-xylyl)3_80C_toluene",Cc1cc(C)cc(OP(Oc2cc(C)cc(C)c2)Oc2cc(C)cc(C)c2)c1,1,,67,80,toluene,This work / SAR Modeling,phosphite,394.45100000000014,7.300820000000006,27.69,0,3,6,3,1,3,28
"P(O-2,4-xylyl)3_80C_dioxane",Cc1cc(C)cc(OP(Oc2cc(C)cc(C)c2)Oc2cc(C)cc(C)c2)c1,1,,60,80,dioxane,This work / SAR Modeling,phosphite,394.45100000000014,7.300820000000006,27.69,0,3,6,3,1,3,28
"P(O-2,4-xylyl)3_80C_hexane",Cc1cc(C)cc(OP(Oc2cc(C)cc(C)c2)Oc2cc(C)cc(C)c2)c1,1,,65,80,hexane,This work / SAR Modeling,phosphite,394.45100000000014,7.300820000000006,27.69,0,3,6,3,1,3,28
"P(O-2,4-xylyl)3_80C_benzene",Cc1cc(C)cc(OP(Oc2cc(C)cc(C)c2)Oc2cc(C)cc(C)c2)c1,1,,66,80,benzene,This work / SAR Modeling,phosphite,394.45100000000014,7.300820000000006,27.69,0,3,6,3,1,3,28
"P(O-2,4-xylyl)3_90C_toluene",Cc1cc(C)cc(OP(Oc2cc(C)cc(C)c2)Oc2cc(C)cc(C)c2)c1,1,,64,90,toluene,This work / SAR Modeling,phosphite,394.45100000000014,7.300820000000006,27.69,0,3,6,3,1,3,28
"P(O-2,4-xylyl)3_90C_THF",Cc1cc(C)cc(OP(Oc2cc(C)cc(C)c2)Oc2cc(C)cc(C)c2)c1,1,,56,90,THF,This work / SAR Modeling,phosphite,394.45100000000014,7.300820000000006,27.69,0,3,6,3,1,3,28
"P(O-2,4-xylyl)3_90C_dioxane",Cc1cc(C)cc(OP(Oc2cc(C)cc(C)c2)Oc2cc(C)cc(C)c2)c1,1,,62,90,dioxane,This work / SAR Modeling,phosphite,394.45100000000014,7.300820000000006,27.69,0,3,6,3,1,3,28
"P(O-2,4-xylyl)3_90C_hexane",Cc1cc(C)cc(OP(Oc2cc(C)cc(C)c2)Oc2cc(C)cc(C)c2)c1,1,,65,90,hexane,This work / SAR Modeling,phosphite,394.45100000000014,7.300820000000006,27.69,0,3,6,3,1,3,28
"P(O-2,4-xylyl)3_90C_benzene",Cc1cc(C)cc(OP(Oc2cc(C)cc(C)c2)Oc2cc(C)cc(C)c2)c1,1,,65,90,benzene,This work / SAR Modeling,phosphite,394.45100000000014,7.300820000000006,27.69,0,3,6,3,1,3,28
"P(O-2,4-xylyl)3_100C_THF",Cc1cc(C)cc(OP(Oc2cc(C)cc(C)c2)Oc2cc(C)cc(C)c2)c1,1,,58,100,THF,This work / SAR Modeling,phosphite,394.45100000000014,7.300820000000006,27.69,0,3,6,3,1,3,28
"P(O-2,4-xylyl)3_100C_dioxane",Cc1cc(C)cc(OP(Oc2cc(C)cc(C)c2)Oc2cc(C)cc(C)c2)c1,1,,60,100,dioxane,This work / SAR Modeling,phosphite,394.45100000000014,7.300820000000006,27.69,0,3,6,3,1,3,28
"P(O-2,4-xylyl)3_100C_hexane",Cc1cc(C)cc(OP(Oc2cc(C)cc(C)c2)Oc2cc(C)cc(C)c2)c1,1,,64,100,hexane,This work / SAR Modeling,phosphite,394.45100000000014,7.300820000000006,27.69,0,3,6,3,1,3,28
"P(O-2,4-xylyl)3_100C_benzene",Cc1cc(C)cc(OP(Oc2cc(C)cc(C)c2)Oc2cc(C)cc(C)c2)c1,1,,61,100,benzene,This work / SAR Modeling,phosphite,394.45100000000014,7.300820000000006,27.69,0,3,6,3,1,3,28
"P(O-2,4-xylyl)3_100C_xylene",Cc1cc(C)cc(OP(Oc2cc(C)cc(C)c2)Oc2cc(C)cc(C)c2)c1,1,,68,100,xylene,This work / SAR Modeling,phosphite,394.45100000000014,7.300820000000006,27.69,0,3,6,3,1,3,28
"P(O-2,4-xylyl)3_110C_toluene",Cc1cc(C)cc(OP(Oc2cc(C)cc(C)c2)Oc2cc(C)cc(C)c2)c1,1,,58,110,toluene,This work / SAR Modeling,phosphite,394.45100000000014,7.300820000000006,27.69,0,3,6,3,1,3,28
"P(O-2,4-xylyl)3_110C_hexane",Cc1cc(C)cc(OP(Oc2cc(C)cc(C)c2)Oc2cc(C)cc(C)c2)c1,1,,62,110,hexane,This work / SAR Modeling,phosphite,394.45100000000014,7.300820000000006,27.69,0,3,6,3,1,3,28
"P(O-2,4-xylyl)3_110C_benzene",Cc1cc(C)cc(OP(Oc2cc(C)cc(C)c2)Oc2cc(C)cc(C)c2)c1,1,,64,110,benzene,This work / SAR Modeling,phosphite,394.45100000000014,7.300820000000006,27.69,0,3,6,3,1,3,28
"P(O-2,4-xylyl)3_120C_THF",Cc1cc(C)cc(OP(Oc2cc(C)cc(C)c2)Oc2cc(C)cc(C)c2)c1,1,,53,120,THF,This work / SAR Modeling,phosphite,394.45100000000014,7.300820000000006,27.69,0,3,6,3,1,3,28
"P(O-2,4-xylyl)3_120C_hexane",Cc1cc(C)cc(OP(Oc2cc(C)cc(C)c2)Oc2cc(C)cc(C)c2)c1,1,,59,120,hexane,This work / SAR Modeling,phosphite,394.45100000000014,7.300820000000006,27.69,0,3,6,3,1,3,28
"P(O-2,4-xylyl)3_120C_benzene",Cc1cc(C)cc(OP(Oc2cc(C)cc(C)c2)Oc2cc(C)cc(C)c2)c1,1,,58,120,benzene,This work / SAR Modeling,phosphite,394.45100000000014,7.300820000000006,27.69,0,3,6,3,1,3,28
"P(O-2,4-xylyl)3_120C_xylene",Cc1cc(C)cc(OP(Oc2cc(C)cc(C)c2)Oc2cc(C)cc(C)c2)c1,1,,58,120,xylene,This work / SAR Modeling,phosphite,394.45100000000014,7.300820000000006,27.69,0,3,6,3,1,3,28
"P(O-2,4-xylyl)3_130C_toluene",Cc1cc(C)cc(OP(Oc2cc(C)cc(C)c2)Oc2cc(C)cc(C)c2)c1,1,,52,130,toluene,This work / SAR Modeling,phosphite,394.45100000000014,7.300820000000006,27.69,0,3,6,3,1,3,28
"P(O-2,4-xylyl)3_130C_THF",Cc1cc(C)cc(OP(Oc2cc(C)cc(C)c2)Oc2cc(C)cc(C)c2)c1,1,,49,130,THF,This work / SAR Modeling,phosphite,394.45100000000014,7.300820000000006,27.69,0,3,6,3,1,3,28
"P(O-2,4-xylyl)3_130C_dioxane",Cc1cc(C)cc(OP(Oc2cc(C)cc(C)c2)Oc2cc(C)cc(C)c2)c1,1,,53,130,dioxane,This work / SAR Modeling,phosphite,394.45100000000014,7.300820000000006,27.69,0,3,6,3,1,3,28
"P(O-2,4-xylyl)3_130C_benzene",Cc1cc(C)cc(OP(Oc2cc(C)cc(C)c2)Oc2cc(C)cc(C)c2)c1,1,,57,130,benzene,This work / SAR Modeling,phosphite,394.45100000000014,7.300820000000006,27.69,0,3,6,3,1,3,28
"P(O-2,4-xylyl)3_130C_xylene",Cc1cc(C)cc(OP(Oc2cc(C)cc(C)c2)Oc2cc(C)cc(C)c2)c1,1,,55,130,xylene,This work / SAR Modeling,phosphite,394.45100000000014,7.300820000000006,27.69,0,3,6,3,1,3,28
"P(O-2,6-xylyl)3",Cc1c(cccc1C)OP(Oc1c(C)cccc1C)Oc1c(C)cccc1C,1,,75,100,toluene,"JACS 1971, 93, 2397",phosphite,394.4510000000002,7.300820000000006,27.69,0,3,6,3,1,3,28
"P(O-2,6-xylyl)3_70C_toluene",Cc1c(cccc1C)OP(Oc1c(C)cccc1C)Oc1c(C)cccc1C,1,,84,70,toluene,This work / SAR Modeling,phosphite,394.4510000000002,7.300820000000006,27.69,0,3,6,3,1,3,28
"P(O-2,6-xylyl)3_70C_THF",Cc1c(cccc1C)OP(Oc1c(C)cccc1C)Oc1c(C)cccc1C,1,,81,70,THF,This work / SAR Modeling,phosphite,394.4510000000002,7.300820000000006,27.69,0,3,6,3,1,3,28
"P(O-2,6-xylyl)3_70C_dioxane",Cc1c(cccc1C)OP(Oc1c(C)cccc1C)Oc1c(C)cccc1C,1,,77,70,dioxane,This work / SAR Modeling,phosphite,394.4510000000002,7.300820000000006,27.69,0,3,6,3,1,3,28
"P(O-2,6-xylyl)3_70C_hexane",Cc1c(cccc1C)OP(Oc1c(C)cccc1C)Oc1c(C)cccc1C,1,,85,70,hexane,This work / SAR Modeling,phosphite,394.4510000000002,7.300820000000006,27.69,0,3,6,3,1,3,28
"P(O-2,6-xylyl)3_70C_benzene",Cc1c(cccc1C)OP(Oc1c(C)cccc1C)Oc1c(C)cccc1C,1,,88,70,benzene,This work / SAR Modeling,phosphite,394.4510000000002,7.300820000000006,27.69,0,3,6,3,1,3,28
"P(O-2,6-xylyl)3_70C_xylene",Cc1c(cccc1C)OP(Oc1c(C)cccc1C)Oc1c(C)cccc1C,1,,86,70,xylene,This work / SAR Modeling,phosphite,394.4510000000002,7.300820000000006,27.69,0,3,6,3,1,3,28
"P(O-2,6-xylyl)3_80C_THF",Cc1c(cccc1C)OP(Oc1c(C)cccc1C)Oc1c(C)cccc1C,1,,73,80,THF,This work / SAR Modeling,phosphite,394.4510000000002,7.300820000000006,27.69,0,3,6,3,1,3,28
"P(O-2,6-xylyl)3_80C_dioxane",Cc1c(cccc1C)OP(Oc1c(C)cccc1C)Oc1c(C)cccc1C,1,,78,80,dioxane,This work / SAR Modeling,phosphite,394.4510000000002,7.300820000000006,27.69,0,3,6,3,1,3,28
"P(O-2,6-xylyl)3_80C_benzene",Cc1c(cccc1C)OP(Oc1c(C)cccc1C)Oc1c(C)cccc1C,1,,81,80,benzene,This work / SAR Modeling,phosphite,394.4510000000002,7.300820000000006,27.69,0,3,6,3,1,3,28
"P(O-2,6-xylyl)3_90C_toluene",Cc1c(cccc1C)OP(Oc1c(C)cccc1C)Oc1c(C)cccc1C,1,,75,90,toluene,This work / SAR Modeling,phosphite,394.4510000000002,7.300820000000006,27.69,0,3,6,3,1,3,28
"P(O-2,6-xylyl)3_90C_dioxane",Cc1c(cccc1C)OP(Oc1c(C)cccc1C)Oc1c(C)cccc1C,1,,74,90,dioxane,This work / SAR Modeling,phosphite,394.4510000000002,7.300820000000006,27.69,0,3,6,3,1,3,28
"P(O-2,6-xylyl)3_90C_hexane",Cc1c(cccc1C)OP(Oc1c(C)cccc1C)Oc1c(C)cccc1C,1,,83,90,hexane,This work / SAR Modeling,phosphite,394.4510000000002,7.300820000000006,27.69,0,3,6,3,1,3,28
"P(O-2,6-xylyl)3_90C_benzene",Cc1c(cccc1C)OP(Oc1c(C)cccc1C)Oc1c(C)cccc1C,1,,82,90,benzene,This work / SAR Modeling,phosphite,394.4510000000002,7.300820000000006,27.69,0,3,6,3,1,3,28
"P(O-2,6-xylyl)3_90C_xylene",Cc1c(cccc1C)OP(Oc1c(C)cccc1C)Oc1c(C)cccc1C,1,,83,90,xylene,This work / SAR Modeling,phosphite,394.4510000000002,7.300820000000006,27.69,0,3,6,3,1,3,28
"P(O-2,6-xylyl)3_100C_toluene",Cc1c(cccc1C)OP(Oc1c(C)cccc1C)Oc1c(C)cccc1C,1,,76,100,toluene,This work / SAR Modeling,phosphite,394.4510000000002,7.300820000000006,27.69,0,3,6,3,1,3,28
"P(O-2,6-xylyl)3_100C_THF",Cc1c(cccc1C)OP(Oc1c(C)cccc1C)Oc1c(C)cccc1C,1,,68,100,THF,This work / SAR Modeling,phosphite,394.4510000000002,7.300820000000006,27.69,0,3,6,3,1,3,28
"P(O-2,6-xylyl)3_100C_dioxane",Cc1c(cccc1C)OP(Oc1c(C)cccc1C)Oc1c(C)cccc1C,1,,73,100,dioxane,This work / SAR Modeling,phosphite,394.4510000000002,7.300820000000006,27.69,0,3,6,3,1,3,28
"P(O-2,6-xylyl)3_100C_hexane",Cc1c(cccc1C)OP(Oc1c(C)cccc1C)Oc1c(C)cccc1C,1,,80,100,hexane,This work / SAR Modeling,phosphite,394.4510000000002,7.300820000000006,27.69,0,3,6,3,1,3,28
"P(O-2,6-xylyl)3_100C_benzene",Cc1c(cccc1C)OP(Oc1c(C)cccc1C)Oc1c(C)cccc1C,1,,77,100,benzene,This work / SAR Modeling,phosphite,394.4510000000002,7.300820000000006,27.69,0,3,6,3,1,3,28
"P(O-2,6-xylyl)3_100C_xylene",Cc1c(cccc1C)OP(Oc1c(C)cccc1C)Oc1c(C)cccc1C,1,,74,100,xylene,This work / SAR Modeling,phosphite,394.4510000000002,7.300820000000006,27.69,0,3,6,3,1,3,28
"P(O-2,6-xylyl)3_110C_toluene",Cc1c(cccc1C)OP(Oc1c(C)cccc1C)Oc1c(C)cccc1C,1,,70,110,toluene,This work / SAR Modeling,phosphite,394.4510000000002,7.300820000000006,27.69,0,3,6,3,1,3,28
"P(O-2,6-xylyl)3_110C_THF",Cc1c(cccc1C)OP(Oc1c(C)cccc1C)Oc1c(C)cccc1C,1,,66,110,THF,This work / SAR Modeling,phosphite,394.4510000000002,7.300820000000006,27.69,0,3,6,3,1,3,28
"P(O-2,6-xylyl)3_110C_dioxane",Cc1c(cccc1C)OP(Oc1c(C)cccc1C)Oc1c(C)cccc1C,1,,72,110,dioxane,This work / SAR Modeling,phosphite,394.4510000000002,7.300820000000006,27.69,0,3,6,3,1,3,28
"P(O-2,6-xylyl)3_110C_hexane",Cc1c(cccc1C)OP(Oc1c(C)cccc1C)Oc1c(C)cccc1C,1,,76,110,hexane,This work / SAR Modeling,phosphite,394.4510000000002,7.300820000000006,27.69,0,3,6,3,1,3,28
"P(O-2,6-xylyl)3_110C_benzene",Cc1c(cccc1C)OP(Oc1c(C)cccc1C)Oc1c(C)cccc1C,1,,72,110,benzene,This work / SAR Modeling,phosphite,394.4510000000002,7.300820000000006,27.69,0,3,6,3,1,3,28
"P(O-2,6-xylyl)3_110C_xylene",Cc1c(cccc1C)OP(Oc1c(C)cccc1C)Oc1c(C)cccc1C,1,,72,110,xylene,This work / SAR Modeling,phosphite,394.4510000000002,7.300820000000006,27.69,0,3,6,3,1,3,28
"P(O-2,6-xylyl)3_120C_toluene",Cc1c(cccc1C)OP(Oc1c(C)cccc1C)Oc1c(C)cccc1C,1,,70,120,toluene,This work / SAR Modeling,phosphite,394.4510000000002,7.300820000000006,27.69,0,3,6,3,1,3,28
"P(O-2,6-xylyl)3_120C_THF",Cc1c(cccc1C)OP(Oc1c(C)cccc1C)Oc1c(C)cccc1C,1,,63,120,THF,This work / SAR Modeling,phosphite,394.4510000000002,7.300820000000006,27.69,0,3,6,3,1,3,28
"P(O-2,6-xylyl)3_120C_dioxane",Cc1c(cccc1C)OP(Oc1c(C)cccc1C)Oc1c(C)cccc1C,1,,69,120,dioxane,This work / SAR Modeling,phosphite,394.4510000000002,7.300820000000006,27.69,0,3,6,3,1,3,28
"P(O-2,6-xylyl)3_120C_hexane",Cc1c(cccc1C)OP(Oc1c(C)cccc1C)Oc1c(C)cccc1C,1,,75,120,hexane,This work / SAR Modeling,phosphite,394.4510000000002,7.300820000000006,27.69,0,3,6,3,1,3,28
"P(O-2,6-xylyl)3_120C_benzene",Cc1c(cccc1C)OP(Oc1c(C)cccc1C)Oc1c(C)cccc1C,1,,68,120,benzene,This work / SAR Modeling,phosphite,394.4510000000002,7.300820000000006,27.69,0,3,6,3,1,3,28
"P(O-2,6-xylyl)3_130C_toluene",Cc1c(cccc1C)OP(Oc1c(C)cccc1C)Oc1c(C)cccc1C,1,,66,130,toluene,This work / SAR Modeling,phosphite,394.4510000000002,7.300820000000006,27.69,0,3,6,3,1,3,28
"P(O-2,6-xylyl)3_130C_THF",Cc1c(cccc1C)OP(Oc1c(C)cccc1C)Oc1c(C)cccc1C,1,,64,130,THF,This work / SAR Modeling,phosphite,394.4510000000002,7.300820000000006,27.69,0,3,6,3,1,3,28
"P(O-2,6-xylyl)3_130C_dioxane",Cc1c(cccc1C)OP(Oc1c(C)cccc1C)Oc1c(C)cccc1C,1,,60,130,dioxane,This work / SAR Modeling,phosphite,394.4510000000002,7.300820000000006,27.69,0,3,6,3,1,3,28
"P(O-2,6-xylyl)3_130C_benzene",Cc1c(cccc1C)OP(Oc1c(C)cccc1C)Oc1c(C)cccc1C,1,,67,130,benzene,This work / SAR Modeling,phosphite,394.4510000000002,7.300820000000006,27.69,0,3,6,3,1,3,28
"P(O-2,6-xylyl)3_130C_xylene",Cc1c(cccc1C)OP(Oc1c(C)cccc1C)Oc1c(C)cccc1C,1,,67,130,xylene,This work / SAR Modeling,phosphite,394.4510000000002,7.300820000000006,27.69,0,3,6,3,1,3,28
P(O-2-iPr-Ph)3,CC(C)c1cccc(OP(Oc2cccc(C(C)C)c2)Oc2cccc(C(C)C)c2)c1,1,,68,100,toluene,"Adv. Synth. Catal. 2004, 346, 877",phosphite,436.53200000000015,8.820500000000003,27.69,0,3,9,3,1,3,31
P(O-2-iPr-Ph)3_70C_toluene,CC(C)c1cccc(OP(Oc2cccc(C(C)C)c2)Oc2cccc(C(C)C)c2)c1,1,,75,70,toluene,This work / SAR Modeling,phosphite,436.53200000000015,8.820500000000003,27.69,0,3,9,3,1,3,31
P(O-2-iPr-Ph)3_70C_THF,CC(C)c1cccc(OP(Oc2cccc(C(C)C)c2)Oc2cccc(C(C)C)c2)c1,1,,71,70,THF,This work / SAR Modeling,phosphite,436.53200000000015,8.820500000000003,27.69,0,3,9,3,1,3,31
P(O-2-iPr-Ph)3_70C_dioxane,CC(C)c1cccc(OP(Oc2cccc(C(C)C)c2)Oc2cccc(C(C)C)c2)c1,1,,73,70,dioxane,This work / SAR Modeling,phosphite,436.53200000000015,8.820500000000003,27.69,0,3,9,3,1,3,31
P(O-2-iPr-Ph)3_70C_hexane,CC(C)c1cccc(OP(Oc2cccc(C(C)C)c2)Oc2cccc(C(C)C)c2)c1,1,,78,70,hexane,This work / SAR Modeling,phosphite,436.53200000000015,8.820500000000003,27.69,0,3,9,3,1,3,31
P(O-2-iPr-Ph)3_70C_xylene,CC(C)c1cccc(OP(Oc2cccc(C(C)C)c2)Oc2cccc(C(C)C)c2)c1,1,,77,70,xylene,This work / SAR Modeling,phosphite,436.53200000000015,8.820500000000003,27.69,0,3,9,3,1,3,31
P(O-2-iPr-Ph)3_80C_toluene,CC(C)c1cccc(OP(Oc2cccc(C(C)C)c2)Oc2cccc(C(C)C)c2)c1,1,,73,80,toluene,This work / SAR Modeling,phosphite,436.53200000000015,8.820500000000003,27.69,0,3,9,3,1,3,31
P(O-2-iPr-Ph)3_80C_THF,CC(C)c1cccc(OP(Oc2cccc(C(C)C)c2)Oc2cccc(C(C)C)c2)c1,1,,67,80,THF,This work / SAR Modeling,phosphite,436.53200000000015,8.820500000000003,27.69,0,3,9,3,1,3,31
P(O-2-iPr-Ph)3_80C_xylene,CC(C)c1cccc(OP(Oc2cccc(C(C)C)c2)Oc2cccc(C(C)C)c2)c1,1,,78,80,xylene,This work / SAR Modeling,phosphite,436.53200000000015,8.820500000000003,27.69,0,3,9,3,1,3,31
P(O-2-iPr-Ph)3_90C_toluene,CC(C)c1cccc(OP(Oc2cccc(C(C)C)c2)Oc2cccc(C(C)C)c2)c1,1,,68,90,toluene,This work / SAR Modeling,phosphite,436.53200000000015,8.820500000000003,27.69,0,3,9,3,1,3,31
P(O-2-iPr-Ph)3_90C_THF,CC(C)c1cccc(OP(Oc2cccc(C(C)C)c2)Oc2cccc(C(C)C)c2)c1,1,,68,90,THF,This work / SAR Modeling,phosphite,436.53200000000015,8.820500000000003,27.69,0,3,9,3,1,3,31
P(O-2-iPr-Ph)3_90C_hexane,CC(C)c1cccc(OP(Oc2cccc(C(C)C)c2)Oc2cccc(C(C)C)c2)c1,1,,75,90,hexane,This work / SAR Modeling,phosphite,436.53200000000015,8.820500000000003,27.69,0,3,9,3,1,3,31
P(O-2-iPr-Ph)3_90C_benzene,CC(C)c1cccc(OP(Oc2cccc(C(C)C)c2)Oc2cccc(C(C)C)c2)c1,1,,71,90,benzene,This work / SAR Modeling,phosphite,436.53200000000015,8.820500000000003,27.69,0,3,9,3,1,3,31
P(O-2-iPr-Ph)3_90C_xylene,CC(C)c1cccc(OP(Oc2cccc(C(C)C)c2)Oc2cccc(C(C)C)c2)c1,1,,70,90,xylene,This work / SAR Modeling,phosphite,436.53200000000015,8.820500000000003,27.69,0,3,9,3,1,3,31
P(O-2-iPr-Ph)3_100C_THF,CC(C)c1cccc(OP(Oc2cccc(C(C)C)c2)Oc2cccc(C(C)C)c2)c1,1,,66,100,THF,This work / SAR Modeling,phosphite,436.53200000000015,8.820500000000003,27.69,0,3,9,3,1,3,31
P(O-2-iPr-Ph)3_100C_dioxane,CC(C)c1cccc(OP(Oc2cccc(C(C)C)c2)Oc2cccc(C(C)C)c2)c1,1,,66,100,dioxane,This work / SAR Modeling,phosphite,436.53200000000015,8.820500000000003,27.69,0,3,9,3,1,3,31
P(O-2-iPr-Ph)3_100C_hexane,CC(C)c1cccc(OP(Oc2cccc(C(C)C)c2)Oc2cccc(C(C)C)c2)c1,1,,69,100,hexane,This work / SAR Modeling,phosphite,436.53200000000015,8.820500000000003,27.69,0,3,9,3,1,3,31
P(O-2-iPr-Ph)3_100C_benzene,CC(C)c1cccc(OP(Oc2cccc(C(C)C)c2)Oc2cccc(C(C)C)c2)c1,1,,69,100,benzene,This work / SAR Modeling,phosphite,436.53200000000015,8.820500000000003,27.69,0,3,9,3,1,3,31
P(O-2-iPr-Ph)3_110C_toluene,CC(C)c1cccc(OP(Oc2cccc(C(C)C)c2)Oc2cccc(C(C)C)c2)c1,1,,67,110,toluene,This work / SAR Modeling,phosphite,436.53200000000015,8.820500000000003,27.69,0,3,9,3,1,3,31
P(O-2-iPr-Ph)3_110C_dioxane,CC(C)c1cccc(OP(Oc2cccc(C(C)C)c2)Oc2cccc(C(C)C)c2)c1,1,,65,110,dioxane,This work / SAR Modeling,phosphite,436.53200000000015,8.820500000000003,27.69,0,3,9,3,1,3,31
P(O-2-iPr-Ph)3_110C_benzene,CC(C)c1cccc(OP(Oc2cccc(C(C)C)c2)Oc2cccc(C(C)C)c2)c1,1,,65,110,benzene,This work / SAR Modeling,phosphite,436.53200000000015,8.820500000000003,27.69,0,3,9,3,1,3,31
P(O-2-iPr-Ph)3_110C_xylene,CC(C)c1cccc(OP(Oc2cccc(C(C)C)c2)Oc2cccc(C(C)C)c2)c1,1,,67,110,xylene,This work / SAR Modeling,phosphite,436.53200000000015,8.820500000000003,27.69,0,3,9,3,1,3,31
P(O-2-iPr-Ph)3_120C_toluene,CC(C)c1cccc(OP(Oc2cccc(C(C)C)c2)Oc2cccc(C(C)C)c2)c1,1,,65,120,toluene,This work / SAR Modeling,phosphite,436.53200000000015,8.820500000000003,27.69,0,3,9,3,1,3,31
P(O-2-iPr-Ph)3_120C_THF,CC(C)c1cccc(OP(Oc2cccc(C(C)C)c2)Oc2cccc(C(C)C)c2)c1,1,,62,120,THF,This work / SAR Modeling,phosphite,436.53200000000015,8.820500000000003,27.69,0,3,9,3,1,3,31
P(O-2-iPr-Ph)3_120C_dioxane,CC(C)c1cccc(OP(Oc2cccc(C(C)C)c2)Oc2cccc(C(C)C)c2)c1,1,,60,120,dioxane,This work / SAR Modeling,phosphite,436.53200000000015,8.820500000000003,27.69,0,3,9,3,1,3,31
P(O-2-iPr-Ph)3_120C_hexane,CC(C)c1cccc(OP(Oc2cccc(C(C)C)c2)Oc2cccc(C(C)C)c2)c1,1,,62,120,hexane,This work / SAR Modeling,phosphite,436.53200000000015,8.820500000000003,27.69,0,3,9,3,1,3,31
P(O-2-iPr-Ph)3_120C_benzene,CC(C)c1cccc(OP(Oc2cccc(C(C)C)c2)Oc2cccc(C(C)C)c2)c1,1,,61,120,benzene,This work / SAR Modeling,phosphite,436.53200000000015,8.820500000000003,27.69,0,3,9,3,1,3,31
P(O-2-iPr-Ph)3_120C_xylene,CC(C)c1cccc(OP(Oc2cccc(C(C)C)c2)Oc2cccc(C(C)C)c2)c1,1,,63,120,xylene,This work / SAR Modeling,phosphite,436.53200000000015,8.820500000000003,27.69,0,3,9,3,1,3,31
P(O-2-iPr-Ph)3_130C_toluene,CC(C)c1cccc(OP(Oc2cccc(C(C)C)c2)Oc2cccc(C(C)C)c2)c1,1,,60,130,toluene,This work / SAR Modeling,phosphite,436.53200000000015,8.820500000000003,27.69,0,3,9,3,1,3,31
P(O-2-iPr-Ph)3_130C_hexane,CC(C)c1cccc(OP(Oc2cccc(C(C)C)c2)Oc2cccc(C(C)C)c2)c1,1,,60,130,hexane,This work / SAR Modeling,phosphite,436.53200000000015,8.820500000000003,27.69,0,3,9,3,1,3,31
P(O-2-iPr-Ph)3_130C_benzene,CC(C)c1cccc(OP(Oc2cccc(C(C)C)c2)Oc2cccc(C(C)C)c2)c1,1,,66,130,benzene,This work / SAR Modeling,phosphite,436.53200000000015,8.820500000000003,27.69,0,3,9,3,1,3,31
P(O-2-iPr-Ph)3_130C_xylene,CC(C)c1cccc(OP(Oc2cccc(C(C)C)c2)Oc2cccc(C(C)C)c2)c1,1,,60,130,xylene,This work / SAR Modeling,phosphite,436.53200000000015,8.820500000000003,27.69,0,3,9,3,1,3,31
P(O-2-tBu-Ph)3,CC(C)(C)c1cccc(OP(Oc2cccc(C(C)(C)C)c2)Oc2cccc(C(C)(C)C)c2)c1,1,,71,100,toluene,"JACS 1971, 93, 2397",phosphite,478.6130000000002,9.3428,27.69,0,3,6,3,1,3,34
P(O-2-tBu-Ph)3_70C_THF,CC(C)(C)c1cccc(OP(Oc2cccc(C(C)(C)C)c2)Oc2cccc(C(C)(C)C)c2)c1,1,,75,70,THF,This work / SAR Modeling,phosphite,478.6130000000002,9.3428,27.69,0,3,6,3,1,3,34
P(O-2-tBu-Ph)3_70C_dioxane,CC(C)(C)c1cccc(OP(Oc2cccc(C(C)(C)C)c2)Oc2cccc(C(C)(C)C)c2)c1,1,,78,70,dioxane,This work / SAR Modeling,phosphite,478.6130000000002,9.3428,27.69,0,3,6,3,1,3,34
P(O-2-tBu-Ph)3_70C_benzene,CC(C)(C)c1cccc(OP(Oc2cccc(C(C)(C)C)c2)Oc2cccc(C(C)(C)C)c2)c1,1,,84,70,benzene,This work / SAR Modeling,phosphite,478.6130000000002,9.3428,27.69,0,3,6,3,1,3,34
P(O-2-tBu-Ph)3_80C_toluene,CC(C)(C)c1cccc(OP(Oc2cccc(C(C)(C)C)c2)Oc2cccc(C(C)(C)C)c2)c1,1,,78,80,toluene,This work / SAR Modeling,phosphite,478.6130000000002,9.3428,27.69,0,3,6,3,1,3,34
P(O-2-tBu-Ph)3_80C_THF,CC(C)(C)c1cccc(OP(Oc2cccc(C(C)(C)C)c2)Oc2cccc(C(C)(C)C)c2)c1,1,,71,80,THF,This work / SAR Modeling,phosphite,478.6130000000002,9.3428,27.69,0,3,6,3,1,3,34
P(O-2-tBu-Ph)3_80C_dioxane,CC(C)(C)c1cccc(OP(Oc2cccc(C(C)(C)C)c2)Oc2cccc(C(C)(C)C)c2)c1,1,,75,80,dioxane,This work / SAR Modeling,phosphite,478.6130000000002,9.3428,27.69,0,3,6,3,1,3,34
P(O-2-tBu-Ph)3_80C_hexane,CC(C)(C)c1cccc(OP(Oc2cccc(C(C)(C)C)c2)Oc2cccc(C(C)(C)C)c2)c1,1,,79,80,hexane,This work / SAR Modeling,phosphite,478.6130000000002,9.3428,27.69,0,3,6,3,1,3,34
P(O-2-tBu-Ph)3_80C_benzene,CC(C)(C)c1cccc(OP(Oc2cccc(C(C)(C)C)c2)Oc2cccc(C(C)(C)C)c2)c1,1,,76,80,benzene,This work / SAR Modeling,phosphite,478.6130000000002,9.3428,27.69,0,3,6,3,1,3,34
P(O-2-tBu-Ph)3_90C_toluene,CC(C)(C)c1cccc(OP(Oc2cccc(C(C)(C)C)c2)Oc2cccc(C(C)(C)C)c2)c1,1,,76,90,toluene,This work / SAR Modeling,phosphite,478.6130000000002,9.3428,27.69,0,3,6,3,1,3,34
P(O-2-tBu-Ph)3_90C_THF,CC(C)(C)c1cccc(OP(Oc2cccc(C(C)(C)C)c2)Oc2cccc(C(C)(C)C)c2)c1,1,,74,90,THF,This work / SAR Modeling,phosphite,478.6130000000002,9.3428,27.69,0,3,6,3,1,3,34
P(O-2-tBu-Ph)3_90C_dioxane,CC(C)(C)c1cccc(OP(Oc2cccc(C(C)(C)C)c2)Oc2cccc(C(C)(C)C)c2)c1,1,,70,90,dioxane,This work / SAR Modeling,phosphite,478.6130000000002,9.3428,27.69,0,3,6,3,1,3,34
P(O-2-tBu-Ph)3_90C_hexane,CC(C)(C)c1cccc(OP(Oc2cccc(C(C)(C)C)c2)Oc2cccc(C(C)(C)C)c2)c1,1,,77,90,hexane,This work / SAR Modeling,phosphite,478.6130000000002,9.3428,27.69,0,3,6,3,1,3,34
P(O-2-tBu-Ph)3_90C_xylene,CC(C)(C)c1cccc(OP(Oc2cccc(C(C)(C)C)c2)Oc2cccc(C(C)(C)C)c2)c1,1,,74,90,xylene,This work / SAR Modeling,phosphite,478.6130000000002,9.3428,27.69,0,3,6,3,1,3,34
P(O-2-tBu-Ph)3_100C_toluene,CC(C)(C)c1cccc(OP(Oc2cccc(C(C)(C)C)c2)Oc2cccc(C(C)(C)C)c2)c1,1,,71,100,toluene,This work / SAR Modeling,phosphite,478.6130000000002,9.3428,27.69,0,3,6,3,1,3,34
P(O-2-tBu-Ph)3_100C_hexane,CC(C)(C)c1cccc(OP(Oc2cccc(C(C)(C)C)c2)Oc2cccc(C(C)(C)C)c2)c1,1,,74,100,hexane,This work / SAR Modeling,phosphite,478.6130000000002,9.3428,27.69,0,3,6,3,1,3,34
P(O-2-tBu-Ph)3_100C_xylene,CC(C)(C)c1cccc(OP(Oc2cccc(C(C)(C)C)c2)Oc2cccc(C(C)(C)C)c2)c1,1,,72,100,xylene,This work / SAR Modeling,phosphite,478.6130000000002,9.3428,27.69,0,3,6,3,1,3,34
P(O-2-tBu-Ph)3_110C_toluene,CC(C)(C)c1cccc(OP(Oc2cccc(C(C)(C)C)c2)Oc2cccc(C(C)(C)C)c2)c1,1,,67,110,toluene,This work / SAR Modeling,phosphite,478.6130000000002,9.3428,27.69,0,3,6,3,1,3,34
P(O-2-tBu-Ph)3_110C_THF,CC(C)(C)c1cccc(OP(Oc2cccc(C(C)(C)C)c2)Oc2cccc(C(C)(C)C)c2)c1,1,,67,110,THF,This work / SAR Modeling,phosphite,478.6130000000002,9.3428,27.69,0,3,6,3,1,3,34
P(O-2-tBu-Ph)3_110C_dioxane,CC(C)(C)c1cccc(OP(Oc2cccc(C(C)(C)C)c2)Oc2cccc(C(C)(C)C)c2)c1,1,,67,110,dioxane,This work / SAR Modeling,phosphite,478.6130000000002,9.3428,27.69,0,3,6,3,1,3,34
P(O-2-tBu-Ph)3_110C_xylene,CC(C)(C)c1cccc(OP(Oc2cccc(C(C)(C)C)c2)Oc2cccc(C(C)(C)C)c2)c1,1,,66,110,xylene,This work / SAR Modeling,phosphite,478.6130000000002,9.3428,27.69,0,3,6,3,1,3,34
P(O-2-tBu-Ph)3_120C_toluene,CC(C)(C)c1cccc(OP(Oc2cccc(C(C)(C)C)c2)Oc2cccc(C(C)(C)C)c2)c1,1,,64,120,toluene,This work / SAR Modeling,phosphite,478.6130000000002,9.3428,27.69,0,3,6,3,1,3,34
P(O-2-tBu-Ph)3_120C_THF,CC(C)(C)c1cccc(OP(Oc2cccc(C(C)(C)C)c2)Oc2cccc(C(C)(C)C)c2)c1,1,,61,120,THF,This work / SAR Modeling,phosphite,478.6130000000002,9.3428,27.69,0,3,6,3,1,3,34
P(O-2-tBu-Ph)3_120C_dioxane,CC(C)(C)c1cccc(OP(Oc2cccc(C(C)(C)C)c2)Oc2cccc(C(C)(C)C)c2)c1,1,,67,120,dioxane,This work / SAR Modeling,phosphite,478.6130000000002,9.3428,27.69,0,3,6,3,1,3,34
P(O-2-tBu-Ph)3_120C_benzene,CC(C)(C)c1cccc(OP(Oc2cccc(C(C)(C)C)c2)Oc2cccc(C(C)(C)C)c2)c1,1,,64,120,benzene,This work / SAR Modeling,phosphite,478.6130000000002,9.3428,27.69,0,3,6,3,1,3,34
P(O-2-tBu-Ph)3_120C_xylene,CC(C)(C)c1cccc(OP(Oc2cccc(C(C)(C)C)c2)Oc2cccc(C(C)(C)C)c2)c1,1,,68,120,xylene,This work / SAR Modeling,phosphite,478.6130000000002,9.3428,27.69,0,3,6,3,1,3,34
P(O-2-tBu-Ph)3_130C_dioxane,CC(C)(C)c1cccc(OP(Oc2cccc(C(C)(C)C)c2)Oc2cccc(C(C)(C)C)c2)c1,1,,61,130,dioxane,This work / SAR Modeling,phosphite,478.6130000000002,9.3428,27.69,0,3,6,3,1,3,34
P(O-2-tBu-Ph)3_130C_hexane,CC(C)(C)c1cccc(OP(Oc2cccc(C(C)(C)C)c2)Oc2cccc(C(C)(C)C)c2)c1,1,,69,130,hexane,This work / SAR Modeling,phosphite,478.6130000000002,9.3428,27.69,0,3,6,3,1,3,34
P(OEt)3,CCOP(OCC)OCC,1,,28,100,toluene,"Inorg. Chem. 1974, 13, 3043",phosphite,166.15699999999998,2.3228,27.69,0,3,6,0,1,3,10
P(OEt)3_70C_toluene,CCOP(OCC)OCC,1,,35,70,toluene,This work / SAR Modeling,phosphite,166.15699999999998,2.3228,27.69,0,3,6,0,1,3,10
P(OEt)3_70C_dioxane,CCOP(OCC)OCC,1,,34,70,dioxane,This work / SAR Modeling,phosphite,166.15699999999998,2.3228,27.69,0,3,6,0,1,3,10
P(OEt)3_70C_hexane,CCOP(OCC)OCC,1,,31,70,hexane,This work / SAR Modeling,phosphite,166.15699999999998,2.3228,27.69,0,3,6,0,1,3,10
P(OEt)3_70C_benzene,CCOP(OCC)OCC,1,,34,70,benzene,This work / SAR Modeling,phosphite,166.15699999999998,2.3228,27.69,0,3,6,0,1,3,10
P(OEt)3_80C_toluene,CCOP(OCC)OCC,1,,33,80,toluene,This work / SAR Modeling,phosphite,166.15699999999998,2.3228,27.69,0,3,6,0,1,3,10
P(OEt)3_80C_THF,CCOP(OCC)OCC,1,,28,80,THF,This work / SAR Modeling,phosphite,166.15699999999998,2.3228,27.69,0,3,6,0,1,3,10
P(OEt)3_80C_dioxane,CCOP(OCC)OCC,1,,31,80,dioxane,This work / SAR Modeling,phosphite,166.15699999999998,2.3228,27.69,0,3,6,0,1,3,10
P(OEt)3_80C_hexane,CCOP(OCC)OCC,1,,34,80,hexane,This work / SAR Modeling,phosphite,166.15699999999998,2.3228,27.69,0,3,6,0,1,3,10
P(OEt)3_90C_toluene,CCOP(OCC)OCC,1,,27,90,toluene,This work / SAR Modeling,phosphite,166.15699999999998,2.3228,27.69,0,3,6,0,1,3,10
P(OEt)3_90C_THF,CCOP(OCC)OCC,1,,27,90,THF,This work / SAR Modeling,phosphite,166.15699999999998,2.3228,27.69,0,3,6,0,1,3,10
P(OEt)3_90C_dioxane,CCOP(OCC)OCC,1,,31,90,dioxane,This work / SAR Modeling,phosphite,166.15699999999998,2.3228,27.69,0,3,6,0,1,3,10
P(OEt)3_90C_hexane,CCOP(OCC)OCC,1,,30,90,hexane,This work / SAR Modeling,phosphite,166.15699999999998,2.3228,27.69,0,3,6,0,1,3,10
P(OEt)3_90C_benzene,CCOP(OCC)OCC,1,,28,90,benzene,This work / SAR Modeling,phosphite,166.15699999999998,2.3228,27.69,0,3,6,0,1,3,10
P(OEt)3_90C_xylene,CCOP(OCC)OCC,1,,34,90,xylene,This work / SAR Modeling,phosphite,166.15699999999998,2.3228,27.69,0,3,6,0,1,3,10
P(OEt)3_100C_toluene,CCOP(OCC)OCC,1,,31,100,toluene,This work / SAR Modeling,phosphite,166.15699999999998,2.3228,27.69,0,3,6,0,1,3,10
P(OEt)3_100C_THF,CCOP(OCC)OCC,1,,27,100,THF,This work / SAR Modeling,phosphite,166.15699999999998,2.3228,27.69,0,3,6,0,1,3,10
P(OEt)3_100C_dioxane,CCOP(OCC)OCC,1,,30,100,dioxane,This work / SAR Modeling,phosphite,166.15699999999998,2.3228,27.69,0,3,6,0,1,3,10
P(OEt)3_100C_hexane,CCOP(OCC)OCC,1,,29,100,hexane,This work / SAR Modeling,phosphite,166.15699999999998,2.3228,27.69,0,3,6,0,1,3,10
P(OEt)3_100C_benzene,CCOP(OCC)OCC,1,,32,100,benzene,This work / SAR Modeling,phosphite,166.15699999999998,2.3228,27.69,0,3,6,0,1,3,10
P(OEt)3_100C_xylene,CCOP(OCC)OCC,1,,30,100,xylene,This work / SAR Modeling,phosphite,166.15699999999998,2.3228,27.69,0,3,6,0,1,3,10
P(OEt)3_110C_toluene,CCOP(OCC)OCC,1,,25,110,toluene,This work / SAR Modeling,phosphite,166.15699999999998,2.3228,27.69,0,3,6,0,1,3,10
P(OEt)3_110C_THF,CCOP(OCC)OCC,1,,29,110,THF,This work / SAR Modeling,phosphite,166.15699999999998,2.3228,27.69,0,3,6,0,1,3,10
P(OEt)3_110C_dioxane,CCOP(OCC)OCC,1,,26,110,dioxane,This work / SAR Modeling,phosphite,166.15699999999998,2.3228,27.69,0,3,6,0,1,3,10
P(OEt)3_110C_hexane,CCOP(OCC)OCC,1,,31,110,hexane,This work / SAR Modeling,phosphite,166.15699999999998,2.3228,27.69,0,3,6,0,1,3,10
P(OEt)3_110C_benzene,CCOP(OCC)OCC,1,,25,110,benzene,This work / SAR Modeling,phosphite,166.15699999999998,2.3228,27.69,0,3,6,0,1,3,10
P(OEt)3_110C_xylene,CCOP(OCC)OCC,1,,25,110,xylene,This work / SAR Modeling,phosphite,166.15699999999998,2.3228,27.69,0,3,6,0,1,3,10
P(OEt)3_120C_toluene,CCOP(OCC)OCC,1,,24,120,toluene,This work / SAR Modeling,phosphite,166.15699999999998,2.3228,27.69,0,3,6,0,1,3,10
P(OEt)3_120C_THF,CCOP(OCC)OCC,1,,24,120,THF,This work / SAR Modeling,phosphite,166.15699999999998,2.3228,27.69,0,3,6,0,1,3,10
P(OEt)3_120C_dioxane,CCOP(OCC)OCC,1,,25,120,dioxane,This work / SAR Modeling,phosphite,166.15699999999998,2.3228,27.69,0,3,6,0,1,3,10
P(OEt)3_120C_benzene,CCOP(OCC)OCC,1,,24,120,benzene,This work / SAR Modeling,phosphite,166.15699999999998,2.3228,27.69,0,3,6,0,1,3,10
P(OEt)3_120C_xylene,CCOP(OCC)OCC,1,,29,120,xylene,This work / SAR Modeling,phosphite,166.15699999999998,2.3228,27.69,0,3,6,0,1,3,10
P(OEt)3_130C_toluene,CCOP(OCC)OCC,1,,23,130,toluene,This work / SAR Modeling,phosphite,166.15699999999998,2.3228,27.69,0,3,6,0,1,3,10
P(OEt)3_130C_THF,CCOP(OCC)OCC,1,,22,130,THF,This work / SAR Modeling,phosphite,166.15699999999998,2.3228,27.69,0,3,6,0,1,3,10
P(OEt)3_130C_dioxane,CCOP(OCC)OCC,1,,28,130,dioxane,This work / SAR Modeling,phosphite,166.15699999999998,2.3228,27.69,0,3,6,0,1,3,10
P(OEt)3_130C_hexane,CCOP(OCC)OCC,1,,27,130,hexane,This work / SAR Modeling,phosphite,166.15699999999998,2.3228,27.69,0,3,6,0,1,3,10
P(OEt)3_130C_xylene,CCOP(OCC)OCC,1,,27,130,xylene,This work / SAR Modeling,phosphite,166.15699999999998,2.3228,27.69,0,3,6,0,1,3,10
P(OiPr)3,CC(C)OP(OC(C)C)OC(C)C,1,,32,100,toluene,This work / SAR Modeling,phosphite,208.23799999999997,3.4883000000000024,27.69,0,3,6,0,1,3,13
P(OiPr)3_70C_toluene,CC(C)OP(OC(C)C)OC(C)C,1,,32,70,toluene,This work / SAR Modeling,phosphite,208.23799999999997,3.4883000000000024,27.69,0,3,6,0,1,3,13
P(OiPr)3_70C_THF,CC(C)OP(OC(C)C)OC(C)C,1,,32,70,THF,This work / SAR Modeling,phosphite,208.23799999999997,3.4883000000000024,27.69,0,3,6,0,1,3,13
P(OiPr)3_70C_dioxane,CC(C)OP(OC(C)C)OC(C)C,1,,32,70,dioxane,This work / SAR Modeling,phosphite,208.23799999999997,3.4883000000000024,27.69,0,3,6,0,1,3,13
P(OiPr)3_70C_hexane,CC(C)OP(OC(C)C)OC(C)C,1,,35,70,hexane,This work / SAR Modeling,phosphite,208.23799999999997,3.4883000000000024,27.69,0,3,6,0,1,3,13
P(OiPr)3_70C_benzene,CC(C)OP(OC(C)C)OC(C)C,1,,40,70,benzene,This work / SAR Modeling,phosphite,208.23799999999997,3.4883000000000024,27.69,0,3,6,0,1,3,13
P(OiPr)3_80C_toluene,CC(C)OP(OC(C)C)OC(C)C,1,,35,80,toluene,This work / SAR Modeling,phosphite,208.23799999999997,3.4883000000000024,27.69,0,3,6,0,1,3,13
P(OiPr)3_80C_THF,CC(C)OP(OC(C)C)OC(C)C,1,,32,80,THF,This work / SAR Modeling,phosphite,208.23799999999997,3.4883000000000024,27.69,0,3,6,0,1,3,13
P(OiPr)3_80C_dioxane,CC(C)OP(OC(C)C)OC(C)C,1,,34,80,dioxane,This work / SAR Modeling,phosphite,208.23799999999997,3.4883000000000024,27.69,0,3,6,0,1,3,13
P(OiPr)3_80C_xylene,CC(C)OP(OC(C)C)OC(C)C,1,,39,80,xylene,This work / SAR Modeling,phosphite,208.23799999999997,3.4883000000000024,27.69,0,3,6,0,1,3,13
P(OiPr)3_90C_toluene,CC(C)OP(OC(C)C)OC(C)C,1,,35,90,toluene,This work / SAR Modeling,phosphite,208.23799999999997,3.4883000000000024,27.69,0,3,6,0,1,3,13
P(OiPr)3_90C_dioxane,CC(C)OP(OC(C)C)OC(C)C,1,,33,90,dioxane,This work / SAR Modeling,phosphite,208.23799999999997,3.4883000000000024,27.69,0,3,6,0,1,3,13
P(OiPr)3_90C_hexane,CC(C)OP(OC(C)C)OC(C)C,1,,35,90,hexane,This work / SAR Modeling,phosphite,208.23799999999997,3.4883000000000024,27.69,0,3,6,0,1,3,13
P(OiPr)3_90C_benzene,CC(C)OP(OC(C)C)OC(C)C,1,,35,90,benzene,This work / SAR Modeling,phosphite,208.23799999999997,3.4883000000000024,27.69,0,3,6,0,1,3,13
P(OiPr)3_90C_xylene,CC(C)OP(OC(C)C)OC(C)C,1,,34,90,xylene,This work / SAR Modeling,phosphite,208.23799999999997,3.4883000000000024,27.69,0,3,6,0,1,3,13
P(OiPr)3_100C_toluene,CC(C)OP(OC(C)C)OC(C)C,1,,27,100,toluene,This work / SAR Modeling,phosphite,208.23799999999997,3.4883000000000024,27.69,0,3,6,0,1,3,13
P(OiPr)3_100C_THF,CC(C)OP(OC(C)C)OC(C)C,1,,31,100,THF,This work / SAR Modeling,phosphite,208.23799999999997,3.4883000000000024,27.69,0,3,6,0,1,3,13
P(OiPr)3_100C_dioxane,CC(C)OP(OC(C)C)OC(C)C,1,,30,100,dioxane,This work / SAR Modeling,phosphite,208.23799999999997,3.4883000000000024,27.69,0,3,6,0,1,3,13
P(OiPr)3_100C_hexane,CC(C)OP(OC(C)C)OC(C)C,1,,34,100,hexane,This work / SAR Modeling,phosphite,208.23799999999997,3.4883000000000024,27.69,0,3,6,0,1,3,13
P(OiPr)3_100C_benzene,CC(C)OP(OC(C)C)OC(C)C,1,,33,100,benzene,This work / SAR Modeling,phosphite,208.23799999999997,3.4883000000000024,27.69,0,3,6,0,1,3,13
P(OiPr)3_100C_xylene,CC(C)OP(OC(C)C)OC(C)C,1,,32,100,xylene,This work / SAR Modeling,phosphite,208.23799999999997,3.4883000000000024,27.69,0,3,6,0,1,3,13
P(OiPr)3_110C_toluene,CC(C)OP(OC(C)C)OC(C)C,1,,32,110,toluene,This work / SAR Modeling,phosphite,208.23799999999997,3.4883000000000024,27.69,0,3,6,0,1,3,13
P(OiPr)3_110C_THF,CC(C)OP(OC(C)C)OC(C)C,1,,26,110,THF,This work / SAR Modeling,phosphite,208.23799999999997,3.4883000000000024,27.69,0,3,6,0,1,3,13
P(OiPr)3_110C_dioxane,CC(C)OP(OC(C)C)OC(C)C,1,,29,110,dioxane,This work / SAR Modeling,phosphite,208.23799999999997,3.4883000000000024,27.69,0,3,6,0,1,3,13
P(OiPr)3_110C_hexane,CC(C)OP(OC(C)C)OC(C)C,1,,35,110,hexane,This work / SAR Modeling,phosphite,208.23799999999997,3.4883000000000024,27.69,0,3,6,0,1,3,13
P(OiPr)3_110C_benzene,CC(C)OP(OC(C)C)OC(C)C,1,,31,110,benzene,This work / SAR Modeling,phosphite,208.23799999999997,3.4883000000000024,27.69,0,3,6,0,1,3,13
P(OiPr)3_120C_dioxane,CC(C)OP(OC(C)C)OC(C)C,1,,31,120,dioxane,This work / SAR Modeling,phosphite,208.23799999999997,3.4883000000000024,27.69,0,3,6,0,1,3,13
P(OiPr)3_120C_hexane,CC(C)OP(OC(C)C)OC(C)C,1,,27,120,hexane,This work / SAR Modeling,phosphite,208.23799999999997,3.4883000000000024,27.69,0,3,6,0,1,3,13
P(OiPr)3_120C_benzene,CC(C)OP(OC(C)C)OC(C)C,1,,30,120,benzene,This work / SAR Modeling,phosphite,208.23799999999997,3.4883000000000024,27.69,0,3,6,0,1,3,13
P(OiPr)3_120C_xylene,CC(C)OP(OC(C)C)OC(C)C,1,,27,120,xylene,This work / SAR Modeling,phosphite,208.23799999999997,3.4883000000000024,27.69,0,3,6,0,1,3,13
P(OiPr)3_130C_toluene,CC(C)OP(OC(C)C)OC(C)C,1,,32,130,toluene,This work / SAR Modeling,phosphite,208.23799999999997,3.4883000000000024,27.69,0,3,6,0,1,3,13
P(OiPr)3_130C_THF,CC(C)OP(OC(C)C)OC(C)C,1,,24,130,THF,This work / SAR Modeling,phosphite,208.23799999999997,3.4883000000000024,27.69,0,3,6,0,1,3,13
P(OiPr)3_130C_dioxane,CC(C)OP(OC(C)C)OC(C)C,1,,27,130,dioxane,This work / SAR Modeling,phosphite,208.23799999999997,3.4883000000000024,27.69,0,3,6,0,1,3,13
P(OiPr)3_130C_hexane,CC(C)OP(OC(C)C)OC(C)C,1,,30,130,hexane,This work / SAR Modeling,phosphite,208.23799999999997,3.4883000000000024,27.69,0,3,6,0,1,3,13
P(OiPr)3_130C_benzene,CC(C)OP(OC(C)C)OC(C)C,1,,28,130,benzene,This work / SAR Modeling,phosphite,208.23799999999997,3.4883000000000024,27.69,0,3,6,0,1,3,13
dppm,CP(c1ccccc1)c1ccccc1,2,73.0,32,100,toluene,"US Patent 3,903,120",diphosphine,200.22099999999998,2.749100000000001,0.0,0,0,2,2,1,0,14
dppm_70C_toluene,CP(c1ccccc1)c1ccccc1,2,73.0,35,70,toluene,This work / SAR Modeling,diphosphine,200.22099999999998,2.749100000000001,0.0,0,0,2,2,1,0,14
dppm_70C_THF,CP(c1ccccc1)c1ccccc1,2,73.0,29,70,THF,This work / SAR Modeling,diphosphine,200.22099999999998,2.749100000000001,0.0,0,0,2,2,1,0,14
dppm_70C_dioxane,CP(c1ccccc1)c1ccccc1,2,73.0,33,70,dioxane,This work / SAR Modeling,diphosphine,200.22099999999998,2.749100000000001,0.0,0,0,2,2,1,0,14
dppm_70C_xylene,CP(c1ccccc1)c1ccccc1,2,73.0,38,70,xylene,This work / SAR Modeling,diphosphine,200.22099999999998,2.749100000000001,0.0,0,0,2,2,1,0,14
dppm_80C_toluene,CP(c1ccccc1)c1ccccc1,2,73.0,33,80,toluene,This work / SAR Modeling,diphosphine,200.22099999999998,2.749100000000001,0.0,0,0,2,2,1,0,14
dppm_80C_THF,CP(c1ccccc1)c1ccccc1,2,73.0,33,80,THF,This work / SAR Modeling,diphosphine,200.22099999999998,2.749100000000001,0.0,0,0,2,2,1,0,14
dppm_80C_benzene,CP(c1ccccc1)c1ccccc1,2,73.0,35,80,benzene,This work / SAR Modeling,diphosphine,200.22099999999998,2.749100000000001,0.0,0,0,2,2,1,0,14
dppm_80C_xylene,CP(c1ccccc1)c1ccccc1,2,73.0,35,80,xylene,This work / SAR Modeling,diphosphine,200.22099999999998,2.749100000000001,0.0,0,0,2,2,1,0,14
dppm_90C_toluene,CP(c1ccccc1)c1ccccc1,2,73.0,32,90,toluene,This work / SAR Modeling,diphosphine,200.22099999999998,2.749100000000001,0.0,0,0,2,2,1,0,14
dppm_90C_THF,CP(c1ccccc1)c1ccccc1,2,73.0,31,90,THF,This work / SAR Modeling,diphosphine,200.22099999999998,2.749100000000001,0.0,0,0,2,2,1,0,14
dppm_90C_dioxane,CP(c1ccccc1)c1ccccc1,2,73.0,30,90,dioxane,This work / SAR Modeling,diphosphine,200.22099999999998,2.749100000000001,0.0,0,0,2,2,1,0,14
dppm_90C_hexane,CP(c1ccccc1)c1ccccc1,2,73.0,32,90,hexane,This work / SAR Modeling,diphosphine,200.22099999999998,2.749100000000001,0.0,0,0,2,2,1,0,14
dppm_90C_xylene,CP(c1ccccc1)c1ccccc1,2,73.0,35,90,xylene,This work / SAR Modeling,diphosphine,200.22099999999998,2.749100000000001,0.0,0,0,2,2,1,0,14
dppm_100C_toluene,CP(c1ccccc1)c1ccccc1,2,73.0,33,100,toluene,This work / SAR Modeling,diphosphine,200.22099999999998,2.749100000000001,0.0,0,0,2,2,1,0,14
dppm_100C_THF,CP(c1ccccc1)c1ccccc1,2,73.0,33,100,THF,This work / SAR Modeling,diphosphine,200.22099999999998,2.749100000000001,0.0,0,0,2,2,1,0,14
dppm_100C_dioxane,CP(c1ccccc1)c1ccccc1,2,73.0,32,100,dioxane,This work / SAR Modeling,diphosphine,200.22099999999998,2.749100000000001,0.0,0,0,2,2,1,0,14
dppm_100C_hexane,CP(c1ccccc1)c1ccccc1,2,73.0,35,100,hexane,This work / SAR Modeling,diphosphine,200.22099999999998,2.749100000000001,0.0,0,0,2,2,1,0,14
dppm_100C_xylene,CP(c1ccccc1)c1ccccc1,2,73.0,30,100,xylene,This work / SAR Modeling,diphosphine,200.22099999999998,2.749100000000001,0.0,0,0,2,2,1,0,14
dppm_110C_toluene,CP(c1ccccc1)c1ccccc1,2,73.0,30,110,toluene,This work / SAR Modeling,diphosphine,200.22099999999998,2.749100000000001,0.0,0,0,2,2,1,0,14
dppm_110C_THF,CP(c1ccccc1)c1ccccc1,2,73.0,29,110,THF,This work / SAR Modeling,diphosphine,200.22099999999998,2.749100000000001,0.0,0,0,2,2,1,0,14
dppm_110C_dioxane,CP(c1ccccc1)c1ccccc1,2,73.0,30,110,dioxane,This work / SAR Modeling,diphosphine,200.22099999999998,2.749100000000001,0.0,0,0,2,2,1,0,14
dppm_110C_hexane,CP(c1ccccc1)c1ccccc1,2,73.0,34,110,hexane,This work / SAR Modeling,diphosphine,200.22099999999998,2.749100000000001,0.0,0,0,2,2,1,0,14
dppm_110C_benzene,CP(c1ccccc1)c1ccccc1,2,73.0,31,110,benzene,This work / SAR Modeling,diphosphine,200.22099999999998,2.749100000000001,0.0,0,0,2,2,1,0,14
dppm_110C_xylene,CP(c1ccccc1)c1ccccc1,2,73.0,35,110,xylene,This work / SAR Modeling,diphosphine,200.22099999999998,2.749100000000001,0.0,0,0,2,2,1,0,14
dppm_120C_toluene,CP(c1ccccc1)c1ccccc1,2,73.0,26,120,toluene,This work / SAR Modeling,diphosphine,200.22099999999998,2.749100000000001,0.0,0,0,2,2,1,0,14
dppm_120C_THF,CP(c1ccccc1)c1ccccc1,2,73.0,28,120,THF,This work / SAR Modeling,diphosphine,200.22099999999998,2.749100000000001,0.0,0,0,2,2,1,0,14
dppm_120C_dioxane,CP(c1ccccc1)c1ccccc1,2,73.0,30,120,dioxane,This work / SAR Modeling,diphosphine,200.22099999999998,2.749100000000001,0.0,0,0,2,2,1,0,14
dppm_120C_hexane,CP(c1ccccc1)c1ccccc1,2,73.0,33,120,hexane,This work / SAR Modeling,diphosphine,200.22099999999998,2.749100000000001,0.0,0,0,2,2,1,0,14
dppm_120C_benzene,CP(c1ccccc1)c1ccccc1,2,73.0,31,120,benzene,This work / SAR Modeling,diphosphine,200.22099999999998,2.749100000000001,0.0,0,0,2,2,1,0,14
dppm_120C_xylene,CP(c1ccccc1)c1ccccc1,2,73.0,28,120,xylene,This work / SAR Modeling,diphosphine,200.22099999999998,2.749100000000001,0.0,0,0,2,2,1,0,14
dppm_130C_THF,CP(c1ccccc1)c1ccccc1,2,73.0,24,130,THF,This work / SAR Modeling,diphosphine,200.22099999999998,2.749100000000001,0.0,0,0,2,2,1,0,14
dppm_130C_dioxane,CP(c1ccccc1)c1ccccc1,2,73.0,25,130,dioxane,This work / SAR Modeling,diphosphine,200.22099999999998,2.749100000000001,0.0,0,0,2,2,1,0,14
dppe,CC(P(c1ccccc1)c1ccccc1)P(c1ccccc1)c1ccccc1,2,86.0,45,100,toluene,"Organometallics 1985, 4, 1620",diphosphine,398.4260000000001,5.598200000000006,0.0,0,0,6,4,2,0,28
dppe_70C_toluene,CC(P(c1ccccc1)c1ccccc1)P(c1ccccc1)c1ccccc1,2,86.0,51,70,toluene,This work / SAR Modeling,diphosphine,398.4260000000001,5.598200000000006,0.0,0,0,6,4,2,0,28
dppe_70C_benzene,CC(P(c1ccccc1)c1ccccc1)P(c1ccccc1)c1ccccc1,2,86.0,51,70,benzene,This work / SAR Modeling,diphosphine,398.4260000000001,5.598200000000006,0.0,0,0,6,4,2,0,28
dppe_70C_xylene,CC(P(c1ccccc1)c1ccccc1)P(c1ccccc1)c1ccccc1,2,86.0,55,70,xylene,This work / SAR Modeling,diphosphine,398.4260000000001,5.598200000000006,0.0,0,0,6,4,2,0,28
dppe_80C_THF,CC(P(c1ccccc1)c1ccccc1)P(c1ccccc1)c1ccccc1,2,86.0,47,80,THF,This work / SAR Modeling,diphosphine,398.4260000000001,5.598200000000006,0.0,0,0,6,4,2,0,28
dppe_80C_dioxane,CC(P(c1ccccc1)c1ccccc1)P(c1ccccc1)c1ccccc1,2,86.0,46,80,dioxane,This work / SAR Modeling,diphosphine,398.4260000000001,5.598200000000006,0.0,0,0,6,4,2,0,28
dppe_80C_benzene,CC(P(c1ccccc1)c1ccccc1)P(c1ccccc1)c1ccccc1,2,86.0,51,80,benzene,This work / SAR Modeling,diphosphine,398.4260000000001,5.598200000000006,0.0,0,0,6,4,2,0,28
dppe_80C_xylene,CC(P(c1ccccc1)c1ccccc1)P(c1ccccc1)c1ccccc1,2,86.0,51,80,xylene,This work / SAR Modeling,diphosphine,398.4260000000001,5.598200000000006,0.0,0,0,6,4,2,0,28
dppe_90C_toluene,CC(P(c1ccccc1)c1ccccc1)P(c1ccccc1)c1ccccc1,2,86.0,49,90,toluene,This work / SAR Modeling,diphosphine,398.4260000000001,5.598200000000006,0.0,0,0,6,4,2,0,28
dppe_90C_THF,CC(P(c1ccccc1)c1ccccc1)P(c1ccccc1)c1ccccc1,2,86.0,39,90,THF,This work / SAR Modeling,diphosphine,398.4260000000001,5.598200000000006,0.0,0,0,6,4,2,0,28
dppe_90C_dioxane,CC(P(c1ccccc1)c1ccccc1)P(c1ccccc1)c1ccccc1,2,86.0,46,90,dioxane,This work / SAR Modeling,diphosphine,398.4260000000001,5.598200000000006,0.0,0,0,6,4,2,0,28
dppe_90C_benzene,CC(P(c1ccccc1)c1ccccc1)P(c1ccccc1)c1ccccc1,2,86.0,49,90,benzene,This work / SAR Modeling,diphosphine,398.4260000000001,5.598200000000006,0.0,0,0,6,4,2,0,28
dppe_90C_xylene,CC(P(c1ccccc1)c1ccccc1)P(c1ccccc1)c1ccccc1,2,86.0,52,90,xylene,This work / SAR Modeling,diphosphine,398.4260000000001,5.598200000000006,0.0,0,0,6,4,2,0,28
dppe_100C_toluene,CC(P(c1ccccc1)c1ccccc1)P(c1ccccc1)c1ccccc1,2,86.0,42,100,toluene,This work / SAR Modeling,diphosphine,398.4260000000001,5.598200000000006,0.0,0,0,6,4,2,0,28
dppe_100C_THF,CC(P(c1ccccc1)c1ccccc1)P(c1ccccc1)c1ccccc1,2,86.0,43,100,THF,This work / SAR Modeling,diphosphine,398.4260000000001,5.598200000000006,0.0,0,0,6,4,2,0,28
dppe_100C_hexane,CC(P(c1ccccc1)c1ccccc1)P(c1ccccc1)c1ccccc1,2,86.0,47,100,hexane,This work / SAR Modeling,diphosphine,398.4260000000001,5.598200000000006,0.0,0,0,6,4,2,0,28
dppe_100C_benzene,CC(P(c1ccccc1)c1ccccc1)P(c1ccccc1)c1ccccc1,2,86.0,46,100,benzene,This work / SAR Modeling,diphosphine,398.4260000000001,5.598200000000006,0.0,0,0,6,4,2,0,28
dppe_100C_xylene,CC(P(c1ccccc1)c1ccccc1)P(c1ccccc1)c1ccccc1,2,86.0,46,100,xylene,This work / SAR Modeling,diphosphine,398.4260000000001,5.598200000000006,0.0,0,0,6,4,2,0,28
dppe_110C_toluene,CC(P(c1ccccc1)c1ccccc1)P(c1ccccc1)c1ccccc1,2,86.0,43,110,toluene,This work / SAR Modeling,diphosphine,398.4260000000001,5.598200000000006,0.0,0,0,6,4,2,0,28
dppe_110C_THF,CC(P(c1ccccc1)c1ccccc1)P(c1ccccc1)c1ccccc1,2,86.0,44,110,THF,This work / SAR Modeling,diphosphine,398.4260000000001,5.598200000000006,0.0,0,0,6,4,2,0,28
dppe_110C_dioxane,CC(P(c1ccccc1)c1ccccc1)P(c1ccccc1)c1ccccc1,2,86.0,44,110,dioxane,This work / SAR Modeling,diphosphine,398.4260000000001,5.598200000000006,0.0,0,0,6,4,2,0,28
dppe_110C_benzene,CC(P(c1ccccc1)c1ccccc1)P(c1ccccc1)c1ccccc1,2,86.0,46,110,benzene,This work / SAR Modeling,diphosphine,398.4260000000001,5.598200000000006,0.0,0,0,6,4,2,0,28
dppe_120C_toluene,CC(P(c1ccccc1)c1ccccc1)P(c1ccccc1)c1ccccc1,2,86.0,43,120,toluene,This work / SAR Modeling,diphosphine,398.4260000000001,5.598200000000006,0.0,0,0,6,4,2,0,28
dppe_120C_dioxane,CC(P(c1ccccc1)c1ccccc1)P(c1ccccc1)c1ccccc1,2,86.0,40,120,dioxane,This work / SAR Modeling,diphosphine,398.4260000000001,5.598200000000006,0.0,0,0,6,4,2,0,28
dppe_120C_hexane,CC(P(c1ccccc1)c1ccccc1)P(c1ccccc1)c1ccccc1,2,86.0,40,120,hexane,This work / SAR Modeling,diphosphine,398.4260000000001,5.598200000000006,0.0,0,0,6,4,2,0,28
dppe_120C_benzene,CC(P(c1ccccc1)c1ccccc1)P(c1ccccc1)c1ccccc1,2,86.0,42,120,benzene,This work / SAR Modeling,diphosphine,398.4260000000001,5.598200000000006,0.0,0,0,6,4,2,0,28
dppe_120C_xylene,CC(P(c1ccccc1)c1ccccc1)P(c1ccccc1)c1ccccc1,2,86.0,42,120,xylene,This work / SAR Modeling,diphosphine,398.4260000000001,5.598200000000006,0.0,0,0,6,4,2,0,28
dppe_130C_toluene,CC(P(c1ccccc1)c1ccccc1)P(c1ccccc1)c1ccccc1,2,86.0,38,130,toluene,This work / SAR Modeling,diphosphine,398.4260000000001,5.598200000000006,0.0,0,0,6,4,2,0,28
dppe_130C_THF,CC(P(c1ccccc1)c1ccccc1)P(c1ccccc1)c1ccccc1,2,86.0,33,130,THF,This work / SAR Modeling,diphosphine,398.4260000000001,5.598200000000006,0.0,0,0,6,4,2,0,28
dppe_130C_dioxane,CC(P(c1ccccc1)c1ccccc1)P(c1ccccc1)c1ccccc1,2,86.0,36,130,dioxane,This work / SAR Modeling,diphosphine,398.4260000000001,5.598200000000006,0.0,0,0,6,4,2,0,28
dppe_130C_hexane,CC(P(c1ccccc1)c1ccccc1)P(c1ccccc1)c1ccccc1,2,86.0,41,130,hexane,This work / SAR Modeling,diphosphine,398.4260000000001,5.598200000000006,0.0,0,0,6,4,2,0,28
dppe_130C_benzene,CC(P(c1ccccc1)c1ccccc1)P(c1ccccc1)c1ccccc1,2,86.0,38,130,benzene,This work / SAR Modeling,diphosphine,398.4260000000001,5.598200000000006,0.0,0,0,6,4,2,0,28
dppe_130C_xylene,CC(P(c1ccccc1)c1ccccc1)P(c1ccccc1)c1ccccc1,2,86.0,40,130,xylene,This work / SAR Modeling,diphosphine,398.4260000000001,5.598200000000006,0.0,0,0,6,4,2,0,28
dppp,CCC(P(c1ccccc1)c1ccccc1)P(c1ccccc1)c1ccccc1,2,91.0,58,100,toluene,"Organometallics 1985, 4, 1620",diphosphine,412.4530000000001,5.988300000000006,0.0,0,0,7,4,2,0,29
dppp_70C_toluene,CCC(P(c1ccccc1)c1ccccc1)P(c1ccccc1)c1ccccc1,2,91.0,65,70,toluene,This work / SAR Modeling,diphosphine,412.4530000000001,5.988300000000006,0.0,0,0,7,4,2,0,29
dppp_70C_dioxane,CCC(P(c1ccccc1)c1ccccc1)P(c1ccccc1)c1ccccc1,2,91.0,63,70,dioxane,This work / SAR Modeling,diphosphine,412.4530000000001,5.988300000000006,0.0,0,0,7,4,2,0,29
dppp_70C_benzene,CCC(P(c1ccccc1)c1ccccc1)P(c1ccccc1)c1ccccc1,2,91.0,63,70,benzene,This work / SAR Modeling,diphosphine,412.4530000000001,5.988300000000006,0.0,0,0,7,4,2,0,29
dppp_70C_xylene,CCC(P(c1ccccc1)c1ccccc1)P(c1ccccc1)c1ccccc1,2,91.0,66,70,xylene,This work / SAR Modeling,diphosphine,412.4530000000001,5.988300000000006,0.0,0,0,7,4,2,0,29
dppp_80C_hexane,CCC(P(c1ccccc1)c1ccccc1)P(c1ccccc1)c1ccccc1,2,91.0,63,80,hexane,This work / SAR Modeling,diphosphine,412.4530000000001,5.988300000000006,0.0,0,0,7,4,2,0,29
dppp_80C_xylene,CCC(P(c1ccccc1)c1ccccc1)P(c1ccccc1)c1ccccc1,2,91.0,60,80,xylene,This work / SAR Modeling,diphosphine,412.4530000000001,5.988300000000006,0.0,0,0,7,4,2,0,29
dppp_90C_toluene,CCC(P(c1ccccc1)c1ccccc1)P(c1ccccc1)c1ccccc1,2,91.0,59,90,toluene,This work / SAR Modeling,diphosphine,412.4530000000001,5.988300000000006,0.0,0,0,7,4,2,0,29
dppp_90C_THF,CCC(P(c1ccccc1)c1ccccc1)P(c1ccccc1)c1ccccc1,2,91.0,58,90,THF,This work / SAR Modeling,diphosphine,412.4530000000001,5.988300000000006,0.0,0,0,7,4,2,0,29
dppp_90C_hexane,CCC(P(c1ccccc1)c1ccccc1)P(c1ccccc1)c1ccccc1,2,91.0,61,90,hexane,This work / SAR Modeling,diphosphine,412.4530000000001,5.988300000000006,0.0,0,0,7,4,2,0,29
dppp_90C_benzene,CCC(P(c1ccccc1)c1ccccc1)P(c1ccccc1)c1ccccc1,2,91.0,66,90,benzene,This work / SAR Modeling,diphosphine,412.4530000000001,5.988300000000006,0.0,0,0,7,4,2,0,29
dppp_100C_toluene,CCC(P(c1ccccc1)c1ccccc1)P(c1ccccc1)c1ccccc1,2,91.0,63,100,toluene,This work / SAR Modeling,diphosphine,412.4530000000001,5.988300000000006,0.0,0,0,7,4,2,0,29
dppp_100C_THF,CCC(P(c1ccccc1)c1ccccc1)P(c1ccccc1)c1ccccc1,2,91.0,55,100,THF,This work / SAR Modeling,diphosphine,412.4530000000001,5.988300000000006,0.0,0,0,7,4,2,0,29
dppp_100C_dioxane,CCC(P(c1ccccc1)c1ccccc1)P(c1ccccc1)c1ccccc1,2,91.0,54,100,dioxane,This work / SAR Modeling,diphosphine,412.4530000000001,5.988300000000006,0.0,0,0,7,4,2,0,29
dppp_100C_hexane,CCC(P(c1ccccc1)c1ccccc1)P(c1ccccc1)c1ccccc1,2,91.0,58,100,hexane,This work / SAR Modeling,diphosphine,412.4530000000001,5.988300000000006,0.0,0,0,7,4,2,0,29
dppp_100C_benzene,CCC(P(c1ccccc1)c1ccccc1)P(c1ccccc1)c1ccccc1,2,91.0,57,100,benzene,This work / SAR Modeling,diphosphine,412.4530000000001,5.988300000000006,0.0,0,0,7,4,2,0,29
dppp_100C_xylene,CCC(P(c1ccccc1)c1ccccc1)P(c1ccccc1)c1ccccc1,2,91.0,59,100,xylene,This work / SAR Modeling,diphosphine,412.4530000000001,5.988300000000006,0.0,0,0,7,4,2,0,29
dppp_110C_toluene,CCC(P(c1ccccc1)c1ccccc1)P(c1ccccc1)c1ccccc1,2,91.0,55,110,toluene,This work / SAR Modeling,diphosphine,412.4530000000001,5.988300000000006,0.0,0,0,7,4,2,0,29
dppp_110C_THF,CCC(P(c1ccccc1)c1ccccc1)P(c1ccccc1)c1ccccc1,2,91.0,51,110,THF,This work / SAR Modeling,diphosphine,412.4530000000001,5.988300000000006,0.0,0,0,7,4,2,0,29
dppp_110C_dioxane,CCC(P(c1ccccc1)c1ccccc1)P(c1ccccc1)c1ccccc1,2,91.0,54,110,dioxane,This work / SAR Modeling,diphosphine,412.4530000000001,5.988300000000006,0.0,0,0,7,4,2,0,29
dppp_110C_hexane,CCC(P(c1ccccc1)c1ccccc1)P(c1ccccc1)c1ccccc1,2,91.0,58,110,hexane,This work / SAR Modeling,diphosphine,412.4530000000001,5.988300000000006,0.0,0,0,7,4,2,0,29
dppp_110C_benzene,CCC(P(c1ccccc1)c1ccccc1)P(c1ccccc1)c1ccccc1,2,91.0,56,110,benzene,This work / SAR Modeling,diphosphine,412.4530000000001,5.988300000000006,0.0,0,0,7,4,2,0,29
dppp_120C_toluene,CCC(P(c1ccccc1)c1ccccc1)P(c1ccccc1)c1ccccc1,2,91.0,54,120,toluene,This work / SAR Modeling,diphosphine,412.4530000000001,5.988300000000006,0.0,0,0,7,4,2,0,29
dppp_120C_THF,CCC(P(c1ccccc1)c1ccccc1)P(c1ccccc1)c1ccccc1,2,91.0,50,120,THF,This work / SAR Modeling,diphosphine,412.4530000000001,5.988300000000006,0.0,0,0,7,4,2,0,29
dppp_120C_dioxane,CCC(P(c1ccccc1)c1ccccc1)P(c1ccccc1)c1ccccc1,2,91.0,52,120,dioxane,This work / SAR Modeling,diphosphine,412.4530000000001,5.988300000000006,0.0,0,0,7,4,2,0,29
dppp_120C_hexane,CCC(P(c1ccccc1)c1ccccc1)P(c1ccccc1)c1ccccc1,2,91.0,57,120,hexane,This work / SAR Modeling,diphosphine,412.4530000000001,5.988300000000006,0.0,0,0,7,4,2,0,29
dppp_120C_xylene,CCC(P(c1ccccc1)c1ccccc1)P(c1ccccc1)c1ccccc1,2,91.0,56,120,xylene,This work / SAR Modeling,diphosphine,412.4530000000001,5.988300000000006,0.0,0,0,7,4,2,0,29
dppp_130C_toluene,CCC(P(c1ccccc1)c1ccccc1)P(c1ccccc1)c1ccccc1,2,91.0,52,130,toluene,This work / SAR Modeling,diphosphine,412.4530000000001,5.988300000000006,0.0,0,0,7,4,2,0,29
dppp_130C_THF,CCC(P(c1ccccc1)c1ccccc1)P(c1ccccc1)c1ccccc1,2,91.0,44,130,THF,This work / SAR Modeling,diphosphine,412.4530000000001,5.988300000000006,0.0,0,0,7,4,2,0,29
dppp_130C_dioxane,CCC(P(c1ccccc1)c1ccccc1)P(c1ccccc1)c1ccccc1,2,91.0,50,130,dioxane,This work / SAR Modeling,diphosphine,412.4530000000001,5.988300000000006,0.0,0,0,7,4,2,0,29
dppp_130C_hexane,CCC(P(c1ccccc1)c1ccccc1)P(c1ccccc1)c1ccccc1,2,91.0,55,130,hexane,This work / SAR Modeling,diphosphine,412.4530000000001,5.988300000000006,0.0,0,0,7,4,2,0,29
dppp_130C_benzene,CCC(P(c1ccccc1)c1ccccc1)P(c1ccccc1)c1ccccc1,2,91.0,54,130,benzene,This work / SAR Modeling,diphosphine,412.4530000000001,5.988300000000006,0.0,0,0,7,4,2,0,29
dppp_130C_xylene,CCC(P(c1ccccc1)c1ccccc1)P(c1ccccc1)c1ccccc1,2,91.0,51,130,xylene,This work / SAR Modeling,diphosphine,412.4530000000001,5.988300000000006,0.0,0,0,7,4,2,0,29
dppb,CCCC(P(c1ccccc1)c1ccccc1)P(c1ccccc1)c1ccccc1,2,98.0,72,100,toluene,"JACS 1971, 93, 2397",diphosphine,426.48000000000013,6.378400000000006,0.0,0,0,8,4,2,0,30
dppb_70C_toluene,CCCC(P(c1ccccc1)c1ccccc1)P(c1ccccc1)c1ccccc1,2,98.0,76,70,toluene,This work / SAR Modeling,diphosphine,426.48000000000013,6.378400000000006,0.0,0,0,8,4,2,0,30
dppb_70C_THF,CCCC(P(c1ccccc1)c1ccccc1)P(c1ccccc1)c1ccccc1,2,98.0,76,70,THF,This work / SAR Modeling,diphosphine,426.48000000000013,6.378400000000006,0.0,0,0,8,4,2,0,30
dppb_70C_dioxane,CCCC(P(c1ccccc1)c1ccccc1)P(c1ccccc1)c1ccccc1,2,98.0,76,70,dioxane,This work / SAR Modeling,diphosphine,426.48000000000013,6.378400000000006,0.0,0,0,8,4,2,0,30
dppb_70C_benzene,CCCC(P(c1ccccc1)c1ccccc1)P(c1ccccc1)c1ccccc1,2,98.0,81,70,benzene,This work / SAR Modeling,diphosphine,426.48000000000013,6.378400000000006,0.0,0,0,8,4,2,0,30
dppb_70C_xylene,CCCC(P(c1ccccc1)c1ccccc1)P(c1ccccc1)c1ccccc1,2,98.0,83,70,xylene,This work / SAR Modeling,diphosphine,426.48000000000013,6.378400000000006,0.0,0,0,8,4,2,0,30
dppb_80C_THF,CCCC(P(c1ccccc1)c1ccccc1)P(c1ccccc1)c1ccccc1,2,98.0,72,80,THF,This work / SAR Modeling,diphosphine,426.48000000000013,6.378400000000006,0.0,0,0,8,4,2,0,30
dppb_80C_hexane,CCCC(P(c1ccccc1)c1ccccc1)P(c1ccccc1)c1ccccc1,2,98.0,83,80,hexane,This work / SAR Modeling,diphosphine,426.48000000000013,6.378400000000006,0.0,0,0,8,4,2,0,30
dppb_90C_toluene,CCCC(P(c1ccccc1)c1ccccc1)P(c1ccccc1)c1ccccc1,2,98.0,74,90,toluene,This work / SAR Modeling,diphosphine,426.48000000000013,6.378400000000006,0.0,0,0,8,4,2,0,30
dppb_90C_hexane,CCCC(P(c1ccccc1)c1ccccc1)P(c1ccccc1)c1ccccc1,2,98.0,77,90,hexane,This work / SAR Modeling,diphosphine,426.48000000000013,6.378400000000006,0.0,0,0,8,4,2,0,30
dppb_90C_xylene,CCCC(P(c1ccccc1)c1ccccc1)P(c1ccccc1)c1ccccc1,2,98.0,78,90,xylene,This work / SAR Modeling,diphosphine,426.48000000000013,6.378400000000006,0.0,0,0,8,4,2,0,30
dppb_100C_dioxane,CCCC(P(c1ccccc1)c1ccccc1)P(c1ccccc1)c1ccccc1,2,98.0,72,100,dioxane,This work / SAR Modeling,diphosphine,426.48000000000013,6.378400000000006,0.0,0,0,8,4,2,0,30
dppb_100C_xylene,CCCC(P(c1ccccc1)c1ccccc1)P(c1ccccc1)c1ccccc1,2,98.0,72,100,xylene,This work / SAR Modeling,diphosphine,426.48000000000013,6.378400000000006,0.0,0,0,8,4,2,0,30
dppb_110C_toluene,CCCC(P(c1ccccc1)c1ccccc1)P(c1ccccc1)c1ccccc1,2,98.0,69,110,toluene,This work / SAR Modeling,diphosphine,426.48000000000013,6.378400000000006,0.0,0,0,8,4,2,0,30
dppb_110C_THF,CCCC(P(c1ccccc1)c1ccccc1)P(c1ccccc1)c1ccccc1,2,98.0,66,110,THF,This work / SAR Modeling,diphosphine,426.48000000000013,6.378400000000006,0.0,0,0,8,4,2,0,30
dppb_110C_hexane,CCCC(P(c1ccccc1)c1ccccc1)P(c1ccccc1)c1ccccc1,2,98.0,67,110,hexane,This work / SAR Modeling,diphosphine,426.48000000000013,6.378400000000006,0.0,0,0,8,4,2,0,30
dppb_110C_benzene,CCCC(P(c1ccccc1)c1ccccc1)P(c1ccccc1)c1ccccc1,2,98.0,72,110,benzene,This work / SAR Modeling,diphosphine,426.48000000000013,6.378400000000006,0.0,0,0,8,4,2,0,30
dppb_120C_dioxane,CCCC(P(c1ccccc1)c1ccccc1)P(c1ccccc1)c1ccccc1,2,98.0,61,120,dioxane,This work / SAR Modeling,diphosphine,426.48000000000013,6.378400000000006,0.0,0,0,8,4,2,0,30
dppb_120C_hexane,CCCC(P(c1ccccc1)c1ccccc1)P(c1ccccc1)c1ccccc1,2,98.0,67,120,hexane,This work / SAR Modeling,diphosphine,426.48000000000013,6.378400000000006,0.0,0,0,8,4,2,0,30
dppb_120C_benzene,CCCC(P(c1ccccc1)c1ccccc1)P(c1ccccc1)c1ccccc1,2,98.0,68,120,benzene,This work / SAR Modeling,diphosphine,426.48000000000013,6.378400000000006,0.0,0,0,8,4,2,0,30
dppb_120C_xylene,CCCC(P(c1ccccc1)c1ccccc1)P(c1ccccc1)c1ccccc1,2,98.0,68,120,xylene,This work / SAR Modeling,diphosphine,426.48000000000013,6.378400000000006,0.0,0,0,8,4,2,0,30
dppb_130C_toluene,CCCC(P(c1ccccc1)c1ccccc1)P(c1ccccc1)c1ccccc1,2,98.0,63,130,toluene,This work / SAR Modeling,diphosphine,426.48000000000013,6.378400000000006,0.0,0,0,8,4,2,0,30
dppb_130C_THF,CCCC(P(c1ccccc1)c1ccccc1)P(c1ccccc1)c1ccccc1,2,98.0,57,130,THF,This work / SAR Modeling,diphosphine,426.48000000000013,6.378400000000006,0.0,0,0,8,4,2,0,30
dppb_130C_dioxane,CCCC(P(c1ccccc1)c1ccccc1)P(c1ccccc1)c1ccccc1,2,98.0,62,130,dioxane,This work / SAR Modeling,diphosphine,426.48000000000013,6.378400000000006,0.0,0,0,8,4,2,0,30
dppb_130C_hexane,CCCC(P(c1ccccc1)c1ccccc1)P(c1ccccc1)c1ccccc1,2,98.0,66,130,hexane,This work / SAR Modeling,diphosphine,426.48000000000013,6.378400000000006,0.0,0,0,8,4,2,0,30
dppb_130C_benzene,CCCC(P(c1ccccc1)c1ccccc1)P(c1ccccc1)c1ccccc1,2,98.0,63,130,benzene,This work / SAR Modeling,diphosphine,426.48000000000013,6.378400000000006,0.0,0,0,8,4,2,0,30
dpppe,CCCCC(P(c1ccccc1)c1ccccc1)P(c1ccccc1)c1ccccc1,2,102.0,65,100,toluene,This work / SAR Modeling,diphosphine,440.5070000000001,6.7685000000000075,0.0,0,0,9,4,2,0,31
dpppe_70C_dioxane,CCCCC(P(c1ccccc1)c1ccccc1)P(c1ccccc1)c1ccccc1,2,102.0,71,70,dioxane,This work / SAR Modeling,diphosphine,440.5070000000001,6.7685000000000075,0.0,0,0,9,4,2,0,31
dpppe_70C_hexane,CCCCC(P(c1ccccc1)c1ccccc1)P(c1ccccc1)c1ccccc1,2,102.0,73,70,hexane,This work / SAR Modeling,diphosphine,440.5070000000001,6.7685000000000075,0.0,0,0,9,4,2,0,31
dpppe_70C_xylene,CCCCC(P(c1ccccc1)c1ccccc1)P(c1ccccc1)c1ccccc1,2,102.0,73,70,xylene,This work / SAR Modeling,diphosphine,440.5070000000001,6.7685000000000075,0.0,0,0,9,4,2,0,31
dpppe_80C_THF,CCCCC(P(c1ccccc1)c1ccccc1)P(c1ccccc1)c1ccccc1,2,102.0,65,80,THF,This work / SAR Modeling,diphosphine,440.5070000000001,6.7685000000000075,0.0,0,0,9,4,2,0,31
dpppe_80C_dioxane,CCCCC(P(c1ccccc1)c1ccccc1)P(c1ccccc1)c1ccccc1,2,102.0,67,80,dioxane,This work / SAR Modeling,diphosphine,440.5070000000001,6.7685000000000075,0.0,0,0,9,4,2,0,31
dpppe_80C_hexane,CCCCC(P(c1ccccc1)c1ccccc1)P(c1ccccc1)c1ccccc1,2,102.0,74,80,hexane,This work / SAR Modeling,diphosphine,440.5070000000001,6.7685000000000075,0.0,0,0,9,4,2,0,31
dpppe_80C_benzene,CCCCC(P(c1ccccc1)c1ccccc1)P(c1ccccc1)c1ccccc1,2,102.0,70,80,benzene,This work / SAR Modeling,diphosphine,440.5070000000001,6.7685000000000075,0.0,0,0,9,4,2,0,31
dpppe_90C_toluene,CCCCC(P(c1ccccc1)c1ccccc1)P(c1ccccc1)c1ccccc1,2,102.0,69,90,toluene,This work / SAR Modeling,diphosphine,440.5070000000001,6.7685000000000075,0.0,0,0,9,4,2,0,31
dpppe_90C_THF,CCCCC(P(c1ccccc1)c1ccccc1)P(c1ccccc1)c1ccccc1,2,102.0,63,90,THF,This work / SAR Modeling,diphosphine,440.5070000000001,6.7685000000000075,0.0,0,0,9,4,2,0,31
dpppe_90C_hexane,CCCCC(P(c1ccccc1)c1ccccc1)P(c1ccccc1)c1ccccc1,2,102.0,71,90,hexane,This work / SAR Modeling,diphosphine,440.5070000000001,6.7685000000000075,0.0,0,0,9,4,2,0,31
dpppe_90C_benzene,CCCCC(P(c1ccccc1)c1ccccc1)P(c1ccccc1)c1ccccc1,2,102.0,69,90,benzene,This work / SAR Modeling,diphosphine,440.5070000000001,6.7685000000000075,0.0,0,0,9,4,2,0,31
dpppe_90C_xylene,CCCCC(P(c1ccccc1)c1ccccc1)P(c1ccccc1)c1ccccc1,2,102.0,72,90,xylene,This work / SAR Modeling,diphosphine,440.5070000000001,6.7685000000000075,0.0,0,0,9,4,2,0,31
dpppe_100C_toluene,CCCCC(P(c1ccccc1)c1ccccc1)P(c1ccccc1)c1ccccc1,2,102.0,65,100,toluene,This work / SAR Modeling,diphosphine,440.5070000000001,6.7685000000000075,0.0,0,0,9,4,2,0,31
dpppe_100C_THF,CCCCC(P(c1ccccc1)c1ccccc1)P(c1ccccc1)c1ccccc1,2,102.0,63,100,THF,This work / SAR Modeling,diphosphine,440.5070000000001,6.7685000000000075,0.0,0,0,9,4,2,0,31
dpppe_100C_dioxane,CCCCC(P(c1ccccc1)c1ccccc1)P(c1ccccc1)c1ccccc1,2,102.0,65,100,dioxane,This work / SAR Modeling,diphosphine,440.5070000000001,6.7685000000000075,0.0,0,0,9,4,2,0,31
dpppe_110C_toluene,CCCCC(P(c1ccccc1)c1ccccc1)P(c1ccccc1)c1ccccc1,2,102.0,62,110,toluene,This work / SAR Modeling,diphosphine,440.5070000000001,6.7685000000000075,0.0,0,0,9,4,2,0,31
dpppe_110C_dioxane,CCCCC(P(c1ccccc1)c1ccccc1)P(c1ccccc1)c1ccccc1,2,102.0,63,110,dioxane,This work / SAR Modeling,diphosphine,440.5070000000001,6.7685000000000075,0.0,0,0,9,4,2,0,31
dpppe_110C_hexane,CCCCC(P(c1ccccc1)c1ccccc1)P(c1ccccc1)c1ccccc1,2,102.0,63,110,hexane,This work / SAR Modeling,diphosphine,440.5070000000001,6.7685000000000075,0.0,0,0,9,4,2,0,31
dpppe_110C_benzene,CCCCC(P(c1ccccc1)c1ccccc1)P(c1ccccc1)c1ccccc1,2,102.0,63,110,benzene,This work / SAR Modeling,diphosphine,440.5070000000001,6.7685000000000075,0.0,0,0,9,4,2,0,31
dpppe_120C_toluene,CCCCC(P(c1ccccc1)c1ccccc1)P(c1ccccc1)c1ccccc1,2,102.0,61,120,toluene,This work / SAR Modeling,diphosphine,440.5070000000001,6.7685000000000075,0.0,0,0,9,4,2,0,31
dpppe_120C_THF,CCCCC(P(c1ccccc1)c1ccccc1)P(c1ccccc1)c1ccccc1,2,102.0,55,120,THF,This work / SAR Modeling,diphosphine,440.5070000000001,6.7685000000000075,0.0,0,0,9,4,2,0,31
dpppe_120C_dioxane,CCCCC(P(c1ccccc1)c1ccccc1)P(c1ccccc1)c1ccccc1,2,102.0,62,120,dioxane,This work / SAR Modeling,diphosphine,440.5070000000001,6.7685000000000075,0.0,0,0,9,4,2,0,31
dpppe_120C_benzene,CCCCC(P(c1ccccc1)c1ccccc1)P(c1ccccc1)c1ccccc1,2,102.0,61,120,benzene,This work / SAR Modeling,diphosphine,440.5070000000001,6.7685000000000075,0.0,0,0,9,4,2,0,31
dpppe_120C_xylene,CCCCC(P(c1ccccc1)c1ccccc1)P(c1ccccc1)c1ccccc1,2,102.0,64,120,xylene,This work / SAR Modeling,diphosphine,440.5070000000001,6.7685000000000075,0.0,0,0,9,4,2,0,31
dpppe_130C_toluene,CCCCC(P(c1ccccc1)c1ccccc1)P(c1ccccc1)c1ccccc1,2,102.0,54,130,toluene,This work / SAR Modeling,diphosphine,440.5070000000001,6.7685000000000075,0.0,0,0,9,4,2,0,31
dpppe_130C_THF,CCCCC(P(c1ccccc1)c1ccccc1)P(c1ccccc1)c1ccccc1,2,102.0,55,130,THF,This work / SAR Modeling,diphosphine,440.5070000000001,6.7685000000000075,0.0,0,0,9,4,2,0,31
dpppe_130C_dioxane,CCCCC(P(c1ccccc1)c1ccccc1)P(c1ccccc1)c1ccccc1,2,102.0,57,130,dioxane,This work / SAR Modeling,diphosphine,440.5070000000001,6.7685000000000075,0.0,0,0,9,4,2,0,31
dpppe_130C_hexane,CCCCC(P(c1ccccc1)c1ccccc1)P(c1ccccc1)c1ccccc1,2,102.0,60,130,hexane,This work / SAR Modeling,diphosphine,440.5070000000001,6.7685000000000075,0.0,0,0,9,4,2,0,31
dpppe_130C_xylene,CCCCC(P(c1ccccc1)c1ccccc1)P(c1ccccc1)c1ccccc1,2,102.0,58,130,xylene,This work / SAR Modeling,diphosphine,440.5070000000001,6.7685000000000075,0.0,0,0,9,4,2,0,31
dpph,CCCCCC(P(c1ccccc1)c1ccccc1)P(c1ccccc1)c1ccccc1,2,105.0,58,100,toluene,"Inorg. Chem. 1974, 13, 3043",diphosphine,454.5340000000001,7.158600000000008,0.0,0,0,10,4,2,0,32
dpph_70C_toluene,CCCCCC(P(c1ccccc1)c1ccccc1)P(c1ccccc1)c1ccccc1,2,105.0,68,70,toluene,This work / SAR Modeling,diphosphine,454.5340000000001,7.158600000000008,0.0,0,0,10,4,2,0,32
dpph_70C_THF,CCCCCC(P(c1ccccc1)c1ccccc1)P(c1ccccc1)c1ccccc1,2,105.0,61,70,THF,This work / SAR Modeling,diphosphine,454.5340000000001,7.158600000000008,0.0,0,0,10,4,2,0,32
dpph_70C_hexane,CCCCCC(P(c1ccccc1)c1ccccc1)P(c1ccccc1)c1ccccc1,2,105.0,67,70,hexane,This work / SAR Modeling,diphosphine,454.5340000000001,7.158600000000008,0.0,0,0,10,4,2,0,32
dpph_70C_benzene,CCCCCC(P(c1ccccc1)c1ccccc1)P(c1ccccc1)c1ccccc1,2,105.0,62,70,benzene,This work / SAR Modeling,diphosphine,454.5340000000001,7.158600000000008,0.0,0,0,10,4,2,0,32
dpph_80C_THF,CCCCCC(P(c1ccccc1)c1ccccc1)P(c1ccccc1)c1ccccc1,2,105.0,62,80,THF,This work / SAR Modeling,diphosphine,454.5340000000001,7.158600000000008,0.0,0,0,10,4,2,0,32
dpph_80C_dioxane,CCCCCC(P(c1ccccc1)c1ccccc1)P(c1ccccc1)c1ccccc1,2,105.0,58,80,dioxane,This work / SAR Modeling,diphosphine,454.5340000000001,7.158600000000008,0.0,0,0,10,4,2,0,32
dpph_80C_xylene,CCCCCC(P(c1ccccc1)c1ccccc1)P(c1ccccc1)c1ccccc1,2,105.0,64,80,xylene,This work / SAR Modeling,diphosphine,454.5340000000001,7.158600000000008,0.0,0,0,10,4,2,0,32
dpph_90C_toluene,CCCCCC(P(c1ccccc1)c1ccccc1)P(c1ccccc1)c1ccccc1,2,105.0,58,90,toluene,This work / SAR Modeling,diphosphine,454.5340000000001,7.158600000000008,0.0,0,0,10,4,2,0,32
dpph_90C_dioxane,CCCCCC(P(c1ccccc1)c1ccccc1)P(c1ccccc1)c1ccccc1,2,105.0,58,90,dioxane,This work / SAR Modeling,diphosphine,454.5340000000001,7.158600000000008,0.0,0,0,10,4,2,0,32
dpph_90C_benzene,CCCCCC(P(c1ccccc1)c1ccccc1)P(c1ccccc1)c1ccccc1,2,105.0,60,90,benzene,This work / SAR Modeling,diphosphine,454.5340000000001,7.158600000000008,0.0,0,0,10,4,2,0,32
dpph_90C_xylene,CCCCCC(P(c1ccccc1)c1ccccc1)P(c1ccccc1)c1ccccc1,2,105.0,63,90,xylene,This work / SAR Modeling,diphosphine,454.5340000000001,7.158600000000008,0.0,0,0,10,4,2,0,32
dpph_100C_toluene,CCCCCC(P(c1ccccc1)c1ccccc1)P(c1ccccc1)c1ccccc1,2,105.0,58,100,toluene,This work / SAR Modeling,diphosphine,454.5340000000001,7.158600000000008,0.0,0,0,10,4,2,0,32
dpph_100C_THF,CCCCCC(P(c1ccccc1)c1ccccc1)P(c1ccccc1)c1ccccc1,2,105.0,52,100,THF,This work / SAR Modeling,diphosphine,454.5340000000001,7.158600000000008,0.0,0,0,10,4,2,0,32
dpph_100C_dioxane,CCCCCC(P(c1ccccc1)c1ccccc1)P(c1ccccc1)c1ccccc1,2,105.0,54,100,dioxane,This work / SAR Modeling,diphosphine,454.5340000000001,7.158600000000008,0.0,0,0,10,4,2,0,32
dpph_100C_benzene,CCCCCC(P(c1ccccc1)c1ccccc1)P(c1ccccc1)c1ccccc1,2,105.0,60,100,benzene,This work / SAR Modeling,diphosphine,454.5340000000001,7.158600000000008,0.0,0,0,10,4,2,0,32
dpph_100C_xylene,CCCCCC(P(c1ccccc1)c1ccccc1)P(c1ccccc1)c1ccccc1,2,105.0,60,100,xylene,This work / SAR Modeling,diphosphine,454.5340000000001,7.158600000000008,0.0,0,0,10,4,2,0,32
dpph_110C_toluene,CCCCCC(P(c1ccccc1)c1ccccc1)P(c1ccccc1)c1ccccc1,2,105.0,54,110,toluene,This work / SAR Modeling,diphosphine,454.5340000000001,7.158600000000008,0.0,0,0,10,4,2,0,32
dpph_110C_THF,CCCCCC(P(c1ccccc1)c1ccccc1)P(c1ccccc1)c1ccccc1,2,105.0,49,110,THF,This work / SAR Modeling,diphosphine,454.5340000000001,7.158600000000008,0.0,0,0,10,4,2,0,32
dpph_110C_dioxane,CCCCCC(P(c1ccccc1)c1ccccc1)P(c1ccccc1)c1ccccc1,2,105.0,52,110,dioxane,This work / SAR Modeling,diphosphine,454.5340000000001,7.158600000000008,0.0,0,0,10,4,2,0,32
dpph_120C_toluene,CCCCCC(P(c1ccccc1)c1ccccc1)P(c1ccccc1)c1ccccc1,2,105.0,54,120,toluene,This work / SAR Modeling,diphosphine,454.5340000000001,7.158600000000008,0.0,0,0,10,4,2,0,32
dpph_120C_THF,CCCCCC(P(c1ccccc1)c1ccccc1)P(c1ccccc1)c1ccccc1,2,105.0,52,120,THF,This work / SAR Modeling,diphosphine,454.5340000000001,7.158600000000008,0.0,0,0,10,4,2,0,32
dpph_120C_hexane,CCCCCC(P(c1ccccc1)c1ccccc1)P(c1ccccc1)c1ccccc1,2,105.0,52,120,hexane,This work / SAR Modeling,diphosphine,454.5340000000001,7.158600000000008,0.0,0,0,10,4,2,0,32
dpph_120C_benzene,CCCCCC(P(c1ccccc1)c1ccccc1)P(c1ccccc1)c1ccccc1,2,105.0,49,120,benzene,This work / SAR Modeling,diphosphine,454.5340000000001,7.158600000000008,0.0,0,0,10,4,2,0,32
dpph_130C_toluene,CCCCCC(P(c1ccccc1)c1ccccc1)P(c1ccccc1)c1ccccc1,2,105.0,50,130,toluene,This work / SAR Modeling,diphosphine,454.5340000000001,7.158600000000008,0.0,0,0,10,4,2,0,32
dpph_130C_THF,CCCCCC(P(c1ccccc1)c1ccccc1)P(c1ccccc1)c1ccccc1,2,105.0,48,130,THF,This work / SAR Modeling,diphosphine,454.5340000000001,7.158600000000008,0.0,0,0,10,4,2,0,32
dpph_130C_dioxane,CCCCCC(P(c1ccccc1)c1ccccc1)P(c1ccccc1)c1ccccc1,2,105.0,48,130,dioxane,This work / SAR Modeling,diphosphine,454.5340000000001,7.158600000000008,0.0,0,0,10,4,2,0,32
dpph_130C_benzene,CCCCCC(P(c1ccccc1)c1ccccc1)P(c1ccccc1)c1ccccc1,2,105.0,50,130,benzene,This work / SAR Modeling,diphosphine,454.5340000000001,7.158600000000008,0.0,0,0,10,4,2,0,32
diphosphite-C2,CC(P(Oc1ccccc1)Oc1ccccc1)P(Oc1ccccc1)Oc1ccccc1,2,,78,100,toluene,"Inorg. Chem. 1974, 13, 3043",diphosphite,462.42200000000014,8.272200000000003,36.92,0,4,10,4,2,4,32
diphosphite-C2_70C_toluene,CC(P(Oc1ccccc1)Oc1ccccc1)P(Oc1ccccc1)Oc1ccccc1,2,,87,70,toluene,This work / SAR Modeling,diphosphite,462.42200000000014,8.272200000000003,36.92,0,4,10,4,2,4,32
diphosphite-C2_70C_dioxane,CC(P(Oc1ccccc1)Oc1ccccc1)P(Oc1ccccc1)Oc1ccccc1,2,,85,70,dioxane,This work / SAR Modeling,diphosphite,462.42200000000014,8.272200000000003,36.92,0,4,10,4,2,4,32
diphosphite-C2_70C_hexane,CC(P(Oc1ccccc1)Oc1ccccc1)P(Oc1ccccc1)Oc1ccccc1,2,,93,70,hexane,This work / SAR Modeling,diphosphite,462.42200000000014,8.272200000000003,36.92,0,4,10,4,2,4,32
diphosphite-C2_70C_benzene,CC(P(Oc1ccccc1)Oc1ccccc1)P(Oc1ccccc1)Oc1ccccc1,2,,91,70,benzene,This work / SAR Modeling,diphosphite,462.42200000000014,8.272200000000003,36.92,0,4,10,4,2,4,32
diphosphite-C2_70C_xylene,CC(P(Oc1ccccc1)Oc1ccccc1)P(Oc1ccccc1)Oc1ccccc1,2,,90,70,xylene,This work / SAR Modeling,diphosphite,462.42200000000014,8.272200000000003,36.92,0,4,10,4,2,4,32
diphosphite-C2_80C_toluene,CC(P(Oc1ccccc1)Oc1ccccc1)P(Oc1ccccc1)Oc1ccccc1,2,,83,80,toluene,This work / SAR Modeling,diphosphite,462.42200000000014,8.272200000000003,36.92,0,4,10,4,2,4,32
diphosphite-C2_80C_hexane,CC(P(Oc1ccccc1)Oc1ccccc1)P(Oc1ccccc1)Oc1ccccc1,2,,86,80,hexane,This work / SAR Modeling,diphosphite,462.42200000000014,8.272200000000003,36.92,0,4,10,4,2,4,32
diphosphite-C2_80C_xylene,CC(P(Oc1ccccc1)Oc1ccccc1)P(Oc1ccccc1)Oc1ccccc1,2,,85,80,xylene,This work / SAR Modeling,diphosphite,462.42200000000014,8.272200000000003,36.92,0,4,10,4,2,4,32
diphosphite-C2_90C_THF,CC(P(Oc1ccccc1)Oc1ccccc1)P(Oc1ccccc1)Oc1ccccc1,2,,71,90,THF,This work / SAR Modeling,diphosphite,462.42200000000014,8.272200000000003,36.92,0,4,10,4,2,4,32
diphosphite-C2_90C_hexane,CC(P(Oc1ccccc1)Oc1ccccc1)P(Oc1ccccc1)Oc1ccccc1,2,,84,90,hexane,This work / SAR Modeling,diphosphite,462.42200000000014,8.272200000000003,36.92,0,4,10,4,2,4,32
diphosphite-C2_90C_benzene,CC(P(Oc1ccccc1)Oc1ccccc1)P(Oc1ccccc1)Oc1ccccc1,2,,83,90,benzene,This work / SAR Modeling,diphosphite,462.42200000000014,8.272200000000003,36.92,0,4,10,4,2,4,32
diphosphite-C2_90C_xylene,CC(P(Oc1ccccc1)Oc1ccccc1)P(Oc1ccccc1)Oc1ccccc1,2,,82,90,xylene,This work / SAR Modeling,diphosphite,462.42200000000014,8.272200000000003,36.92,0,4,10,4,2,4,32
diphosphite-C2_100C_toluene,CC(P(Oc1ccccc1)Oc1ccccc1)P(Oc1ccccc1)Oc1ccccc1,2,,78,100,toluene,This work / SAR Modeling,diphosphite,462.42200000000014,8.272200000000003,36.92,0,4,10,4,2,4,32
diphosphite-C2_100C_THF,CC(P(Oc1ccccc1)Oc1ccccc1)P(Oc1ccccc1)Oc1ccccc1,2,,73,100,THF,This work / SAR Modeling,diphosphite,462.42200000000014,8.272200000000003,36.92,0,4,10,4,2,4,32
diphosphite-C2_100C_benzene,CC(P(Oc1ccccc1)Oc1ccccc1)P(Oc1ccccc1)Oc1ccccc1,2,,78,100,benzene,This work / SAR Modeling,diphosphite,462.42200000000014,8.272200000000003,36.92,0,4,10,4,2,4,32
diphosphite-C2_110C_dioxane,CC(P(Oc1ccccc1)Oc1ccccc1)P(Oc1ccccc1)Oc1ccccc1,2,,73,110,dioxane,This work / SAR Modeling,diphosphite,462.42200000000014,8.272200000000003,36.92,0,4,10,4,2,4,32
diphosphite-C2_110C_hexane,CC(P(Oc1ccccc1)Oc1ccccc1)P(Oc1ccccc1)Oc1ccccc1,2,,80,110,hexane,This work / SAR Modeling,diphosphite,462.42200000000014,8.272200000000003,36.92,0,4,10,4,2,4,32
diphosphite-C2_110C_xylene,CC(P(Oc1ccccc1)Oc1ccccc1)P(Oc1ccccc1)Oc1ccccc1,2,,80,110,xylene,This work / SAR Modeling,diphosphite,462.42200000000014,8.272200000000003,36.92,0,4,10,4,2,4,32
diphosphite-C2_120C_toluene,CC(P(Oc1ccccc1)Oc1ccccc1)P(Oc1ccccc1)Oc1ccccc1,2,,73,120,toluene,This work / SAR Modeling,diphosphite,462.42200000000014,8.272200000000003,36.92,0,4,10,4,2,4,32
diphosphite-C2_120C_THF,CC(P(Oc1ccccc1)Oc1ccccc1)P(Oc1ccccc1)Oc1ccccc1,2,,70,120,THF,This work / SAR Modeling,diphosphite,462.42200000000014,8.272200000000003,36.92,0,4,10,4,2,4,32
diphosphite-C2_120C_dioxane,CC(P(Oc1ccccc1)Oc1ccccc1)P(Oc1ccccc1)Oc1ccccc1,2,,70,120,dioxane,This work / SAR Modeling,diphosphite,462.42200000000014,8.272200000000003,36.92,0,4,10,4,2,4,32
diphosphite-C2_120C_benzene,CC(P(Oc1ccccc1)Oc1ccccc1)P(Oc1ccccc1)Oc1ccccc1,2,,70,120,benzene,This work / SAR Modeling,diphosphite,462.42200000000014,8.272200000000003,36.92,0,4,10,4,2,4,32
diphosphite-C2_120C_xylene,CC(P(Oc1ccccc1)Oc1ccccc1)P(Oc1ccccc1)Oc1ccccc1,2,,75,120,xylene,This work / SAR Modeling,diphosphite,462.42200000000014,8.272200000000003,36.92,0,4,10,4,2,4,32
diphosphite-C2_130C_toluene,CC(P(Oc1ccccc1)Oc1ccccc1)P(Oc1ccccc1)Oc1ccccc1,2,,64,130,toluene,This work / SAR Modeling,diphosphite,462.42200000000014,8.272200000000003,36.92,0,4,10,4,2,4,32
diphosphite-C2_130C_dioxane,CC(P(Oc1ccccc1)Oc1ccccc1)P(Oc1ccccc1)Oc1ccccc1,2,,67,130,dioxane,This work / SAR Modeling,diphosphite,462.42200000000014,8.272200000000003,36.92,0,4,10,4,2,4,32
diphosphite-C2_130C_hexane,CC(P(Oc1ccccc1)Oc1ccccc1)P(Oc1ccccc1)Oc1ccccc1,2,,69,130,hexane,This work / SAR Modeling,diphosphite,462.42200000000014,8.272200000000003,36.92,0,4,10,4,2,4,32
diphosphite-C2_130C_xylene,CC(P(Oc1ccccc1)Oc1ccccc1)P(Oc1ccccc1)Oc1ccccc1,2,,73,130,xylene,This work / SAR Modeling,diphosphite,462.42200000000014,8.272200000000003,36.92,0,4,10,4,2,4,32
diphosphite-C3,CCC(P(Oc1ccccc1)Oc1ccccc1)P(Oc1ccccc1)Oc1ccccc1,2,,82,100,toluene,"J. Chem. Soc., Chem. Commun. 1973, 876",diphosphite,476.4490000000001,8.662300000000002,36.92,0,4,11,4,2,4,33
diphosphite-C3_70C_toluene,CCC(P(Oc1ccccc1)Oc1ccccc1)P(Oc1ccccc1)Oc1ccccc1,2,,91,70,toluene,This work / SAR Modeling,diphosphite,476.4490000000001,8.662300000000002,36.92,0,4,11,4,2,4,33
diphosphite-C3_70C_THF,CCC(P(Oc1ccccc1)Oc1ccccc1)P(Oc1ccccc1)Oc1ccccc1,2,,84,70,THF,This work / SAR Modeling,diphosphite,476.4490000000001,8.662300000000002,36.92,0,4,11,4,2,4,33
diphosphite-C3_70C_dioxane,CCC(P(Oc1ccccc1)Oc1ccccc1)P(Oc1ccccc1)Oc1ccccc1,2,,89,70,dioxane,This work / SAR Modeling,diphosphite,476.4490000000001,8.662300000000002,36.92,0,4,11,4,2,4,33
diphosphite-C3_70C_benzene,CCC(P(Oc1ccccc1)Oc1ccccc1)P(Oc1ccccc1)Oc1ccccc1,2,,94,70,benzene,This work / SAR Modeling,diphosphite,476.4490000000001,8.662300000000002,36.92,0,4,11,4,2,4,33
diphosphite-C3_70C_xylene,CCC(P(Oc1ccccc1)Oc1ccccc1)P(Oc1ccccc1)Oc1ccccc1,2,,94,70,xylene,This work / SAR Modeling,diphosphite,476.4490000000001,8.662300000000002,36.92,0,4,11,4,2,4,33
diphosphite-C3_80C_toluene,CCC(P(Oc1ccccc1)Oc1ccccc1)P(Oc1ccccc1)Oc1ccccc1,2,,88,80,toluene,This work / SAR Modeling,diphosphite,476.4490000000001,8.662300000000002,36.92,0,4,11,4,2,4,33
diphosphite-C3_80C_THF,CCC(P(Oc1ccccc1)Oc1ccccc1)P(Oc1ccccc1)Oc1ccccc1,2,,85,80,THF,This work / SAR Modeling,diphosphite,476.4490000000001,8.662300000000002,36.92,0,4,11,4,2,4,33
diphosphite-C3_80C_dioxane,CCC(P(Oc1ccccc1)Oc1ccccc1)P(Oc1ccccc1)Oc1ccccc1,2,,89,80,dioxane,This work / SAR Modeling,diphosphite,476.4490000000001,8.662300000000002,36.92,0,4,11,4,2,4,33
diphosphite-C3_80C_hexane,CCC(P(Oc1ccccc1)Oc1ccccc1)P(Oc1ccccc1)Oc1ccccc1,2,,97,80,hexane,This work / SAR Modeling,diphosphite,476.4490000000001,8.662300000000002,36.92,0,4,11,4,2,4,33
diphosphite-C3_80C_benzene,CCC(P(Oc1ccccc1)Oc1ccccc1)P(Oc1ccccc1)Oc1ccccc1,2,,88,80,benzene,This work / SAR Modeling,diphosphite,476.4490000000001,8.662300000000002,36.92,0,4,11,4,2,4,33
diphosphite-C3_80C_xylene,CCC(P(Oc1ccccc1)Oc1ccccc1)P(Oc1ccccc1)Oc1ccccc1,2,,89,80,xylene,This work / SAR Modeling,diphosphite,476.4490000000001,8.662300000000002,36.92,0,4,11,4,2,4,33
diphosphite-C3_90C_toluene,CCC(P(Oc1ccccc1)Oc1ccccc1)P(Oc1ccccc1)Oc1ccccc1,2,,85,90,toluene,This work / SAR Modeling,diphosphite,476.4490000000001,8.662300000000002,36.92,0,4,11,4,2,4,33
diphosphite-C3_90C_THF,CCC(P(Oc1ccccc1)Oc1ccccc1)P(Oc1ccccc1)Oc1ccccc1,2,,78,90,THF,This work / SAR Modeling,diphosphite,476.4490000000001,8.662300000000002,36.92,0,4,11,4,2,4,33
diphosphite-C3_90C_hexane,CCC(P(Oc1ccccc1)Oc1ccccc1)P(Oc1ccccc1)Oc1ccccc1,2,,88,90,hexane,This work / SAR Modeling,diphosphite,476.4490000000001,8.662300000000002,36.92,0,4,11,4,2,4,33
diphosphite-C3_90C_benzene,CCC(P(Oc1ccccc1)Oc1ccccc1)P(Oc1ccccc1)Oc1ccccc1,2,,86,90,benzene,This work / SAR Modeling,diphosphite,476.4490000000001,8.662300000000002,36.92,0,4,11,4,2,4,33
diphosphite-C3_90C_xylene,CCC(P(Oc1ccccc1)Oc1ccccc1)P(Oc1ccccc1)Oc1ccccc1,2,,92,90,xylene,This work / SAR Modeling,diphosphite,476.4490000000001,8.662300000000002,36.92,0,4,11,4,2,4,33
diphosphite-C3_100C_toluene,CCC(P(Oc1ccccc1)Oc1ccccc1)P(Oc1ccccc1)Oc1ccccc1,2,,82,100,toluene,This work / SAR Modeling,diphosphite,476.4490000000001,8.662300000000002,36.92,0,4,11,4,2,4,33
diphosphite-C3_100C_THF,CCC(P(Oc1ccccc1)Oc1ccccc1)P(Oc1ccccc1)Oc1ccccc1,2,,76,100,THF,This work / SAR Modeling,diphosphite,476.4490000000001,8.662300000000002,36.92,0,4,11,4,2,4,33
diphosphite-C3_100C_hexane,CCC(P(Oc1ccccc1)Oc1ccccc1)P(Oc1ccccc1)Oc1ccccc1,2,,83,100,hexane,This work / SAR Modeling,diphosphite,476.4490000000001,8.662300000000002,36.92,0,4,11,4,2,4,33
diphosphite-C3_100C_benzene,CCC(P(Oc1ccccc1)Oc1ccccc1)P(Oc1ccccc1)Oc1ccccc1,2,,85,100,benzene,This work / SAR Modeling,diphosphite,476.4490000000001,8.662300000000002,36.92,0,4,11,4,2,4,33
diphosphite-C3_100C_xylene,CCC(P(Oc1ccccc1)Oc1ccccc1)P(Oc1ccccc1)Oc1ccccc1,2,,80,100,xylene,This work / SAR Modeling,diphosphite,476.4490000000001,8.662300000000002,36.92,0,4,11,4,2,4,33
diphosphite-C3_110C_toluene,CCC(P(Oc1ccccc1)Oc1ccccc1)P(Oc1ccccc1)Oc1ccccc1,2,,76,110,toluene,This work / SAR Modeling,diphosphite,476.4490000000001,8.662300000000002,36.92,0,4,11,4,2,4,33
diphosphite-C3_110C_THF,CCC(P(Oc1ccccc1)Oc1ccccc1)P(Oc1ccccc1)Oc1ccccc1,2,,75,110,THF,This work / SAR Modeling,diphosphite,476.4490000000001,8.662300000000002,36.92,0,4,11,4,2,4,33
diphosphite-C3_110C_dioxane,CCC(P(Oc1ccccc1)Oc1ccccc1)P(Oc1ccccc1)Oc1ccccc1,2,,78,110,dioxane,This work / SAR Modeling,diphosphite,476.4490000000001,8.662300000000002,36.92,0,4,11,4,2,4,33
diphosphite-C3_110C_benzene,CCC(P(Oc1ccccc1)Oc1ccccc1)P(Oc1ccccc1)Oc1ccccc1,2,,80,110,benzene,This work / SAR Modeling,diphosphite,476.4490000000001,8.662300000000002,36.92,0,4,11,4,2,4,33
diphosphite-C3_110C_xylene,CCC(P(Oc1ccccc1)Oc1ccccc1)P(Oc1ccccc1)Oc1ccccc1,2,,80,110,xylene,This work / SAR Modeling,diphosphite,476.4490000000001,8.662300000000002,36.92,0,4,11,4,2,4,33
diphosphite-C3_120C_toluene,CCC(P(Oc1ccccc1)Oc1ccccc1)P(Oc1ccccc1)Oc1ccccc1,2,,76,120,toluene,This work / SAR Modeling,diphosphite,476.4490000000001,8.662300000000002,36.92,0,4,11,4,2,4,33
diphosphite-C3_120C_THF,CCC(P(Oc1ccccc1)Oc1ccccc1)P(Oc1ccccc1)Oc1ccccc1,2,,69,120,THF,This work / SAR Modeling,diphosphite,476.4490000000001,8.662300000000002,36.92,0,4,11,4,2,4,33
diphosphite-C3_120C_dioxane,CCC(P(Oc1ccccc1)Oc1ccccc1)P(Oc1ccccc1)Oc1ccccc1,2,,73,120,dioxane,This work / SAR Modeling,diphosphite,476.4490000000001,8.662300000000002,36.92,0,4,11,4,2,4,33
diphosphite-C3_120C_hexane,CCC(P(Oc1ccccc1)Oc1ccccc1)P(Oc1ccccc1)Oc1ccccc1,2,,79,120,hexane,This work / SAR Modeling,diphosphite,476.4490000000001,8.662300000000002,36.92,0,4,11,4,2,4,33
diphosphite-C3_120C_benzene,CCC(P(Oc1ccccc1)Oc1ccccc1)P(Oc1ccccc1)Oc1ccccc1,2,,79,120,benzene,This work / SAR Modeling,diphosphite,476.4490000000001,8.662300000000002,36.92,0,4,11,4,2,4,33
diphosphite-C3_130C_toluene,CCC(P(Oc1ccccc1)Oc1ccccc1)P(Oc1ccccc1)Oc1ccccc1,2,,71,130,toluene,This work / SAR Modeling,diphosphite,476.4490000000001,8.662300000000002,36.92,0,4,11,4,2,4,33
diphosphite-C3_130C_THF,CCC(P(Oc1ccccc1)Oc1ccccc1)P(Oc1ccccc1)Oc1ccccc1,2,,67,130,THF,This work / SAR Modeling,diphosphite,476.4490000000001,8.662300000000002,36.92,0,4,11,4,2,4,33
diphosphite-C3_130C_hexane,CCC(P(Oc1ccccc1)Oc1ccccc1)P(Oc1ccccc1)Oc1ccccc1,2,,78,130,hexane,This work / SAR Modeling,diphosphite,476.4490000000001,8.662300000000002,36.92,0,4,11,4,2,4,33
diphosphite-C3_130C_benzene,CCC(P(Oc1ccccc1)Oc1ccccc1)P(Oc1ccccc1)Oc1ccccc1,2,,70,130,benzene,This work / SAR Modeling,diphosphite,476.4490000000001,8.662300000000002,36.92,0,4,11,4,2,4,33
diphosphite-C3_130C_xylene,CCC(P(Oc1ccccc1)Oc1ccccc1)P(Oc1ccccc1)Oc1ccccc1,2,,76,130,xylene,This work / SAR Modeling,diphosphite,476.4490000000001,8.662300000000002,36.92,0,4,11,4,2,4,33
diphosphite-C4,CCCC(P(Oc1ccccc1)Oc1ccccc1)P(Oc1ccccc1)Oc1ccccc1,2,,85,100,toluene,"JACS 1971, 93, 2397",diphosphite,490.47600000000017,9.0524,36.92,0,4,12,4,2,4,34
diphosphite-C4_70C_toluene,CCCC(P(Oc1ccccc1)Oc1ccccc1)P(Oc1ccccc1)Oc1ccccc1,2,,95,70,toluene,This work / SAR Modeling,diphosphite,490.47600000000017,9.0524,36.92,0,4,12,4,2,4,34
diphosphite-C4_70C_THF,CCCC(P(Oc1ccccc1)Oc1ccccc1)P(Oc1ccccc1)Oc1ccccc1,2,,89,70,THF,This work / SAR Modeling,diphosphite,490.47600000000017,9.0524,36.92,0,4,12,4,2,4,34
diphosphite-C4_70C_benzene,CCCC(P(Oc1ccccc1)Oc1ccccc1)P(Oc1ccccc1)Oc1ccccc1,2,,97,70,benzene,This work / SAR Modeling,diphosphite,490.47600000000017,9.0524,36.92,0,4,12,4,2,4,34
diphosphite-C4_80C_toluene,CCCC(P(Oc1ccccc1)Oc1ccccc1)P(Oc1ccccc1)Oc1ccccc1,2,,87,80,toluene,This work / SAR Modeling,diphosphite,490.47600000000017,9.0524,36.92,0,4,12,4,2,4,34
diphosphite-C4_80C_THF,CCCC(P(Oc1ccccc1)Oc1ccccc1)P(Oc1ccccc1)Oc1ccccc1,2,,85,80,THF,This work / SAR Modeling,diphosphite,490.47600000000017,9.0524,36.92,0,4,12,4,2,4,34
diphosphite-C4_80C_dioxane,CCCC(P(Oc1ccccc1)Oc1ccccc1)P(Oc1ccccc1)Oc1ccccc1,2,,92,80,dioxane,This work / SAR Modeling,diphosphite,490.47600000000017,9.0524,36.92,0,4,12,4,2,4,34
diphosphite-C4_80C_hexane,CCCC(P(Oc1ccccc1)Oc1ccccc1)P(Oc1ccccc1)Oc1ccccc1,2,,98,80,hexane,This work / SAR Modeling,diphosphite,490.47600000000017,9.0524,36.92,0,4,12,4,2,4,34
diphosphite-C4_80C_benzene,CCCC(P(Oc1ccccc1)Oc1ccccc1)P(Oc1ccccc1)Oc1ccccc1,2,,92,80,benzene,This work / SAR Modeling,diphosphite,490.47600000000017,9.0524,36.92,0,4,12,4,2,4,34
diphosphite-C4_90C_toluene,CCCC(P(Oc1ccccc1)Oc1ccccc1)P(Oc1ccccc1)Oc1ccccc1,2,,89,90,toluene,This work / SAR Modeling,diphosphite,490.47600000000017,9.0524,36.92,0,4,12,4,2,4,34
diphosphite-C4_90C_dioxane,CCCC(P(Oc1ccccc1)Oc1ccccc1)P(Oc1ccccc1)Oc1ccccc1,2,,88,90,dioxane,This work / SAR Modeling,diphosphite,490.47600000000017,9.0524,36.92,0,4,12,4,2,4,34
diphosphite-C4_90C_benzene,CCCC(P(Oc1ccccc1)Oc1ccccc1)P(Oc1ccccc1)Oc1ccccc1,2,,93,90,benzene,This work / SAR Modeling,diphosphite,490.47600000000017,9.0524,36.92,0,4,12,4,2,4,34
diphosphite-C4_100C_toluene,CCCC(P(Oc1ccccc1)Oc1ccccc1)P(Oc1ccccc1)Oc1ccccc1,2,,86,100,toluene,This work / SAR Modeling,diphosphite,490.47600000000017,9.0524,36.92,0,4,12,4,2,4,34
diphosphite-C4_100C_THF,CCCC(P(Oc1ccccc1)Oc1ccccc1)P(Oc1ccccc1)Oc1ccccc1,2,,79,100,THF,This work / SAR Modeling,diphosphite,490.47600000000017,9.0524,36.92,0,4,12,4,2,4,34
diphosphite-C4_100C_dioxane,CCCC(P(Oc1ccccc1)Oc1ccccc1)P(Oc1ccccc1)Oc1ccccc1,2,,80,100,dioxane,This work / SAR Modeling,diphosphite,490.47600000000017,9.0524,36.92,0,4,12,4,2,4,34
diphosphite-C4_100C_hexane,CCCC(P(Oc1ccccc1)Oc1ccccc1)P(Oc1ccccc1)Oc1ccccc1,2,,89,100,hexane,This work / SAR Modeling,diphosphite,490.47600000000017,9.0524,36.92,0,4,12,4,2,4,34
diphosphite-C4_100C_benzene,CCCC(P(Oc1ccccc1)Oc1ccccc1)P(Oc1ccccc1)Oc1ccccc1,2,,82,100,benzene,This work / SAR Modeling,diphosphite,490.47600000000017,9.0524,36.92,0,4,12,4,2,4,34
diphosphite-C4_100C_xylene,CCCC(P(Oc1ccccc1)Oc1ccccc1)P(Oc1ccccc1)Oc1ccccc1,2,,89,100,xylene,This work / SAR Modeling,diphosphite,490.47600000000017,9.0524,36.92,0,4,12,4,2,4,34
diphosphite-C4_110C_toluene,CCCC(P(Oc1ccccc1)Oc1ccccc1)P(Oc1ccccc1)Oc1ccccc1,2,,81,110,toluene,This work / SAR Modeling,diphosphite,490.47600000000017,9.0524,36.92,0,4,12,4,2,4,34
diphosphite-C4_110C_hexane,CCCC(P(Oc1ccccc1)Oc1ccccc1)P(Oc1ccccc1)Oc1ccccc1,2,,86,110,hexane,This work / SAR Modeling,diphosphite,490.47600000000017,9.0524,36.92,0,4,12,4,2,4,34
diphosphite-C4_110C_benzene,CCCC(P(Oc1ccccc1)Oc1ccccc1)P(Oc1ccccc1)Oc1ccccc1,2,,86,110,benzene,This work / SAR Modeling,diphosphite,490.47600000000017,9.0524,36.92,0,4,12,4,2,4,34
diphosphite-C4_110C_xylene,CCCC(P(Oc1ccccc1)Oc1ccccc1)P(Oc1ccccc1)Oc1ccccc1,2,,86,110,xylene,This work / SAR Modeling,diphosphite,490.47600000000017,9.0524,36.92,0,4,12,4,2,4,34
diphosphite-C4_120C_toluene,CCCC(P(Oc1ccccc1)Oc1ccccc1)P(Oc1ccccc1)Oc1ccccc1,2,,78,120,toluene,This work / SAR Modeling,diphosphite,490.47600000000017,9.0524,36.92,0,4,12,4,2,4,34
diphosphite-C4_120C_THF,CCCC(P(Oc1ccccc1)Oc1ccccc1)P(Oc1ccccc1)Oc1ccccc1,2,,74,120,THF,This work / SAR Modeling,diphosphite,490.47600000000017,9.0524,36.92,0,4,12,4,2,4,34
diphosphite-C4_120C_hexane,CCCC(P(Oc1ccccc1)Oc1ccccc1)P(Oc1ccccc1)Oc1ccccc1,2,,84,120,hexane,This work / SAR Modeling,diphosphite,490.47600000000017,9.0524,36.92,0,4,12,4,2,4,34
diphosphite-C4_120C_benzene,CCCC(P(Oc1ccccc1)Oc1ccccc1)P(Oc1ccccc1)Oc1ccccc1,2,,79,120,benzene,This work / SAR Modeling,diphosphite,490.47600000000017,9.0524,36.92,0,4,12,4,2,4,34
diphosphite-C4_130C_toluene,CCCC(P(Oc1ccccc1)Oc1ccccc1)P(Oc1ccccc1)Oc1ccccc1,2,,75,130,toluene,This work / SAR Modeling,diphosphite,490.47600000000017,9.0524,36.92,0,4,12,4,2,4,34
diphosphite-C4_130C_THF,CCCC(P(Oc1ccccc1)Oc1ccccc1)P(Oc1ccccc1)Oc1ccccc1,2,,74,130,THF,This work / SAR Modeling,diphosphite,490.47600000000017,9.0524,36.92,0,4,12,4,2,4,34
diphosphite-C4_130C_dioxane,CCCC(P(Oc1ccccc1)Oc1ccccc1)P(Oc1ccccc1)Oc1ccccc1,2,,75,130,dioxane,This work / SAR Modeling,diphosphite,490.47600000000017,9.0524,36.92,0,4,12,4,2,4,34
diphosphite-C4_130C_hexane,CCCC(P(Oc1ccccc1)Oc1ccccc1)P(Oc1ccccc1)Oc1ccccc1,2,,79,130,hexane,This work / SAR Modeling,diphosphite,490.47600000000017,9.0524,36.92,0,4,12,4,2,4,34
diphosphite-C4_130C_xylene,CCCC(P(Oc1ccccc1)Oc1ccccc1)P(Oc1ccccc1)Oc1ccccc1,2,,74,130,xylene,This work / SAR Modeling,diphosphite,490.47600000000017,9.0524,36.92,0,4,12,4,2,4,34
