ligand_name,ligand_type,denticity,temperature,solvent,ligand_class,MW,LogP,TPSA,NumHDonors,NumHAcceptors,NumRotatableBonds,NumRings,P_atoms,O_atoms,HeavyAtoms,predicted_selectivity
diphosphite_2-tBu_T100_hexane,diphosphite,2,100,hexane,diphosphite,662,8.0,56.0,0,6,10,6,2,6,50,84.38390257463074
diphosphite_2-iPr_T100_hexane,diphosphite,2,100,hexane,diphosphite,648,8.0,56.0,0,6,10,6,2,6,49,84.38390257463074
diphosphite_2-Cl_T100_hexane,diphosphite,2,100,hexane,diphosphite,620,8.0,56.0,0,6,9,6,2,6,47,84.34635838060434
diphosphite_2-F_T100_hexane,diphosphite,2,100,hexane,diphosphite,634,8.0,56.0,0,6,9,6,2,6,48,84.34635838060434
diphosphite_2-H_T100_hexane,diphosphite,2,100,hexane,diphosphite,676,8.0,56.0,0,6,9,6,2,6,52,84.34635838060434
diphosphite_2-Me_T100_hexane,diphosphite,2,100,hexane,diphosphite,676,9.0,56.0,0,6,9,6,2,6,52,84.26801568568925
diphosphite_2-OMe_T100_hexane,diphosphite,2,100,hexane,diphosphite,704,9.0,56.0,0,6,9,6,2,6,54,84.26801568568925
diphosphite_2-F_T100_xylene,diphosphite,2,100,xylene,diphosphite,648,8.0,56.0,0,6,9,6,2,6,49,83.52811582136276
diphosphite_2-Cl_T100_xylene,diphosphite,2,100,xylene,diphosphite,648,8.0,56.0,0,6,9,6,2,6,49,83.52811582136276
diphosphite_2-H_T100_xylene,diphosphite,2,100,xylene,diphosphite,648,8.0,56.0,0,6,9,6,2,6,49,83.52811582136276
diphosphite_2-iPr_T100_xylene,diphosphite,2,100,xylene,diphosphite,620,8.0,56.0,0,6,10,6,2,6,47,83.52423435730707
diphosphite_2-tBu_T100_xylene,diphosphite,2,100,xylene,diphosphite,662,8.0,56.0,0,6,10,6,2,6,50,83.52423435730707
diphosphite_2-OMe_T100_xylene,diphosphite,2,100,xylene,diphosphite,676,9.0,56.0,0,6,9,6,2,6,52,83.42061766467604
diphosphite_2-Me_T100_xylene,diphosphite,2,100,xylene,diphosphite,690,9.0,56.0,0,6,9,6,2,6,53,83.42061766467604
diphosphite_2-F_T100_benzene,diphosphite,2,100,benzene,diphosphite,662,8.0,56.0,0,6,9,6,2,6,50,82.87846084940155
diphosphite_2-H_T100_benzene,diphosphite,2,100,benzene,diphosphite,676,8.0,56.0,0,6,9,6,2,6,52,82.87846084940155
diphosphite_2-Cl_T100_benzene,diphosphite,2,100,benzene,diphosphite,662,8.0,56.0,0,6,9,6,2,6,50,82.87846084940155
diphosphite_2-tBu_T100_benzene,diphosphite,2,100,benzene,diphosphite,648,8.0,56.0,0,6,10,6,2,6,49,82.85549028788972
diphosphite_2-iPr_T100_benzene,diphosphite,2,100,benzene,diphosphite,662,8.0,56.0,0,6,10,6,2,6,50,82.85549028788972
diphosphite_2-OMe_T100_benzene,diphosphite,2,100,benzene,diphosphite,662,9.0,56.0,0,6,9,6,2,6,50,82.81798372794638
diphosphite_2-Me_T100_benzene,diphosphite,2,100,benzene,diphosphite,718,9.0,56.0,0,6,9,6,2,6,55,82.81798372794638
diphosphite_2-iPr_T100_toluene,diphosphite,2,100,toluene,diphosphite,662,8.0,56.0,0,6,10,6,2,6,50,81.42224062095579
diphosphite_2-tBu_T100_toluene,diphosphite,2,100,toluene,diphosphite,662,8.0,56.0,0,6,10,6,2,6,50,81.42224062095579
diphosphite_2-Cl_T100_toluene,diphosphite,2,100,toluene,diphosphite,676,8.0,56.0,0,6,9,6,2,6,52,81.3503967161415
diphosphite_2-H_T100_toluene,diphosphite,2,100,toluene,diphosphite,634,8.0,56.0,0,6,9,6,2,6,48,81.3503967161415
diphosphite_2-F_T100_toluene,diphosphite,2,100,toluene,diphosphite,676,8.0,56.0,0,6,9,6,2,6,52,81.3503967161415
diphosphite_2-Me_T100_toluene,diphosphite,2,100,toluene,diphosphite,718,9.0,56.0,0,6,9,6,2,6,55,81.28991959468634
diphosphite_2-OMe_T100_toluene,diphosphite,2,100,toluene,diphosphite,718,9.0,56.0,0,6,9,6,2,6,55,81.28991959468634
diphosphite_2-H_T100_dioxane,diphosphite,2,100,dioxane,diphosphite,662,8.0,56.0,0,6,9,6,2,6,50,79.63621310858468
diphosphite_2-Cl_T100_dioxane,diphosphite,2,100,dioxane,diphosphite,648,8.0,56.0,0,6,9,6,2,6,49,79.63621310858468
diphosphite_2-F_T100_dioxane,diphosphite,2,100,dioxane,diphosphite,676,8.0,56.0,0,6,9,6,2,6,52,79.63621310858468
diphosphite_2-iPr_T100_dioxane,diphosphite,2,100,dioxane,diphosphite,634,8.0,56.0,0,6,10,6,2,6,48,79.56122154748374
diphosphite_2-tBu_T100_dioxane,diphosphite,2,100,dioxane,diphosphite,676,8.0,56.0,0,6,10,6,2,6,52,79.56122154748374
diphosphite_2-OMe_T100_dioxane,diphosphite,2,100,dioxane,diphosphite,718,9.0,56.0,0,6,9,6,2,6,55,79.50870569405194
diphosphite_2-Me_T100_dioxane,diphosphite,2,100,dioxane,diphosphite,676,9.0,56.0,0,6,9,6,2,6,52,79.50870569405194
diphosphine_4-H_T100_hexane,diphosphine,2,100,hexane,diphosphine,426,7.5,13.0,0,0,9,6,2,0,32,77.86376504110778
diphosphine_4-CF3_T100_hexane,diphosphine,2,100,hexane,diphosphine,426,7.5,13.0,0,0,9,6,2,0,32,77.86376504110778
diphosphine_4-F_T100_hexane,diphosphine,2,100,hexane,diphosphine,426,7.5,13.0,0,0,9,6,2,0,32,77.86376504110778
phosphite_2-tBu_4-OMe_6-Me_T100_hexane,phosphite,1,100,hexane,phosphite,424,7.2,28.0,0,3,7,3,1,3,32,77.6146943880414
phosphite_2-tBu_4-Me_6-OMe_T100_hexane,phosphite,1,100,hexane,phosphite,424,7.2,28.0,0,3,7,3,1,3,32,77.6146943880414
phosphite_2-tBu_4-F_6-OMe_T100_hexane,phosphite,1,100,hexane,phosphite,428,6.7,28.0,0,3,7,3,1,3,32,77.40149209224603
diphosphite_2-Cl_T100_THF,diphosphite,2,100,THF,diphosphite,648,8.0,56.0,0,6,9,6,2,6,49,77.38223280227774
diphosphite_2-F_T100_THF,diphosphite,2,100,THF,diphosphite,662,8.0,56.0,0,6,9,6,2,6,50,77.38223280227774
diphosphite_2-H_T100_THF,diphosphite,2,100,THF,diphosphite,620,8.0,56.0,0,6,9,6,2,6,47,77.38223280227774
diphosphite_2-tBu_T100_THF,diphosphite,2,100,THF,diphosphite,620,8.0,56.0,0,6,10,6,2,6,47,77.35926224076591
diphosphite_2-iPr_T100_THF,diphosphite,2,100,THF,diphosphite,648,8.0,56.0,0,6,10,6,2,6,49,77.35926224076591
diphosphite_2-OMe_T100_THF,diphosphite,2,100,THF,diphosphite,676,9.0,56.0,0,6,9,6,2,6,52,77.32175568082258
diphosphite_2-Me_T100_THF,diphosphite,2,100,THF,diphosphite,704,9.0,56.0,0,6,9,6,2,6,54,77.32175568082258
phosphite_2-tBu_4-F_6-Me_T100_hexane,phosphite,1,100,hexane,phosphite,398,7.0,28.0,0,3,7,3,1,3,30,76.45972717336578
phosphite_2-iPr_4-H_6-OMe_T100_hexane,phosphite,1,100,hexane,phosphite,396,5.2,28.0,0,3,7,3,1,3,30,76.3856217523902
phosphite_2-iPr_4-OMe_6-H_T100_hexane,phosphite,1,100,hexane,phosphite,396,5.2,28.0,0,3,7,3,1,3,30,76.3856217523902
phosphite_2-tBu_4-Me_6-OMe_T100_xylene,phosphite,1,100,xylene,phosphite,424,7.2,28.0,0,3,7,3,1,3,32,76.22271388951648
phosphite_2-tBu_4-OMe_6-Me_T100_xylene,phosphite,1,100,xylene,phosphite,424,7.2,28.0,0,3,7,3,1,3,32,76.22271388951648
phosphite_2-tBu_4-OMe_6-H_T100_hexane,phosphite,1,100,hexane,phosphite,410,6.7,28.0,0,3,7,3,1,3,31,76.18339279485123
phosphite_2-tBu_4-H_6-OMe_T100_hexane,phosphite,1,100,hexane,phosphite,410,6.7,28.0,0,3,7,3,1,3,31,76.18339279485123
diphosphine_4-CF3_T100_xylene,diphosphine,2,100,xylene,diphosphine,426,7.5,13.0,0,0,9,6,2,0,32,76.15148908494906
diphosphine_4-F_T100_xylene,diphosphine,2,100,xylene,diphosphine,426,7.5,13.0,0,0,9,6,2,0,32,76.15148908494906
diphosphine_4-H_T100_xylene,diphosphine,2,100,xylene,diphosphine,426,7.5,13.0,0,0,9,6,2,0,32,76.15148908494906
phosphite_2-tBu_4-F_6-OMe_T100_xylene,phosphite,1,100,xylene,phosphite,428,6.7,28.0,0,3,7,3,1,3,32,76.05132696019162
phosphite_2-tBu_4-Me_6-OMe_T100_benzene,phosphite,1,100,benzene,phosphite,424,7.2,28.0,0,3,7,3,1,3,32,76.00400975209381
phosphite_2-tBu_4-OMe_6-Me_T100_benzene,phosphite,1,100,benzene,phosphite,424,7.2,28.0,0,3,7,3,1,3,32,76.00400975209381
phosphite_2-tBu_4-F_6-OMe_T100_benzene,phosphite,1,100,benzene,phosphite,428,6.7,28.0,0,3,7,3,1,3,32,75.89427345803128
diphosphine_4-H_T100_benzene,diphosphine,2,100,benzene,diphosphine,426,7.5,13.0,0,0,9,6,2,0,32,75.87465112148486
diphosphine_4-F_T100_benzene,diphosphine,2,100,benzene,diphosphine,426,7.5,13.0,0,0,9,6,2,0,32,75.87465112148486
diphosphine_4-CF3_T100_benzene,diphosphine,2,100,benzene,diphosphine,426,7.5,13.0,0,0,9,6,2,0,32,75.87465112148486
diphosphine_4-OMe_T100_hexane,diphosphine,2,100,hexane,diphosphine,566,8.3,13.0,0,0,9,6,2,0,43,75.78617072204594
diphosphine_4-Me_T100_hexane,diphosphine,2,100,hexane,diphosphine,496,8.3,13.0,0,0,9,6,2,0,38,75.78617072204594
phosphite_2-iPr_4-H_6-OMe_T100_xylene,phosphite,1,100,xylene,phosphite,396,5.2,28.0,0,3,7,3,1,3,30,75.77539187407676
phosphite_2-iPr_4-OMe_6-H_T100_xylene,phosphite,1,100,xylene,phosphite,396,5.2,28.0,0,3,7,3,1,3,30,75.77539187407676
phosphine_2-tBu_4-OMe_6-Me_T100_hexane,phosphine,1,100,hexane,phosphine,604,7.3,13.0,0,1,7,3,1,1,46,75.7658622940661
phosphine_2-tBu_4-Me_6-OMe_T100_hexane,phosphine,1,100,hexane,phosphine,604,7.3,13.0,0,1,7,3,1,1,46,75.7658622940661
phosphite_2-CF3_4-H_6-H_T100_hexane,phosphite,1,100,hexane,phosphite,396,5.0,28.0,0,3,6,3,1,3,30,75.76100869159374
phosphite_2-CF3_4-H_6-H_T100_xylene,phosphite,1,100,xylene,phosphite,396,5.0,28.0,0,3,6,3,1,3,30,75.47077699760469
phosphite_2-iPr_4-OMe_6-H_T100_benzene,phosphite,1,100,benzene,phosphite,396,5.2,28.0,0,3,7,3,1,3,30,75.4102185694924
phosphite_2-iPr_4-H_6-OMe_T100_benzene,phosphite,1,100,benzene,phosphite,396,5.2,28.0,0,3,7,3,1,3,30,75.4102185694924
phosphine_2-tBu_4-Me_6-Me_T100_hexane,phosphine,1,100,hexane,phosphine,514,7.5,13.0,0,0,7,3,1,0,39,75.38790849301915
phosphine_2-tBu_4-F_6-Me_T100_xylene,phosphine,1,100,xylene,phosphine,526,6.8999999999999995,13.0,0,0,7,3,1,0,40,75.38244769403957
phosphine_2-tBu_4-Me_6-F_T100_xylene,phosphine,1,100,xylene,phosphine,526,6.8999999999999995,13.0,0,0,7,3,1,0,40,75.38244769403957
phosphine_2-tBu_4-Me_6-Cl_T100_xylene,phosphine,1,100,xylene,phosphine,574,6.8999999999999995,13.0,0,0,7,3,1,0,44,75.38244769403957
phosphite_2-tBu_4-F_6-Me_T100_xylene,phosphite,1,100,xylene,phosphite,398,7.0,28.0,0,3,7,3,1,3,30,75.35176298140627
phosphine_2-tBu_4-OMe_6-OMe_T100_hexane,phosphine,1,100,hexane,phosphine,694,7.1,13.0,0,2,7,3,1,2,53,75.29983057177772
phosphine_2-tBu_4-OMe_6-OMe_T100_xylene,phosphine,1,100,xylene,phosphine,694,7.1,13.0,0,2,7,3,1,2,53,75.24832282885868
phosphine_2-tBu_4-Me_6-F_T100_hexane,phosphine,1,100,hexane,phosphine,526,6.8999999999999995,13.0,0,0,7,3,1,0,40,75.24316945507876
phosphine_2-tBu_4-Me_6-Cl_T100_hexane,phosphine,1,100,hexane,phosphine,574,6.8999999999999995,13.0,0,0,7,3,1,0,44,75.24316945507876
phosphine_2-tBu_4-F_6-Me_T100_hexane,phosphine,1,100,hexane,phosphine,526,6.8999999999999995,13.0,0,0,7,3,1,0,40,75.24316945507876
phosphite_2-tBu_4-OMe_6-H_T100_xylene,phosphite,1,100,xylene,phosphite,410,6.7,28.0,0,3,7,3,1,3,31,74.91027410378545
phosphite_2-tBu_4-H_6-OMe_T100_xylene,phosphite,1,100,xylene,phosphite,410,6.7,28.0,0,3,7,3,1,3,31,74.91027410378545
phosphite_2-tBu_4-Me_6-OMe_T100_toluene,phosphite,1,100,toluene,phosphite,424,7.2,28.0,0,3,7,3,1,3,32,74.90350182029565
phosphite_2-tBu_4-OMe_6-Me_T100_toluene,phosphite,1,100,toluene,phosphite,424,7.2,28.0,0,3,7,3,1,3,32,74.90350182029565
diphosphine_4-OMe_T100_xylene,diphosphine,2,100,xylene,diphosphine,538,8.3,13.0,0,0,9,6,2,0,41,74.72265506913611
diphosphine_4-Me_T100_xylene,diphosphine,2,100,xylene,diphosphine,552,8.3,13.0,0,0,9,6,2,0,42,74.72265506913611
phosphite_2-tBu_4-F_6-OMe_T100_toluene,phosphite,1,100,toluene,phosphite,428,6.7,28.0,0,3,7,3,1,3,32,74.61897586264959
phosphite_2-Cl_4-OMe_6-OMe_T100_hexane,phosphite,1,100,hexane,phosphite,432,5.4,28.0,0,3,6,3,1,3,33,74.52309983513415
phosphite_2-tBu_4-H_6-OMe_T100_benzene,phosphite,1,100,benzene,phosphite,410,6.7,28.0,0,3,7,3,1,3,31,74.50592888476193
phosphite_2-tBu_4-OMe_6-H_T100_benzene,phosphite,1,100,benzene,phosphite,410,6.7,28.0,0,3,7,3,1,3,31,74.50592888476193
phosphite_2-iPr_4-F_6-OMe_T100_hexane,phosphite,1,100,hexane,phosphite,414,5.2,28.0,0,3,7,3,1,3,31,74.48706111689933
phosphite_2-CF3_4-H_6-H_T100_benzene,phosphite,1,100,benzene,phosphite,396,5.0,28.0,0,3,6,3,1,3,30,74.4703636196225
phosphite_2-CF3_4-Me_6-Me_T100_hexane,phosphite,1,100,hexane,phosphite,424,6.0,28.0,0,3,6,3,1,3,32,74.46737380579111
phosphite_2-tBu_4-F_6-Me_T100_benzene,phosphite,1,100,benzene,phosphite,398,7.0,28.0,0,3,7,3,1,3,30,74.42311711392435
phosphine_2-tBu_4-F_6-Cl_T100_hexane,phosphine,1,100,hexane,phosphine,586,6.3,13.0,0,0,7,3,1,0,45,74.41003489239218
phosphine_2-tBu_4-H_6-Cl_T100_hexane,phosphine,1,100,hexane,phosphine,532,6.3,13.0,0,0,7,3,1,0,40,74.41003489239218
phosphine_2-tBu_4-F_6-F_T100_hexane,phosphine,1,100,hexane,phosphine,538,6.3,13.0,0,0,7,3,1,0,41,74.41003489239218
phosphine_2-tBu_4-Me_6-OMe_T100_xylene,phosphine,1,100,xylene,phosphine,604,7.3,13.0,0,1,7,3,1,1,46,74.39794177914031
phosphine_2-tBu_4-OMe_6-Me_T100_xylene,phosphine,1,100,xylene,phosphine,604,7.3,13.0,0,1,7,3,1,1,46,74.39794177914031
phosphine_2-tBu_4-F_6-Me_T100_benzene,phosphine,1,100,benzene,phosphine,526,6.8999999999999995,13.0,0,0,7,3,1,0,40,74.37297434605192
phosphine_2-tBu_4-Me_6-F_T100_benzene,phosphine,1,100,benzene,phosphine,526,6.8999999999999995,13.0,0,0,7,3,1,0,40,74.37297434605192
phosphine_2-tBu_4-Me_6-Cl_T100_benzene,phosphine,1,100,benzene,phosphine,574,6.8999999999999995,13.0,0,0,7,3,1,0,44,74.37297434605192
phosphine_2-tBu_4-OMe_6-Me_T100_benzene,phosphine,1,100,benzene,phosphine,604,7.3,13.0,0,1,7,3,1,1,46,74.36546049463345
phosphine_2-tBu_4-Me_6-OMe_T100_benzene,phosphine,1,100,benzene,phosphine,604,7.3,13.0,0,1,7,3,1,1,46,74.36546049463345
phosphite_2-CF3_4-Me_6-Me_T100_benzene,phosphite,1,100,benzene,phosphite,424,6.0,28.0,0,3,6,3,1,3,32,74.3429694663031
phosphine_2-tBu_4-OMe_6-OMe_T100_benzene,phosphine,1,100,benzene,phosphine,694,7.1,13.0,0,2,7,3,1,2,53,74.32616946101804
phosphine_2-tBu_4-OMe_6-Cl_T100_xylene,phosphine,1,100,xylene,phosphine,664,6.699999999999999,13.0,0,1,7,3,1,1,51,74.20221997629186
phosphine_2-tBu_4-H_6-OMe_T100_xylene,phosphine,1,100,xylene,phosphine,562,6.699999999999999,13.0,0,1,7,3,1,1,43,74.20221997629186
phosphine_2-tBu_4-F_6-OMe_T100_xylene,phosphine,1,100,xylene,phosphine,616,6.699999999999999,13.0,0,1,7,3,1,1,47,74.20221997629186
phosphine_2-tBu_4-OMe_6-F_T100_xylene,phosphine,1,100,xylene,phosphine,616,6.699999999999999,13.0,0,1,7,3,1,1,47,74.20221997629186
phosphine_2-tBu_4-OMe_6-H_T100_xylene,phosphine,1,100,xylene,phosphine,562,6.699999999999999,13.0,0,1,7,3,1,1,43,74.20221997629186
phosphine_2-tBu_4-H_6-OMe_T100_hexane,phosphine,1,100,hexane,phosphine,562,6.699999999999999,13.0,0,1,7,3,1,1,43,74.14707322522686
phosphine_2-tBu_4-OMe_6-Cl_T100_hexane,phosphine,1,100,hexane,phosphine,664,6.699999999999999,13.0,0,1,7,3,1,1,51,74.14707322522686
phosphine_2-tBu_4-OMe_6-H_T100_hexane,phosphine,1,100,hexane,phosphine,562,6.699999999999999,13.0,0,1,7,3,1,1,43,74.14707322522686
phosphine_2-tBu_4-OMe_6-F_T100_hexane,phosphine,1,100,hexane,phosphine,616,6.699999999999999,13.0,0,1,7,3,1,1,47,74.14707322522686
phosphine_2-tBu_4-F_6-OMe_T100_hexane,phosphine,1,100,hexane,phosphine,616,6.699999999999999,13.0,0,1,7,3,1,1,47,74.14707322522686
phosphine_2-tBu_4-H_6-H_T100_hexane,phosphine,1,100,hexane,phosphine,430,6.3,13.0,0,0,7,3,1,0,33,74.1033070637487
diphosphine_4-Me_T100_benzene,diphosphine,2,100,benzene,diphosphine,496,8.3,13.0,0,0,9,6,2,0,38,74.05456883459279
diphosphine_4-OMe_T100_benzene,diphosphine,2,100,benzene,diphosphine,538,8.3,13.0,0,0,9,6,2,0,41,74.05456883459279
phosphine_2-tBu_4-Me_6-Me_T100_benzene,phosphine,1,100,benzene,phosphine,514,7.5,13.0,0,0,7,3,1,0,39,74.02813410848901
phosphine_2-tBu_4-Me_6-Me_T100_xylene,phosphine,1,100,xylene,phosphine,514,7.5,13.0,0,0,7,3,1,0,39,73.9760272900334
phosphine_2-tBu_4-F_6-F_T100_xylene,phosphine,1,100,xylene,phosphine,538,6.3,13.0,0,0,7,3,1,0,41,73.93872051771955
phosphine_2-tBu_4-H_6-Cl_T100_xylene,phosphine,1,100,xylene,phosphine,532,6.3,13.0,0,0,7,3,1,0,40,73.93872051771955
phosphine_2-tBu_4-F_6-Cl_T100_xylene,phosphine,1,100,xylene,phosphine,586,6.3,13.0,0,0,7,3,1,0,45,73.93872051771955
phosphine_2-tBu_4-F_6-F_T100_benzene,phosphine,1,100,benzene,phosphine,538,6.3,13.0,0,0,7,3,1,0,41,73.93669654141439
phosphine_2-tBu_4-F_6-Cl_T100_benzene,phosphine,1,100,benzene,phosphine,586,6.3,13.0,0,0,7,3,1,0,45,73.93669654141439
phosphine_2-tBu_4-H_6-Cl_T100_benzene,phosphine,1,100,benzene,phosphine,532,6.3,13.0,0,0,7,3,1,0,40,73.93669654141439
phosphine_2-tBu_4-F_6-Me_T100_toluene,phosphine,1,100,toluene,phosphine,526,6.8999999999999995,13.0,0,0,7,3,1,0,40,73.91559854415178
phosphine_2-tBu_4-Me_6-Cl_T100_toluene,phosphine,1,100,toluene,phosphine,574,6.8999999999999995,13.0,0,0,7,3,1,0,44,73.91559854415178
phosphine_2-tBu_4-Me_6-F_T100_toluene,phosphine,1,100,toluene,phosphine,526,6.8999999999999995,13.0,0,0,7,3,1,0,40,73.91559854415178
phosphite_2-OMe_4-F_6-OMe_T100_hexane,phosphite,1,100,hexane,phosphite,416,5.4,28.0,0,3,6,3,1,3,32,73.84674059870756
phosphite_2-F_4-OMe_6-OMe_T100_hexane,phosphite,1,100,hexane,phosphite,416,5.4,28.0,0,3,6,3,1,3,32,73.84674059870756
phosphine_2-tBu_4-OMe_6-OMe_T100_toluene,phosphine,1,100,toluene,phosphine,694,7.1,13.0,0,2,7,3,1,2,53,73.8388340707764
phosphite_2-Cl_4-F_6-OMe_T100_hexane,phosphite,1,100,hexane,phosphite,406,5.2,28.0,0,3,6,3,1,3,31,73.83570494932066
phosphite_2-CF3_4-F_6-H_T100_hexane,phosphite,1,100,hexane,phosphite,414,5.0,28.0,0,3,6,3,1,3,31,73.83570494932066
phosphite_2-CF3_4-F_6-Me_T100_hexane,phosphite,1,100,hexane,phosphite,428,5.5,28.0,0,3,6,3,1,3,32,73.8103051595109
phosphite_2-Cl_4-OMe_6-OMe_T100_xylene,phosphite,1,100,xylene,phosphite,432,5.4,28.0,0,3,6,3,1,3,33,73.793290809741
phosphite_2-tBu_4-OMe_6-OMe_T100_hexane,phosphite,1,100,hexane,phosphite,454,6.9,28.0,0,3,7,3,1,3,34,73.74644999586957
phosphite_2-OMe_4-H_6-OMe_T100_hexane,phosphite,1,100,hexane,phosphite,398,5.4,28.0,0,3,6,3,1,3,30,73.69635379593602
phosphite_2-H_4-OMe_6-OMe_T100_hexane,phosphite,1,100,hexane,phosphite,398,5.4,28.0,0,3,6,3,1,3,30,73.69635379593602
phosphite_2-OMe_4-OMe_6-H_T100_hexane,phosphite,1,100,hexane,phosphite,398,5.4,28.0,0,3,6,3,1,3,30,73.69635379593602
phosphite_2-CF3_4-F_6-Me_T100_benzene,phosphite,1,100,benzene,phosphite,428,5.5,28.0,0,3,6,3,1,3,32,73.64167683811951
phosphite_2-CF3_4-Me_6-Me_T100_xylene,phosphite,1,100,xylene,phosphite,424,6.0,28.0,0,3,6,3,1,3,32,73.64027880581239
diphosphine_4-F_T100_toluene,diphosphine,2,100,toluene,diphosphine,426,7.5,13.0,0,0,9,6,2,0,32,73.62735386280087
diphosphine_4-CF3_T100_toluene,diphosphine,2,100,toluene,diphosphine,426,7.5,13.0,0,0,9,6,2,0,32,73.62735386280087
diphosphine_4-H_T100_toluene,diphosphine,2,100,toluene,diphosphine,426,7.5,13.0,0,0,9,6,2,0,32,73.62735386280087
phosphite_2-Cl_4-OMe_6-OMe_T100_benzene,phosphite,1,100,benzene,phosphite,432,5.4,28.0,0,3,6,3,1,3,33,73.59021900337702
phosphite_2-iPr_4-F_6-OMe_T100_benzene,phosphite,1,100,benzene,phosphite,414,5.2,28.0,0,3,7,3,1,3,31,73.56630630509775
phosphine_2-iPr_4-Me_6-Cl_T100_xylene,phosphine,1,100,xylene,phosphine,532,5.1,13.0,0,0,7,3,1,0,40,73.55477362114952
phosphine_2-iPr_4-H_6-OMe_T100_xylene,phosphine,1,100,xylene,phosphine,520,4.8999999999999995,13.0,0,1,7,3,1,1,40,73.55477362114952
phosphine_2-iPr_4-OMe_6-F_T100_xylene,phosphine,1,100,xylene,phosphine,574,4.8999999999999995,13.0,0,1,7,3,1,1,44,73.55477362114952
phosphine_2-iPr_4-OMe_6-Cl_T100_xylene,phosphine,1,100,xylene,phosphine,622,4.8999999999999995,13.0,0,1,7,3,1,1,47,73.55477362114952
phosphine_2-iPr_4-OMe_6-OMe_T100_xylene,phosphine,1,100,xylene,phosphine,652,5.3,13.0,0,2,7,3,1,2,50,73.55477362114952
phosphine_2-iPr_4-F_6-OMe_T100_xylene,phosphine,1,100,xylene,phosphine,574,4.8999999999999995,13.0,0,1,7,3,1,1,44,73.55477362114952
phosphine_2-iPr_4-OMe_6-H_T100_xylene,phosphine,1,100,xylene,phosphine,520,4.8999999999999995,13.0,0,1,7,3,1,1,40,73.55477362114952
phosphite_2-tBu_4-F_6-Me_T100_toluene,phosphite,1,100,toluene,phosphite,398,7.0,28.0,0,3,7,3,1,3,30,73.52676595975484
phosphine_2-iPr_4-H_6-Cl_T100_xylene,phosphine,1,100,xylene,phosphine,490,4.5,13.0,0,0,7,3,1,0,37,73.49948924950507
phosphine_2-iPr_4-F_6-F_T100_xylene,phosphine,1,100,xylene,phosphine,496,4.5,13.0,0,0,7,3,1,0,38,73.49948924950507
phosphine_2-iPr_4-F_6-Cl_T100_xylene,phosphine,1,100,xylene,phosphine,544,4.5,13.0,0,0,7,3,1,0,41,73.49948924950507
phosphine_2-iPr_4-F_6-F_T100_hexane,phosphine,1,100,hexane,phosphine,496,4.5,13.0,0,0,7,3,1,0,38,73.48924697634514
phosphine_2-iPr_4-F_6-Cl_T100_hexane,phosphine,1,100,hexane,phosphine,544,4.5,13.0,0,0,7,3,1,0,41,73.48924697634514
phosphine_2-iPr_4-H_6-Cl_T100_hexane,phosphine,1,100,hexane,phosphine,490,4.5,13.0,0,0,7,3,1,0,37,73.48924697634514
phosphine_2-tBu_4-H_6-Me_T100_xylene,phosphine,1,100,xylene,phosphine,472,6.8999999999999995,13.0,0,0,7,3,1,0,36,73.48369027938114
phosphine_2-tBu_4-Me_6-H_T100_xylene,phosphine,1,100,xylene,phosphine,472,6.8999999999999995,13.0,0,0,7,3,1,0,36,73.48369027938114
phosphite_2-iPr_4-F_6-OMe_T100_xylene,phosphite,1,100,xylene,phosphite,414,5.2,28.0,0,3,7,3,1,3,31,73.44400610983176
phosphite_2-tBu_4-H_6-OMe_T100_toluene,phosphite,1,100,toluene,phosphite,410,6.7,28.0,0,3,7,3,1,3,31,73.4347880670089
phosphite_2-tBu_4-OMe_6-H_T100_toluene,phosphite,1,100,toluene,phosphite,410,6.7,28.0,0,3,7,3,1,3,31,73.4347880670089
phosphite_2-CF3_4-F_6-Me_T100_xylene,phosphite,1,100,xylene,phosphite,428,5.5,28.0,0,3,6,3,1,3,32,73.42602264139047
phosphite_2-iPr_4-OMe_6-Me_T100_hexane,phosphite,1,100,hexane,phosphite,410,5.7,28.0,0,3,7,3,1,3,31,73.39311044188963
phosphite_2-iPr_4-Me_6-OMe_T100_hexane,phosphite,1,100,hexane,phosphite,410,5.7,28.0,0,3,7,3,1,3,31,73.39311044188963
phosphite_2-iPr_4-H_6-OMe_T100_toluene,phosphite,1,100,toluene,phosphite,396,5.2,28.0,0,3,7,3,1,3,30,73.36834750169528
phosphite_2-iPr_4-OMe_6-H_T100_toluene,phosphite,1,100,toluene,phosphite,396,5.2,28.0,0,3,7,3,1,3,30,73.36834750169528
phosphine_2-iPr_4-Me_6-Cl_T100_hexane,phosphine,1,100,hexane,phosphine,532,5.1,13.0,0,0,7,3,1,0,40,73.3664724555882
phosphine_2-iPr_4-OMe_6-Cl_T100_hexane,phosphine,1,100,hexane,phosphine,622,4.8999999999999995,13.0,0,1,7,3,1,1,47,73.3664724555882
phosphine_2-iPr_4-OMe_6-H_T100_hexane,phosphine,1,100,hexane,phosphine,520,4.8999999999999995,13.0,0,1,7,3,1,1,40,73.3664724555882
phosphine_2-iPr_4-H_6-OMe_T100_hexane,phosphine,1,100,hexane,phosphine,520,4.8999999999999995,13.0,0,1,7,3,1,1,40,73.3664724555882
phosphine_2-iPr_4-F_6-OMe_T100_hexane,phosphine,1,100,hexane,phosphine,574,4.8999999999999995,13.0,0,1,7,3,1,1,44,73.3664724555882
phosphine_2-iPr_4-OMe_6-F_T100_hexane,phosphine,1,100,hexane,phosphine,574,4.8999999999999995,13.0,0,1,7,3,1,1,44,73.3664724555882
phosphine_2-iPr_4-OMe_6-OMe_T100_hexane,phosphine,1,100,hexane,phosphine,652,5.3,13.0,0,2,7,3,1,2,50,73.3664724555882
phosphite_2-tBu_4-OMe_6-OMe_T100_xylene,phosphite,1,100,xylene,phosphite,454,6.9,28.0,0,3,7,3,1,3,34,73.36343461251538
phosphine_2-tBu_4-Me_6-OMe_T100_toluene,phosphine,1,100,toluene,phosphine,604,7.3,13.0,0,1,7,3,1,1,46,73.34567711111846
phosphine_2-tBu_4-OMe_6-Me_T100_toluene,phosphine,1,100,toluene,phosphine,604,7.3,13.0,0,1,7,3,1,1,46,73.34567711111846
phosphine_2-tBu_4-H_6-Me_T100_hexane,phosphine,1,100,hexane,phosphine,472,6.8999999999999995,13.0,0,0,7,3,1,0,36,73.2917945947618
phosphine_2-tBu_4-Me_6-H_T100_hexane,phosphine,1,100,hexane,phosphine,472,6.8999999999999995,13.0,0,0,7,3,1,0,36,73.2917945947618
phosphine_2-tBu_4-OMe_6-H_T100_benzene,phosphine,1,100,benzene,phosphine,562,6.699999999999999,13.0,0,1,7,3,1,1,43,73.27687811620002
phosphine_2-tBu_4-H_6-OMe_T100_benzene,phosphine,1,100,benzene,phosphine,562,6.699999999999999,13.0,0,1,7,3,1,1,43,73.27687811620002
phosphine_2-tBu_4-OMe_6-F_T100_benzene,phosphine,1,100,benzene,phosphine,616,6.699999999999999,13.0,0,1,7,3,1,1,47,73.27687811620002
phosphine_2-tBu_4-F_6-OMe_T100_benzene,phosphine,1,100,benzene,phosphine,616,6.699999999999999,13.0,0,1,7,3,1,1,47,73.27687811620002
phosphine_2-tBu_4-OMe_6-Cl_T100_benzene,phosphine,1,100,benzene,phosphine,664,6.699999999999999,13.0,0,1,7,3,1,1,51,73.27687811620002
phosphite_2-OMe_4-Me_6-OMe_T100_hexane,phosphite,1,100,hexane,phosphite,412,5.9,28.0,0,3,6,3,1,3,31,73.24927450839631
phosphite_2-OMe_4-OMe_6-Me_T100_hexane,phosphite,1,100,hexane,phosphite,412,5.9,28.0,0,3,6,3,1,3,31,73.24927450839631
phosphite_2-Me_4-OMe_6-OMe_T100_hexane,phosphite,1,100,hexane,phosphite,412,5.9,28.0,0,3,6,3,1,3,31,73.24927450839631
phosphine_2-tBu_4-H_6-H_T100_benzene,phosphine,1,100,benzene,phosphine,430,6.3,13.0,0,0,7,3,1,0,33,73.17035032025548
phosphite_2-F_4-OMe_6-OMe_T100_xylene,phosphite,1,100,xylene,phosphite,416,5.4,28.0,0,3,6,3,1,3,32,73.1584826852403
phosphite_2-OMe_4-F_6-OMe_T100_xylene,phosphite,1,100,xylene,phosphite,416,5.4,28.0,0,3,6,3,1,3,32,73.1584826852403
phosphite_2-CF3_4-F_6-H_T100_xylene,phosphite,1,100,xylene,phosphite,414,5.0,28.0,0,3,6,3,1,3,31,73.13939123335969
phosphite_2-Cl_4-F_6-OMe_T100_xylene,phosphite,1,100,xylene,phosphite,406,5.2,28.0,0,3,6,3,1,3,31,73.13939123335969
phosphite_2-OMe_4-OMe_6-H_T100_xylene,phosphite,1,100,xylene,phosphite,398,5.4,28.0,0,3,6,3,1,3,30,73.12742508313484
phosphite_2-H_4-OMe_6-OMe_T100_xylene,phosphite,1,100,xylene,phosphite,398,5.4,28.0,0,3,6,3,1,3,30,73.12742508313484
phosphite_2-OMe_4-H_6-OMe_T100_xylene,phosphite,1,100,xylene,phosphite,398,5.4,28.0,0,3,6,3,1,3,30,73.12742508313484
phosphine_2-iPr_4-OMe_6-OMe_T100_benzene,phosphine,1,100,benzene,phosphine,652,5.3,13.0,0,2,7,3,1,2,50,73.09085452634163
phosphine_2-iPr_4-H_6-Me_T100_hexane,phosphine,1,100,hexane,phosphine,430,5.1,13.0,0,0,7,3,1,0,33,73.05974462694472
phosphine_2-iPr_4-Me_6-H_T100_hexane,phosphine,1,100,hexane,phosphine,430,5.1,13.0,0,0,7,3,1,0,33,73.05974462694472
phosphite_2-CF3_4-OMe_6-OMe_T100_xylene,phosphite,1,100,xylene,phosphite,484,5.4,28.0,0,3,6,3,1,3,37,73.04795494204271
phosphine_2-OMe_4-F_6-Cl_T100_xylene,phosphine,1,100,xylene,phosphine,550,4.8999999999999995,13.0,0,1,6,3,1,1,42,72.99570649947114
phosphine_2-CF3_4-F_6-OMe_T100_xylene,phosphine,1,100,xylene,phosphine,706,4.8999999999999995,13.0,0,1,6,3,1,1,54,72.99570649947114
phosphine_2-CF3_4-F_6-Me_T100_xylene,phosphine,1,100,xylene,phosphine,616,5.1,13.0,0,0,6,3,1,0,47,72.99570649947114
phosphine_2-CF3_4-Me_6-Cl_T100_xylene,phosphine,1,100,xylene,phosphine,664,5.1,13.0,0,0,6,3,1,0,51,72.99570649947114
phosphine_2-OMe_4-H_6-OMe_T100_xylene,phosphine,1,100,xylene,phosphine,526,5.3,13.0,0,2,6,3,1,2,40,72.99570649947114
phosphine_2-CF3_4-H_6-Me_T100_xylene,phosphine,1,100,xylene,phosphine,562,5.1,13.0,0,0,6,3,1,0,43,72.99570649947114
phosphine_2-CF3_4-OMe_6-H_T100_xylene,phosphine,1,100,xylene,phosphine,652,4.8999999999999995,13.0,0,1,6,3,1,1,50,72.99570649947114
phosphine_2-OMe_4-F_6-OMe_T100_xylene,phosphine,1,100,xylene,phosphine,580,5.3,13.0,0,2,6,3,1,2,44,72.99570649947114
phosphine_2-CF3_4-H_6-OMe_T100_xylene,phosphine,1,100,xylene,phosphine,652,4.8999999999999995,13.0,0,1,6,3,1,1,50,72.99570649947114
phosphine_2-H_4-OMe_6-Cl_T100_xylene,phosphine,1,100,xylene,phosphine,496,4.8999999999999995,13.0,0,1,6,3,1,1,38,72.99570649947114
phosphine_2-Cl_4-OMe_6-F_T100_xylene,phosphine,1,100,xylene,phosphine,550,4.8999999999999995,13.0,0,1,6,3,1,1,42,72.99570649947114
phosphine_2-F_4-F_6-OMe_T100_xylene,phosphine,1,100,xylene,phosphine,502,4.8999999999999995,13.0,0,1,6,3,1,1,38,72.99570649947114
phosphine_2-F_4-OMe_6-Cl_T100_xylene,phosphine,1,100,xylene,phosphine,550,4.8999999999999995,13.0,0,1,6,3,1,1,42,72.99570649947114
phosphine_2-OMe_4-H_6-Cl_T100_xylene,phosphine,1,100,xylene,phosphine,496,4.8999999999999995,13.0,0,1,6,3,1,1,38,72.99570649947114
phosphine_2-Cl_4-H_6-OMe_T100_xylene,phosphine,1,100,xylene,phosphine,496,4.8999999999999995,13.0,0,1,6,3,1,1,38,72.99570649947114
phosphine_2-H_4-OMe_6-OMe_T100_xylene,phosphine,1,100,xylene,phosphine,526,5.3,13.0,0,2,6,3,1,2,40,72.99570649947114
phosphine_2-CF3_4-Me_6-F_T100_xylene,phosphine,1,100,xylene,phosphine,616,5.1,13.0,0,0,6,3,1,0,47,72.99570649947114
phosphine_2-CF3_4-OMe_6-F_T100_xylene,phosphine,1,100,xylene,phosphine,706,4.8999999999999995,13.0,0,1,6,3,1,1,54,72.99570649947114
phosphine_2-F_4-OMe_6-OMe_T100_xylene,phosphine,1,100,xylene,phosphine,580,5.3,13.0,0,2,6,3,1,2,44,72.99570649947114
phosphine_2-CF3_4-OMe_6-Cl_T100_xylene,phosphine,1,100,xylene,phosphine,754,4.8999999999999995,13.0,0,1,6,3,1,1,58,72.99570649947114
phosphine_2-Cl_4-OMe_6-H_T100_xylene,phosphine,1,100,xylene,phosphine,496,4.8999999999999995,13.0,0,1,6,3,1,1,38,72.99570649947114
phosphine_2-OMe_4-OMe_6-H_T100_xylene,phosphine,1,100,xylene,phosphine,526,5.3,13.0,0,2,6,3,1,2,40,72.99570649947114
phosphine_2-Cl_4-F_6-OMe_T100_xylene,phosphine,1,100,xylene,phosphine,550,4.8999999999999995,13.0,0,1,6,3,1,1,42,72.99570649947114
phosphine_2-OMe_4-OMe_6-Cl_T100_xylene,phosphine,1,100,xylene,phosphine,628,5.3,13.0,0,2,6,3,1,2,48,72.99570649947114
phosphine_2-OMe_4-F_6-F_T100_xylene,phosphine,1,100,xylene,phosphine,502,4.8999999999999995,13.0,0,1,6,3,1,1,38,72.99570649947114
phosphine_2-F_4-OMe_6-F_T100_xylene,phosphine,1,100,xylene,phosphine,502,4.8999999999999995,13.0,0,1,6,3,1,1,38,72.99570649947114
phosphine_2-OMe_4-OMe_6-F_T100_xylene,phosphine,1,100,xylene,phosphine,580,5.3,13.0,0,2,6,3,1,2,44,72.99570649947114
phosphine_2-Cl_4-Me_6-Cl_T100_xylene,phosphine,1,100,xylene,phosphine,508,5.1,13.0,0,0,6,3,1,0,39,72.99570649947114
phosphine_2-Cl_4-OMe_6-Cl_T100_xylene,phosphine,1,100,xylene,phosphine,598,4.8999999999999995,13.0,0,1,6,3,1,1,46,72.99570649947114
phosphine_2-Cl_4-OMe_6-OMe_T100_xylene,phosphine,1,100,xylene,phosphine,628,5.3,13.0,0,2,6,3,1,2,48,72.99570649947114
phosphine_2-CF3_4-Me_6-H_T100_xylene,phosphine,1,100,xylene,phosphine,562,5.1,13.0,0,0,6,3,1,0,43,72.99570649947114
phosphine_2-CF3_4-OMe_6-OMe_T100_xylene,phosphine,1,100,xylene,phosphine,784,5.3,13.0,0,2,6,3,1,2,60,72.99570649947114
phosphite_2-iPr_4-OMe_6-Me_T100_benzene,phosphite,1,100,benzene,phosphite,410,5.7,28.0,0,3,7,3,1,3,31,72.96830973595067
phosphite_2-iPr_4-Me_6-OMe_T100_benzene,phosphite,1,100,benzene,phosphite,410,5.7,28.0,0,3,7,3,1,3,31,72.96830973595067
phosphine_2-F_4-F_6-F_T100_hexane,phosphine,1,100,hexane,phosphine,424,4.5,13.0,0,0,6,3,1,0,32,72.94475716663874
phosphine_2-Cl_4-F_6-Cl_T100_xylene,phosphine,1,100,xylene,phosphine,520,4.5,13.0,0,0,6,3,1,0,40,72.9404221278267
phosphine_2-CF3_4-H_6-H_T100_xylene,phosphine,1,100,xylene,phosphine,520,4.5,13.0,0,0,6,3,1,0,40,72.9404221278267
phosphine_2-CF3_4-F_6-H_T100_xylene,phosphine,1,100,xylene,phosphine,574,4.5,13.0,0,0,6,3,1,0,44,72.9404221278267
phosphine_2-CF3_4-H_6-F_T100_xylene,phosphine,1,100,xylene,phosphine,574,4.5,13.0,0,0,6,3,1,0,44,72.9404221278267
phosphine_2-CF3_4-F_6-Cl_T100_xylene,phosphine,1,100,xylene,phosphine,676,4.5,13.0,0,0,6,3,1,0,52,72.9404221278267
phosphine_2-CF3_4-H_6-Cl_T100_xylene,phosphine,1,100,xylene,phosphine,622,4.5,13.0,0,0,6,3,1,0,47,72.9404221278267
phosphine_2-CF3_4-F_6-F_T100_xylene,phosphine,1,100,xylene,phosphine,628,4.5,13.0,0,0,6,3,1,0,48,72.9404221278267
phosphine_2-tBu_4-H_6-Cl_T100_toluene,phosphine,1,100,toluene,phosphine,532,6.3,13.0,0,0,7,3,1,0,40,72.90990494172415
phosphine_2-tBu_4-F_6-Cl_T100_toluene,phosphine,1,100,toluene,phosphine,586,6.3,13.0,0,0,7,3,1,0,45,72.90990494172415
phosphine_2-tBu_4-F_6-F_T100_toluene,phosphine,1,100,toluene,phosphine,538,6.3,13.0,0,0,7,3,1,0,41,72.90990494172415
phosphite_2-OMe_4-F_6-OMe_T100_benzene,phosphite,1,100,benzene,phosphite,416,5.4,28.0,0,3,6,3,1,3,32,72.89600248091473
phosphite_2-F_4-OMe_6-OMe_T100_benzene,phosphite,1,100,benzene,phosphite,416,5.4,28.0,0,3,6,3,1,3,32,72.89600248091473
phosphite_2-Cl_4-F_6-OMe_T100_benzene,phosphite,1,100,benzene,phosphite,406,5.2,28.0,0,3,6,3,1,3,31,72.88496683152783
phosphine_2-tBu_4-Me_6-Me_T100_toluene,phosphine,1,100,toluene,phosphine,514,7.5,13.0,0,0,7,3,1,0,39,72.88192026693692
phosphite_2-OMe_4-Me_6-OMe_T100_benzene,phosphite,1,100,benzene,phosphite,412,5.9,28.0,0,3,6,3,1,3,31,72.8565565848921
phosphite_2-Me_4-OMe_6-OMe_T100_benzene,phosphite,1,100,benzene,phosphite,412,5.9,28.0,0,3,6,3,1,3,31,72.8565565848921
phosphite_2-OMe_4-OMe_6-Me_T100_benzene,phosphite,1,100,benzene,phosphite,412,5.9,28.0,0,3,6,3,1,3,31,72.8565565848921
phosphite_2-CF3_4-OMe_6-OMe_T100_hexane,phosphite,1,100,hexane,phosphite,484,5.4,28.0,0,3,6,3,1,3,37,72.8190191519458
phosphine_2-iPr_4-F_6-OMe_T100_benzene,phosphine,1,100,benzene,phosphine,574,4.8999999999999995,13.0,0,1,7,3,1,1,44,72.80559594325943
phosphine_2-iPr_4-OMe_6-Cl_T100_benzene,phosphine,1,100,benzene,phosphine,622,4.8999999999999995,13.0,0,1,7,3,1,1,47,72.80559594325943
phosphine_2-iPr_4-OMe_6-H_T100_benzene,phosphine,1,100,benzene,phosphine,520,4.8999999999999995,13.0,0,1,7,3,1,1,40,72.80559594325943
phosphine_2-iPr_4-H_6-OMe_T100_benzene,phosphine,1,100,benzene,phosphine,520,4.8999999999999995,13.0,0,1,7,3,1,1,40,72.80559594325943
phosphine_2-iPr_4-OMe_6-F_T100_benzene,phosphine,1,100,benzene,phosphine,574,4.8999999999999995,13.0,0,1,7,3,1,1,44,72.80559594325943
phosphine_2-iPr_4-Me_6-Cl_T100_benzene,phosphine,1,100,benzene,phosphine,532,5.1,13.0,0,0,7,3,1,0,40,72.80559594325943
phosphine_2-iPr_4-H_6-Cl_T100_benzene,phosphine,1,100,benzene,phosphine,490,4.5,13.0,0,0,7,3,1,0,37,72.79180313026798
phosphine_2-iPr_4-F_6-Cl_T100_benzene,phosphine,1,100,benzene,phosphine,544,4.5,13.0,0,0,7,3,1,0,41,72.79180313026798
phosphine_2-iPr_4-F_6-F_T100_benzene,phosphine,1,100,benzene,phosphine,496,4.5,13.0,0,0,7,3,1,0,38,72.79180313026798
phosphine_2-CF3_4-F_6-H_T100_hexane,phosphine,1,100,hexane,phosphine,574,4.5,13.0,0,0,6,3,1,0,44,72.70101191900649
phosphine_2-CF3_4-F_6-F_T100_hexane,phosphine,1,100,hexane,phosphine,628,4.5,13.0,0,0,6,3,1,0,48,72.70101191900649
phosphine_2-CF3_4-H_6-F_T100_hexane,phosphine,1,100,hexane,phosphine,574,4.5,13.0,0,0,6,3,1,0,44,72.70101191900649
phosphine_2-Cl_4-F_6-Cl_T100_hexane,phosphine,1,100,hexane,phosphine,520,4.5,13.0,0,0,6,3,1,0,40,72.70101191900649
phosphine_2-CF3_4-H_6-Cl_T100_hexane,phosphine,1,100,hexane,phosphine,622,4.5,13.0,0,0,6,3,1,0,47,72.70101191900649
phosphine_2-CF3_4-H_6-H_T100_hexane,phosphine,1,100,hexane,phosphine,520,4.5,13.0,0,0,6,3,1,0,40,72.70101191900649
phosphine_2-CF3_4-F_6-Cl_T100_hexane,phosphine,1,100,hexane,phosphine,676,4.5,13.0,0,0,6,3,1,0,52,72.70101191900649
phosphite_2-CF3_4-Me_6-Me_T100_toluene,phosphite,1,100,toluene,phosphite,424,6.0,28.0,0,3,6,3,1,3,32,72.64744877351787
phosphite_2-iPr_4-OMe_6-Me_T100_xylene,phosphite,1,100,xylene,phosphite,410,5.7,28.0,0,3,7,3,1,3,31,72.6410647655096
phosphite_2-iPr_4-Me_6-OMe_T100_xylene,phosphite,1,100,xylene,phosphite,410,5.7,28.0,0,3,7,3,1,3,31,72.6410647655096
phosphine_2-tBu_4-F_6-OMe_T100_toluene,phosphine,1,100,toluene,phosphine,616,6.699999999999999,13.0,0,1,7,3,1,1,47,72.62693492615773
phosphine_2-tBu_4-OMe_6-H_T100_toluene,phosphine,1,100,toluene,phosphine,562,6.699999999999999,13.0,0,1,7,3,1,1,43,72.62693492615773
phosphine_2-tBu_4-OMe_6-Cl_T100_toluene,phosphine,1,100,toluene,phosphine,664,6.699999999999999,13.0,0,1,7,3,1,1,51,72.62693492615773
phosphine_2-tBu_4-OMe_6-F_T100_toluene,phosphine,1,100,toluene,phosphine,616,6.699999999999999,13.0,0,1,7,3,1,1,47,72.62693492615773
phosphine_2-tBu_4-H_6-OMe_T100_toluene,phosphine,1,100,toluene,phosphine,562,6.699999999999999,13.0,0,1,7,3,1,1,43,72.62693492615773
phosphite_2-CF3_4-F_6-H_T100_benzene,phosphite,1,100,benzene,phosphite,414,5.0,28.0,0,3,6,3,1,3,31,72.59970824844564
phosphite_2-CF3_4-H_6-Me_T100_hexane,phosphite,1,100,hexane,phosphite,410,5.5,28.0,0,3,6,3,1,3,31,72.5922058621161
phosphite_2-CF3_4-Me_6-H_T100_hexane,phosphite,1,100,hexane,phosphite,410,5.5,28.0,0,3,6,3,1,3,31,72.5922058621161
phosphite_2-Cl_4-OMe_6-Me_T100_hexane,phosphite,1,100,hexane,phosphite,402,5.7,28.0,0,3,6,3,1,3,30,72.55510858024488
phosphite_2-Cl_4-Me_6-OMe_T100_hexane,phosphite,1,100,hexane,phosphite,402,5.7,28.0,0,3,6,3,1,3,30,72.55510858024488
phosphine_2-tBu_4-H_6-F_T100_hexane,phosphine,1,100,hexane,phosphine,484,6.3,13.0,0,0,7,3,1,0,37,72.51517959996819
phosphine_2-tBu_4-F_6-H_T100_hexane,phosphine,1,100,hexane,phosphine,484,6.3,13.0,0,0,7,3,1,0,37,72.51517959996819
diphosphine_4-Me_T100_toluene,diphosphine,2,100,toluene,diphosphine,496,8.3,13.0,0,0,9,6,2,0,38,72.5051051744296
diphosphine_4-OMe_T100_toluene,diphosphine,2,100,toluene,diphosphine,524,8.3,13.0,0,0,9,6,2,0,40,72.5051051744296
phosphite_2-tBu_4-F_6-OMe_T100_dioxane,phosphite,1,100,dioxane,phosphite,428,6.7,28.0,0,3,7,3,1,3,32,72.48483714653811
phosphine_2-CF3_4-OMe_6-H_T100_hexane,phosphine,1,100,hexane,phosphine,652,4.8999999999999995,13.0,0,1,6,3,1,1,50,72.46066404280322
phosphine_2-CF3_4-Me_6-Cl_T100_hexane,phosphine,1,100,hexane,phosphine,664,5.1,13.0,0,0,6,3,1,0,51,72.46066404280322
phosphine_2-F_4-OMe_6-OMe_T100_hexane,phosphine,1,100,hexane,phosphine,580,5.3,13.0,0,2,6,3,1,2,44,72.46066404280322
phosphine_2-OMe_4-F_6-OMe_T100_hexane,phosphine,1,100,hexane,phosphine,580,5.3,13.0,0,2,6,3,1,2,44,72.46066404280322
phosphine_2-F_4-F_6-OMe_T100_hexane,phosphine,1,100,hexane,phosphine,502,4.8999999999999995,13.0,0,1,6,3,1,1,38,72.46066404280322
phosphine_2-H_4-OMe_6-OMe_T100_hexane,phosphine,1,100,hexane,phosphine,526,5.3,13.0,0,2,6,3,1,2,40,72.46066404280322
phosphine_2-CF3_4-Me_6-F_T100_hexane,phosphine,1,100,hexane,phosphine,616,5.1,13.0,0,0,6,3,1,0,47,72.46066404280322
phosphine_2-CF3_4-OMe_6-OMe_T100_hexane,phosphine,1,100,hexane,phosphine,784,5.3,13.0,0,2,6,3,1,2,60,72.46066404280322
phosphine_2-CF3_4-F_6-Me_T100_hexane,phosphine,1,100,hexane,phosphine,616,5.1,13.0,0,0,6,3,1,0,47,72.46066404280322
phosphine_2-F_4-OMe_6-Cl_T100_hexane,phosphine,1,100,hexane,phosphine,550,4.8999999999999995,13.0,0,1,6,3,1,1,42,72.46066404280322
phosphine_2-CF3_4-F_6-OMe_T100_hexane,phosphine,1,100,hexane,phosphine,706,4.8999999999999995,13.0,0,1,6,3,1,1,54,72.46066404280322
phosphine_2-OMe_4-F_6-Cl_T100_hexane,phosphine,1,100,hexane,phosphine,550,4.8999999999999995,13.0,0,1,6,3,1,1,42,72.46066404280322
phosphine_2-H_4-OMe_6-Cl_T100_hexane,phosphine,1,100,hexane,phosphine,496,4.8999999999999995,13.0,0,1,6,3,1,1,38,72.46066404280322
phosphine_2-OMe_4-F_6-F_T100_hexane,phosphine,1,100,hexane,phosphine,502,4.8999999999999995,13.0,0,1,6,3,1,1,38,72.46066404280322
phosphine_2-F_4-OMe_6-F_T100_hexane,phosphine,1,100,hexane,phosphine,502,4.8999999999999995,13.0,0,1,6,3,1,1,38,72.46066404280322
phosphine_2-CF3_4-OMe_6-F_T100_hexane,phosphine,1,100,hexane,phosphine,706,4.8999999999999995,13.0,0,1,6,3,1,1,54,72.46066404280322
phosphine_2-CF3_4-OMe_6-Cl_T100_hexane,phosphine,1,100,hexane,phosphine,754,4.8999999999999995,13.0,0,1,6,3,1,1,58,72.46066404280322
phosphine_2-Cl_4-OMe_6-F_T100_hexane,phosphine,1,100,hexane,phosphine,550,4.8999999999999995,13.0,0,1,6,3,1,1,42,72.46066404280322
phosphine_2-OMe_4-OMe_6-Cl_T100_hexane,phosphine,1,100,hexane,phosphine,628,5.3,13.0,0,2,6,3,1,2,48,72.46066404280322
phosphine_2-Cl_4-Me_6-Cl_T100_hexane,phosphine,1,100,hexane,phosphine,508,5.1,13.0,0,0,6,3,1,0,39,72.46066404280322
phosphine_2-OMe_4-OMe_6-F_T100_hexane,phosphine,1,100,hexane,phosphine,580,5.3,13.0,0,2,6,3,1,2,44,72.46066404280322
phosphine_2-CF3_4-H_6-OMe_T100_hexane,phosphine,1,100,hexane,phosphine,652,4.8999999999999995,13.0,0,1,6,3,1,1,50,72.46066404280322
phosphine_2-OMe_4-OMe_6-H_T100_hexane,phosphine,1,100,hexane,phosphine,526,5.3,13.0,0,2,6,3,1,2,40,72.46066404280322
phosphine_2-Cl_4-F_6-OMe_T100_hexane,phosphine,1,100,hexane,phosphine,550,4.8999999999999995,13.0,0,1,6,3,1,1,42,72.46066404280322
phosphine_2-Cl_4-H_6-OMe_T100_hexane,phosphine,1,100,hexane,phosphine,496,4.8999999999999995,13.0,0,1,6,3,1,1,38,72.46066404280322
phosphine_2-OMe_4-H_6-Cl_T100_hexane,phosphine,1,100,hexane,phosphine,496,4.8999999999999995,13.0,0,1,6,3,1,1,38,72.46066404280322
phosphine_2-CF3_4-H_6-Me_T100_hexane,phosphine,1,100,hexane,phosphine,562,5.1,13.0,0,0,6,3,1,0,43,72.46066404280322
phosphine_2-Cl_4-OMe_6-Cl_T100_hexane,phosphine,1,100,hexane,phosphine,598,4.8999999999999995,13.0,0,1,6,3,1,1,46,72.46066404280322
phosphine_2-OMe_4-H_6-OMe_T100_hexane,phosphine,1,100,hexane,phosphine,526,5.3,13.0,0,2,6,3,1,2,40,72.46066404280322
phosphine_2-Cl_4-OMe_6-OMe_T100_hexane,phosphine,1,100,hexane,phosphine,628,5.3,13.0,0,2,6,3,1,2,48,72.46066404280322
phosphine_2-CF3_4-Me_6-H_T100_hexane,phosphine,1,100,hexane,phosphine,562,5.1,13.0,0,0,6,3,1,0,43,72.46066404280322
phosphine_2-Cl_4-OMe_6-H_T100_hexane,phosphine,1,100,hexane,phosphine,496,4.8999999999999995,13.0,0,1,6,3,1,1,38,72.46066404280322
phosphine_2-tBu_4-H_6-H_T100_xylene,phosphine,1,100,xylene,phosphine,430,6.3,13.0,0,0,7,3,1,0,33,72.4129335899284
phosphite_2-OMe_4-OMe_6-H_T100_benzene,phosphite,1,100,benzene,phosphite,398,5.4,28.0,0,3,6,3,1,3,30,72.41035066810693
phosphite_2-H_4-OMe_6-OMe_T100_benzene,phosphite,1,100,benzene,phosphite,398,5.4,28.0,0,3,6,3,1,3,30,72.41035066810693
phosphite_2-OMe_4-H_6-OMe_T100_benzene,phosphite,1,100,benzene,phosphite,398,5.4,28.0,0,3,6,3,1,3,30,72.41035066810693
phosphine_2-iPr_4-Me_6-OMe_T100_xylene,phosphine,1,100,xylene,phosphine,562,5.5,13.0,0,1,7,3,1,1,43,72.40980473377599
phosphine_2-iPr_4-OMe_6-Me_T100_xylene,phosphine,1,100,xylene,phosphine,562,5.5,13.0,0,1,7,3,1,1,43,72.40980473377599
phosphite_2-iPr_4-OMe_6-OMe_T100_hexane,phosphite,1,100,hexane,phosphite,440,5.4,28.0,0,3,7,3,1,3,33,72.40579073604059
phosphite_2-OMe_4-Me_6-OMe_T100_xylene,phosphite,1,100,xylene,phosphite,412,5.9,28.0,0,3,6,3,1,3,31,72.40115764126458
phosphite_2-Me_4-OMe_6-OMe_T100_xylene,phosphite,1,100,xylene,phosphite,412,5.9,28.0,0,3,6,3,1,3,31,72.40115764126458
phosphite_2-OMe_4-OMe_6-Me_T100_xylene,phosphite,1,100,xylene,phosphite,412,5.9,28.0,0,3,6,3,1,3,31,72.40115764126458
phosphite_2-Cl_4-OMe_6-Me_T100_xylene,phosphite,1,100,xylene,phosphite,402,5.7,28.0,0,3,6,3,1,3,30,72.30615023840744
phosphite_2-Cl_4-Me_6-OMe_T100_xylene,phosphite,1,100,xylene,phosphite,402,5.7,28.0,0,3,6,3,1,3,30,72.30615023840744
phosphine_2-OMe_4-OMe_6-H_T100_benzene,phosphine,1,100,benzene,phosphine,526,5.3,13.0,0,2,6,3,1,2,40,72.24566316047067
phosphine_2-OMe_4-H_6-OMe_T100_benzene,phosphine,1,100,benzene,phosphine,526,5.3,13.0,0,2,6,3,1,2,40,72.24566316047067
phosphine_2-H_4-OMe_6-OMe_T100_benzene,phosphine,1,100,benzene,phosphine,526,5.3,13.0,0,2,6,3,1,2,40,72.24566316047067
phosphine_2-F_4-OMe_6-OMe_T100_benzene,phosphine,1,100,benzene,phosphine,580,5.3,13.0,0,2,6,3,1,2,44,72.24566316047067
phosphine_2-CF3_4-OMe_6-OMe_T100_benzene,phosphine,1,100,benzene,phosphine,784,5.3,13.0,0,2,6,3,1,2,60,72.24566316047067
phosphine_2-Cl_4-OMe_6-OMe_T100_benzene,phosphine,1,100,benzene,phosphine,628,5.3,13.0,0,2,6,3,1,2,48,72.24566316047067
phosphine_2-OMe_4-F_6-OMe_T100_benzene,phosphine,1,100,benzene,phosphine,580,5.3,13.0,0,2,6,3,1,2,44,72.24566316047067
phosphine_2-OMe_4-OMe_6-Cl_T100_benzene,phosphine,1,100,benzene,phosphine,628,5.3,13.0,0,2,6,3,1,2,48,72.24566316047067
phosphine_2-OMe_4-OMe_6-F_T100_benzene,phosphine,1,100,benzene,phosphine,580,5.3,13.0,0,2,6,3,1,2,44,72.24566316047067
phosphine_2-iPr_4-OMe_6-Me_T100_benzene,phosphine,1,100,benzene,phosphine,562,5.5,13.0,0,1,7,3,1,1,43,72.1936153246805
phosphine_2-iPr_4-Me_6-OMe_T100_benzene,phosphine,1,100,benzene,phosphine,562,5.5,13.0,0,1,7,3,1,1,43,72.1936153246805
phosphite_2-tBu_4-Me_6-OMe_T100_dioxane,phosphite,1,100,dioxane,phosphite,424,7.2,28.0,0,3,7,3,1,3,32,72.1888172712124
phosphite_2-tBu_4-OMe_6-Me_T100_dioxane,phosphite,1,100,dioxane,phosphite,424,7.2,28.0,0,3,7,3,1,3,32,72.1888172712124
phosphite_2-CF3_4-H_6-Me_T100_xylene,phosphite,1,100,xylene,phosphite,410,5.5,28.0,0,3,6,3,1,3,31,72.18690147684266
phosphite_2-CF3_4-Me_6-H_T100_xylene,phosphite,1,100,xylene,phosphite,410,5.5,28.0,0,3,6,3,1,3,31,72.18690147684266
phosphine_2-iPr_4-OMe_6-OMe_T100_toluene,phosphine,1,100,toluene,phosphine,652,5.3,13.0,0,2,7,3,1,2,50,72.18213035772509
phosphite_2-CF3_4-H_6-Me_T100_benzene,phosphite,1,100,benzene,phosphite,410,5.5,28.0,0,3,6,3,1,3,31,72.15526395670851
phosphite_2-CF3_4-Me_6-H_T100_benzene,phosphite,1,100,benzene,phosphite,410,5.5,28.0,0,3,6,3,1,3,31,72.15526395670851
phosphine_2-tBu_4-Me_6-H_T100_benzene,phosphine,1,100,benzene,phosphine,472,6.8999999999999995,13.0,0,0,7,3,1,0,36,72.15137855621728
phosphine_2-tBu_4-H_6-Me_T100_benzene,phosphine,1,100,benzene,phosphine,472,6.8999999999999995,13.0,0,0,7,3,1,0,36,72.15137855621728
phosphine_2-Cl_4-F_6-H_T100_hexane,phosphine,1,100,hexane,phosphine,418,4.5,13.0,0,0,6,3,1,0,32,72.13396762236127
phosphine_2-Cl_4-H_6-F_T100_hexane,phosphine,1,100,hexane,phosphine,418,4.5,13.0,0,0,6,3,1,0,32,72.13396762236127
phosphine_2-F_4-H_6-Cl_T100_hexane,phosphine,1,100,hexane,phosphine,418,4.5,13.0,0,0,6,3,1,0,32,72.13396762236127
phosphine_2-H_4-F_6-Cl_T100_hexane,phosphine,1,100,hexane,phosphine,418,4.5,13.0,0,0,6,3,1,0,32,72.13396762236127
phosphite_2-CF3_4-F_6-OMe_T100_xylene,phosphite,1,100,xylene,phosphite,458,5.2,28.0,0,3,6,3,1,3,35,72.1179692321899
phosphine_2-F_4-F_6-F_T100_xylene,phosphine,1,100,xylene,phosphine,424,4.5,13.0,0,0,6,3,1,0,32,72.07271876071523
phosphite_2-tBu_4-OMe_6-OMe_T100_benzene,phosphite,1,100,benzene,phosphite,454,6.9,28.0,0,3,7,3,1,3,34,72.07253103541944
phosphine_2-iPr_4-H_6-Me_T100_xylene,phosphine,1,100,xylene,phosphine,430,5.1,13.0,0,0,7,3,1,0,33,72.04849190083526
phosphine_2-iPr_4-Me_6-H_T100_xylene,phosphine,1,100,xylene,phosphine,430,5.1,13.0,0,0,7,3,1,0,33,72.04849190083526
phosphine_2-OMe_4-OMe_6-Me_T100_xylene,phosphine,1,100,xylene,phosphine,568,5.8999999999999995,13.0,0,2,6,3,1,2,43,72.04649199331108
phosphine_2-NMe2_4-OMe_6-OMe_T100_xylene,phosphine,1,100,xylene,phosphine,568,5.8999999999999995,13.0,0,2,6,3,1,2,43,72.04649199331108
phosphine_2-Me_4-OMe_6-OMe_T100_xylene,phosphine,1,100,xylene,phosphine,568,5.8999999999999995,13.0,0,2,6,3,1,2,43,72.04649199331108
phosphine_2-OMe_4-Me_6-OMe_T100_xylene,phosphine,1,100,xylene,phosphine,568,5.8999999999999995,13.0,0,2,6,3,1,2,43,72.04649199331108
phosphine_2-tBu_4-Me_6-Cl_T100_dioxane,phosphine,1,100,dioxane,phosphine,574,6.8999999999999995,13.0,0,0,7,3,1,0,44,72.04319622588959
phosphine_2-tBu_4-Me_6-F_T100_dioxane,phosphine,1,100,dioxane,phosphine,526,6.8999999999999995,13.0,0,0,7,3,1,0,40,72.04319622588959
phosphine_2-tBu_4-F_6-Me_T100_dioxane,phosphine,1,100,dioxane,phosphine,526,6.8999999999999995,13.0,0,0,7,3,1,0,40,72.04319622588959
phosphine_2-iPr_4-Me_6-H_T100_benzene,phosphine,1,100,benzene,phosphine,430,5.1,13.0,0,0,7,3,1,0,33,72.03924972210052
phosphine_2-iPr_4-H_6-Me_T100_benzene,phosphine,1,100,benzene,phosphine,430,5.1,13.0,0,0,7,3,1,0,33,72.03924972210052
phosphite_2-iPr_4-OMe_6-OMe_T100_xylene,phosphite,1,100,xylene,phosphite,440,5.4,28.0,0,3,7,3,1,3,33,72.01046510672481
phosphine_2-NMe2_4-OMe_6-OMe_T100_benzene,phosphine,1,100,benzene,phosphine,568,5.8999999999999995,13.0,0,2,6,3,1,2,43,71.98676679229311
phosphine_2-Me_4-OMe_6-OMe_T100_benzene,phosphine,1,100,benzene,phosphine,568,5.8999999999999995,13.0,0,2,6,3,1,2,43,71.98676679229311
phosphine_2-OMe_4-Me_6-OMe_T100_benzene,phosphine,1,100,benzene,phosphine,568,5.8999999999999995,13.0,0,2,6,3,1,2,43,71.98676679229311
phosphine_2-OMe_4-OMe_6-Me_T100_benzene,phosphine,1,100,benzene,phosphine,568,5.8999999999999995,13.0,0,2,6,3,1,2,43,71.98676679229311
phosphine_2-F_4-F_6-F_T100_benzene,phosphine,1,100,benzene,phosphine,424,4.5,13.0,0,0,6,3,1,0,32,71.98119491749434
phosphite_2-CF3_4-OMe_6-OMe_T100_benzene,phosphite,1,100,benzene,phosphite,484,5.4,28.0,0,3,6,3,1,3,37,71.97860193379734
phosphine_2-OMe_4-OMe_6-OMe_T100_xylene,phosphine,1,100,xylene,phosphine,658,5.699999999999999,13.0,0,3,6,3,1,3,50,71.963619023482
phosphine_2-CF3_4-Me_6-Me_T100_xylene,phosphine,1,100,xylene,phosphine,604,5.7,13.0,0,0,6,3,1,0,46,71.963619023482
phosphine_2-OMe_4-F_6-F_T100_benzene,phosphine,1,100,benzene,phosphine,502,4.8999999999999995,13.0,0,1,6,3,1,1,38,71.96040457738847
phosphine_2-F_4-OMe_6-F_T100_benzene,phosphine,1,100,benzene,phosphine,502,4.8999999999999995,13.0,0,1,6,3,1,1,38,71.96040457738847
phosphine_2-Cl_4-OMe_6-Cl_T100_benzene,phosphine,1,100,benzene,phosphine,598,4.8999999999999995,13.0,0,1,6,3,1,1,46,71.96040457738847
phosphine_2-CF3_4-H_6-Me_T100_benzene,phosphine,1,100,benzene,phosphine,562,5.1,13.0,0,0,6,3,1,0,43,71.96040457738847
phosphine_2-Cl_4-OMe_6-H_T100_benzene,phosphine,1,100,benzene,phosphine,496,4.8999999999999995,13.0,0,1,6,3,1,1,38,71.96040457738847
phosphine_2-H_4-OMe_6-Cl_T100_benzene,phosphine,1,100,benzene,phosphine,496,4.8999999999999995,13.0,0,1,6,3,1,1,38,71.96040457738847
phosphine_2-F_4-OMe_6-Cl_T100_benzene,phosphine,1,100,benzene,phosphine,550,4.8999999999999995,13.0,0,1,6,3,1,1,42,71.96040457738847
phosphine_2-CF3_4-Me_6-F_T100_benzene,phosphine,1,100,benzene,phosphine,616,5.1,13.0,0,0,6,3,1,0,47,71.96040457738847
phosphine_2-Cl_4-H_6-OMe_T100_benzene,phosphine,1,100,benzene,phosphine,496,4.8999999999999995,13.0,0,1,6,3,1,1,38,71.96040457738847
phosphine_2-CF3_4-Me_6-H_T100_benzene,phosphine,1,100,benzene,phosphine,562,5.1,13.0,0,0,6,3,1,0,43,71.96040457738847
phosphine_2-CF3_4-Me_6-Cl_T100_benzene,phosphine,1,100,benzene,phosphine,664,5.1,13.0,0,0,6,3,1,0,51,71.96040457738847
phosphine_2-Cl_4-OMe_6-F_T100_benzene,phosphine,1,100,benzene,phosphine,550,4.8999999999999995,13.0,0,1,6,3,1,1,42,71.96040457738847
phosphine_2-CF3_4-OMe_6-H_T100_benzene,phosphine,1,100,benzene,phosphine,652,4.8999999999999995,13.0,0,1,6,3,1,1,50,71.96040457738847
phosphine_2-CF3_4-F_6-Me_T100_benzene,phosphine,1,100,benzene,phosphine,616,5.1,13.0,0,0,6,3,1,0,47,71.96040457738847
phosphine_2-CF3_4-F_6-OMe_T100_benzene,phosphine,1,100,benzene,phosphine,706,4.8999999999999995,13.0,0,1,6,3,1,1,54,71.96040457738847
phosphine_2-CF3_4-OMe_6-F_T100_benzene,phosphine,1,100,benzene,phosphine,706,4.8999999999999995,13.0,0,1,6,3,1,1,54,71.96040457738847
phosphine_2-CF3_4-H_6-OMe_T100_benzene,phosphine,1,100,benzene,phosphine,652,4.8999999999999995,13.0,0,1,6,3,1,1,50,71.96040457738847
phosphine_2-Cl_4-F_6-OMe_T100_benzene,phosphine,1,100,benzene,phosphine,550,4.8999999999999995,13.0,0,1,6,3,1,1,42,71.96040457738847
phosphine_2-OMe_4-H_6-Cl_T100_benzene,phosphine,1,100,benzene,phosphine,496,4.8999999999999995,13.0,0,1,6,3,1,1,38,71.96040457738847
phosphine_2-F_4-F_6-OMe_T100_benzene,phosphine,1,100,benzene,phosphine,502,4.8999999999999995,13.0,0,1,6,3,1,1,38,71.96040457738847
phosphine_2-OMe_4-F_6-Cl_T100_benzene,phosphine,1,100,benzene,phosphine,550,4.8999999999999995,13.0,0,1,6,3,1,1,42,71.96040457738847
phosphine_2-CF3_4-OMe_6-Cl_T100_benzene,phosphine,1,100,benzene,phosphine,754,4.8999999999999995,13.0,0,1,6,3,1,1,58,71.96040457738847
phosphine_2-Cl_4-Me_6-Cl_T100_benzene,phosphine,1,100,benzene,phosphine,508,5.1,13.0,0,0,6,3,1,0,39,71.96040457738847
phosphine_2-iPr_4-OMe_6-Me_T100_hexane,phosphine,1,100,hexane,phosphine,562,5.5,13.0,0,1,7,3,1,1,43,71.95543704154183
phosphine_2-iPr_4-Me_6-OMe_T100_hexane,phosphine,1,100,hexane,phosphine,562,5.5,13.0,0,1,7,3,1,1,43,71.95543704154183
phosphine_2-tBu_4-F_6-H_T100_xylene,phosphine,1,100,xylene,phosphine,484,6.3,13.0,0,0,7,3,1,0,37,71.94812164993039
phosphine_2-tBu_4-H_6-F_T100_xylene,phosphine,1,100,xylene,phosphine,484,6.3,13.0,0,0,7,3,1,0,37,71.94812164993039
phosphine_2-CF3_4-H_6-Cl_T100_benzene,phosphine,1,100,benzene,phosphine,622,4.5,13.0,0,0,6,3,1,0,47,71.94661176439702
phosphine_2-CF3_4-F_6-Cl_T100_benzene,phosphine,1,100,benzene,phosphine,676,4.5,13.0,0,0,6,3,1,0,52,71.94661176439702
phosphine_2-CF3_4-H_6-H_T100_benzene,phosphine,1,100,benzene,phosphine,520,4.5,13.0,0,0,6,3,1,0,40,71.94661176439702
phosphine_2-CF3_4-F_6-F_T100_benzene,phosphine,1,100,benzene,phosphine,628,4.5,13.0,0,0,6,3,1,0,48,71.94661176439702
phosphine_2-Cl_4-F_6-Cl_T100_benzene,phosphine,1,100,benzene,phosphine,520,4.5,13.0,0,0,6,3,1,0,40,71.94661176439702
phosphine_2-CF3_4-H_6-F_T100_benzene,phosphine,1,100,benzene,phosphine,574,4.5,13.0,0,0,6,3,1,0,44,71.94661176439702
phosphine_2-CF3_4-F_6-H_T100_benzene,phosphine,1,100,benzene,phosphine,574,4.5,13.0,0,0,6,3,1,0,44,71.94661176439702
phosphite_2-CF3_4-F_6-Me_T100_toluene,phosphite,1,100,toluene,phosphite,428,5.5,28.0,0,3,6,3,1,3,32,71.94184506914114
phosphine_2-Me_4-F_6-F_T100_hexane,phosphine,1,100,hexane,phosphine,412,5.1,13.0,0,0,6,3,1,0,31,71.91617219711299
phosphine_2-Me_4-H_6-Cl_T100_hexane,phosphine,1,100,hexane,phosphine,406,5.1,13.0,0,0,6,3,1,0,31,71.91617219711299
phosphine_2-H_4-Me_6-Cl_T100_hexane,phosphine,1,100,hexane,phosphine,406,5.1,13.0,0,0,6,3,1,0,31,71.91617219711299
phosphine_2-F_4-Me_6-F_T100_hexane,phosphine,1,100,hexane,phosphine,412,5.1,13.0,0,0,6,3,1,0,31,71.91617219711299
phosphine_2-F_4-F_6-Me_T100_hexane,phosphine,1,100,hexane,phosphine,412,5.1,13.0,0,0,6,3,1,0,31,71.91617219711299
phosphine_2-NMe2_4-F_6-F_T100_hexane,phosphine,1,100,hexane,phosphine,412,5.1,13.0,0,0,6,3,1,0,31,71.91617219711299
phosphine_2-NMe2_4-H_6-Cl_T100_hexane,phosphine,1,100,hexane,phosphine,406,5.1,13.0,0,0,6,3,1,0,31,71.91617219711299
phosphine_2-Cl_4-Me_6-H_T100_hexane,phosphine,1,100,hexane,phosphine,406,5.1,13.0,0,0,6,3,1,0,31,71.91617219711299
phosphine_2-Cl_4-H_6-Me_T100_hexane,phosphine,1,100,hexane,phosphine,406,5.1,13.0,0,0,6,3,1,0,31,71.91617219711299
diphosphine_4-F_T100_dioxane,diphosphine,2,100,dioxane,diphosphine,426,7.5,13.0,0,0,9,6,2,0,32,71.90997324804813
diphosphine_4-CF3_T100_dioxane,diphosphine,2,100,dioxane,diphosphine,426,7.5,13.0,0,0,9,6,2,0,32,71.90997324804813
diphosphine_4-H_T100_dioxane,diphosphine,2,100,dioxane,diphosphine,426,7.5,13.0,0,0,9,6,2,0,32,71.90997324804813
phosphine_2-tBu_4-Me_6-H_T100_toluene,phosphine,1,100,toluene,phosphine,472,6.8999999999999995,13.0,0,0,7,3,1,0,36,71.83862813068622
phosphine_2-tBu_4-H_6-Me_T100_toluene,phosphine,1,100,toluene,phosphine,472,6.8999999999999995,13.0,0,0,7,3,1,0,36,71.83862813068622
phosphine_2-F_4-Me_6-OMe_T100_xylene,phosphine,1,100,xylene,phosphine,490,5.5,13.0,0,1,6,3,1,1,37,71.83240411169237
phosphine_2-F_4-OMe_6-Me_T100_xylene,phosphine,1,100,xylene,phosphine,490,5.5,13.0,0,1,6,3,1,1,37,71.83240411169237
phosphine_2-CF3_4-OMe_6-Me_T100_xylene,phosphine,1,100,xylene,phosphine,694,5.5,13.0,0,1,6,3,1,1,53,71.83240411169237
phosphine_2-Me_4-OMe_6-F_T100_xylene,phosphine,1,100,xylene,phosphine,490,5.5,13.0,0,1,6,3,1,1,37,71.83240411169237
phosphine_2-CF3_4-Me_6-OMe_T100_xylene,phosphine,1,100,xylene,phosphine,694,5.5,13.0,0,1,6,3,1,1,53,71.83240411169237
phosphine_2-Me_4-F_6-OMe_T100_xylene,phosphine,1,100,xylene,phosphine,490,5.5,13.0,0,1,6,3,1,1,37,71.83240411169237
phosphine_2-Me_4-OMe_6-Cl_T100_xylene,phosphine,1,100,xylene,phosphine,538,5.5,13.0,0,1,6,3,1,1,41,71.83240411169237
phosphine_2-NMe2_4-OMe_6-F_T100_xylene,phosphine,1,100,xylene,phosphine,490,5.5,13.0,0,1,6,3,1,1,37,71.83240411169237
phosphine_2-OMe_4-Me_6-Cl_T100_xylene,phosphine,1,100,xylene,phosphine,538,5.5,13.0,0,1,6,3,1,1,41,71.83240411169237
phosphine_2-NMe2_4-OMe_6-Cl_T100_xylene,phosphine,1,100,xylene,phosphine,538,5.5,13.0,0,1,6,3,1,1,41,71.83240411169237
phosphine_2-OMe_4-F_6-Me_T100_xylene,phosphine,1,100,xylene,phosphine,490,5.5,13.0,0,1,6,3,1,1,37,71.83240411169237
phosphine_2-NMe2_4-F_6-OMe_T100_xylene,phosphine,1,100,xylene,phosphine,490,5.5,13.0,0,1,6,3,1,1,37,71.83240411169237
phosphine_2-Cl_4-Me_6-OMe_T100_xylene,phosphine,1,100,xylene,phosphine,538,5.5,13.0,0,1,6,3,1,1,41,71.83240411169237
phosphine_2-OMe_4-Me_6-F_T100_xylene,phosphine,1,100,xylene,phosphine,490,5.5,13.0,0,1,6,3,1,1,37,71.83240411169237
phosphine_2-Cl_4-OMe_6-Me_T100_xylene,phosphine,1,100,xylene,phosphine,538,5.5,13.0,0,1,6,3,1,1,41,71.83240411169237
phosphite_2-CF3_4-F_6-OMe_T100_hexane,phosphite,1,100,hexane,phosphite,458,5.2,28.0,0,3,6,3,1,3,35,71.8315521102581
phosphite_2-CF3_4-H_6-H_T100_toluene,phosphite,1,100,toluene,phosphite,396,5.0,28.0,0,3,6,3,1,3,30,71.8039367724442
phosphite_2-Cl_4-Me_6-OMe_T100_benzene,phosphite,1,100,benzene,phosphite,402,5.7,28.0,0,3,6,3,1,3,30,71.79402059855461
phosphite_2-Cl_4-OMe_6-Me_T100_benzene,phosphite,1,100,benzene,phosphite,402,5.7,28.0,0,3,6,3,1,3,30,71.79402059855461
phosphite_2-CF3_4-H_6-OMe_T100_hexane,phosphite,1,100,hexane,phosphite,440,5.2,28.0,0,3,6,3,1,3,33,71.75443456846192
phosphite_2-CF3_4-OMe_6-H_T100_hexane,phosphite,1,100,hexane,phosphite,440,5.2,28.0,0,3,6,3,1,3,33,71.75443456846192
phosphite_2-iPr_4-F_6-OMe_T100_toluene,phosphite,1,100,toluene,phosphite,414,5.2,28.0,0,3,7,3,1,3,31,71.75162051409174
phosphite_2-CF3_4-OMe_6-H_T100_xylene,phosphite,1,100,xylene,phosphite,440,5.2,28.0,0,3,6,3,1,3,33,71.70585023025274
phosphite_2-CF3_4-H_6-OMe_T100_xylene,phosphite,1,100,xylene,phosphite,440,5.2,28.0,0,3,6,3,1,3,33,71.70585023025274
phosphine_2-tBu_4-H_6-H_T100_toluene,phosphine,1,100,toluene,phosphine,430,6.3,13.0,0,0,7,3,1,0,33,71.68383289848862
phosphine_2-tBu_4-OMe_6-OMe_T100_dioxane,phosphine,1,100,dioxane,phosphine,694,7.1,13.0,0,2,7,3,1,2,53,71.68227361166934
phosphine_2-tBu_4-H_6-F_T100_benzene,phosphine,1,100,benzene,phosphine,484,6.3,13.0,0,0,7,3,1,0,37,71.67307697486325
phosphine_2-tBu_4-F_6-H_T100_benzene,phosphine,1,100,benzene,phosphine,484,6.3,13.0,0,0,7,3,1,0,37,71.67307697486325
phosphite_2-tBu_4-OMe_6-OMe_T100_toluene,phosphite,1,100,toluene,phosphite,454,6.9,28.0,0,3,7,3,1,3,34,71.66689466352123
phosphine_2-NMe2_4-OMe_6-OMe_T100_hexane,phosphine,1,100,hexane,phosphine,568,5.8999999999999995,13.0,0,2,6,3,1,2,43,71.64374748033704
phosphine_2-OMe_4-OMe_6-Me_T100_hexane,phosphine,1,100,hexane,phosphine,568,5.8999999999999995,13.0,0,2,6,3,1,2,43,71.64374748033704
phosphine_2-Me_4-OMe_6-OMe_T100_hexane,phosphine,1,100,hexane,phosphine,568,5.8999999999999995,13.0,0,2,6,3,1,2,43,71.64374748033704
phosphine_2-OMe_4-Me_6-OMe_T100_hexane,phosphine,1,100,hexane,phosphine,568,5.8999999999999995,13.0,0,2,6,3,1,2,43,71.64374748033704
phosphite_2-Cl_4-OMe_6-OMe_T100_toluene,phosphite,1,100,toluene,phosphite,432,5.4,28.0,0,3,6,3,1,3,33,71.59442695638351
phosphite_2-iPr_4-OMe_6-OMe_T100_benzene,phosphite,1,100,benzene,phosphite,440,5.4,28.0,0,3,7,3,1,3,33,71.57900718527364
phosphine_2-iPr_4-F_6-Me_T100_xylene,phosphine,1,100,xylene,phosphine,484,5.1,13.0,0,0,7,3,1,0,37,71.56417475336036
phosphine_2-iPr_4-Me_6-F_T100_xylene,phosphine,1,100,xylene,phosphine,484,5.1,13.0,0,0,7,3,1,0,37,71.56417475336036
phosphine_2-iPr_4-F_6-Me_T100_hexane,phosphine,1,100,hexane,phosphine,484,5.1,13.0,0,0,7,3,1,0,37,71.47161716316421
phosphine_2-iPr_4-Me_6-F_T100_hexane,phosphine,1,100,hexane,phosphine,484,5.1,13.0,0,0,7,3,1,0,37,71.47161716316421
phosphine_2-OMe_4-OMe_6-OMe_T100_benzene,phosphine,1,100,benzene,phosphine,658,5.699999999999999,13.0,0,3,6,3,1,3,50,71.4434632636713
phosphine_2-CF3_4-Me_6-Me_T100_benzene,phosphine,1,100,benzene,phosphine,604,5.7,13.0,0,0,6,3,1,0,46,71.4434632636713
phosphite_2-iPr_4-Me_6-OMe_T100_toluene,phosphite,1,100,toluene,phosphite,410,5.7,28.0,0,3,7,3,1,3,31,71.42681736748492
phosphite_2-iPr_4-OMe_6-Me_T100_toluene,phosphite,1,100,toluene,phosphite,410,5.7,28.0,0,3,7,3,1,3,31,71.42681736748492
phosphine_2-iPr_4-OMe_6-Me_T100_toluene,phosphine,1,100,toluene,phosphine,562,5.5,13.0,0,1,7,3,1,1,43,71.4112056941235
phosphine_2-iPr_4-Me_6-OMe_T100_toluene,phosphine,1,100,toluene,phosphine,562,5.5,13.0,0,1,7,3,1,1,43,71.4112056941235
phosphine_2-tBu_4-Me_6-Me_T100_dioxane,phosphine,1,100,dioxane,phosphine,514,7.5,13.0,0,0,7,3,1,0,39,71.39259596300761
phosphite_2-tBu_4-F_6-OMe_T100_THF,phosphite,1,100,THF,phosphite,428,6.7,28.0,0,3,7,3,1,3,32,71.38293128887412
phosphite_2-OMe_4-Me_6-OMe_T100_toluene,phosphite,1,100,toluene,phosphite,412,5.9,28.0,0,3,6,3,1,3,31,71.36519266973552
phosphite_2-Me_4-OMe_6-OMe_T100_toluene,phosphite,1,100,toluene,phosphite,412,5.9,28.0,0,3,6,3,1,3,31,71.36519266973552
phosphite_2-OMe_4-OMe_6-Me_T100_toluene,phosphite,1,100,toluene,phosphite,412,5.9,28.0,0,3,6,3,1,3,31,71.36519266973552
phosphine_2-tBu_4-OMe_6-Me_T100_dioxane,phosphine,1,100,dioxane,phosphine,604,7.3,13.0,0,1,7,3,1,1,46,71.36047846280836
phosphine_2-tBu_4-Me_6-OMe_T100_dioxane,phosphine,1,100,dioxane,phosphine,604,7.3,13.0,0,1,7,3,1,1,46,71.36047846280836
phosphine_2-iPr_4-OMe_6-Cl_T100_toluene,phosphine,1,100,toluene,phosphine,622,4.8999999999999995,13.0,0,1,7,3,1,1,47,71.3469401568604
phosphine_2-iPr_4-OMe_6-H_T100_toluene,phosphine,1,100,toluene,phosphine,520,4.8999999999999995,13.0,0,1,7,3,1,1,40,71.3469401568604
phosphine_2-iPr_4-F_6-OMe_T100_toluene,phosphine,1,100,toluene,phosphine,574,4.8999999999999995,13.0,0,1,7,3,1,1,44,71.3469401568604
phosphine_2-iPr_4-OMe_6-F_T100_toluene,phosphine,1,100,toluene,phosphine,574,4.8999999999999995,13.0,0,1,7,3,1,1,44,71.3469401568604
phosphine_2-iPr_4-H_6-OMe_T100_toluene,phosphine,1,100,toluene,phosphine,520,4.8999999999999995,13.0,0,1,7,3,1,1,40,71.3469401568604
phosphine_2-iPr_4-Me_6-Cl_T100_toluene,phosphine,1,100,toluene,phosphine,532,5.1,13.0,0,0,7,3,1,0,40,71.3469401568604
phosphine_2-Cl_4-OMe_6-OMe_T100_toluene,phosphine,1,100,toluene,phosphine,628,5.3,13.0,0,2,6,3,1,2,48,71.33879528304273
phosphine_2-OMe_4-OMe_6-H_T100_toluene,phosphine,1,100,toluene,phosphine,526,5.3,13.0,0,2,6,3,1,2,40,71.33879528304273
phosphine_2-OMe_4-F_6-OMe_T100_toluene,phosphine,1,100,toluene,phosphine,580,5.3,13.0,0,2,6,3,1,2,44,71.33879528304273
phosphine_2-OMe_4-OMe_6-Cl_T100_toluene,phosphine,1,100,toluene,phosphine,628,5.3,13.0,0,2,6,3,1,2,48,71.33879528304273
phosphine_2-OMe_4-OMe_6-F_T100_toluene,phosphine,1,100,toluene,phosphine,580,5.3,13.0,0,2,6,3,1,2,44,71.33879528304273
phosphine_2-H_4-OMe_6-OMe_T100_toluene,phosphine,1,100,toluene,phosphine,526,5.3,13.0,0,2,6,3,1,2,40,71.33879528304273
phosphine_2-OMe_4-H_6-OMe_T100_toluene,phosphine,1,100,toluene,phosphine,526,5.3,13.0,0,2,6,3,1,2,40,71.33879528304273
phosphine_2-CF3_4-OMe_6-OMe_T100_toluene,phosphine,1,100,toluene,phosphine,784,5.3,13.0,0,2,6,3,1,2,60,71.33879528304273
phosphine_2-F_4-OMe_6-OMe_T100_toluene,phosphine,1,100,toluene,phosphine,580,5.3,13.0,0,2,6,3,1,2,44,71.33879528304273
phosphine_2-iPr_4-F_6-F_T100_toluene,phosphine,1,100,toluene,phosphine,496,4.5,13.0,0,0,7,3,1,0,38,71.33314734386894
phosphine_2-iPr_4-H_6-Cl_T100_toluene,phosphine,1,100,toluene,phosphine,490,4.5,13.0,0,0,7,3,1,0,37,71.33314734386894
phosphine_2-iPr_4-F_6-Cl_T100_toluene,phosphine,1,100,toluene,phosphine,544,4.5,13.0,0,0,7,3,1,0,41,71.33314734386894
phosphine_2-Me_4-F_6-OMe_T100_benzene,phosphine,1,100,benzene,phosphine,490,5.5,13.0,0,1,6,3,1,1,37,71.3300904584043
phosphine_2-Cl_4-Me_6-OMe_T100_benzene,phosphine,1,100,benzene,phosphine,538,5.5,13.0,0,1,6,3,1,1,41,71.3300904584043
phosphine_2-F_4-Me_6-OMe_T100_benzene,phosphine,1,100,benzene,phosphine,490,5.5,13.0,0,1,6,3,1,1,37,71.3300904584043
phosphine_2-Me_4-OMe_6-F_T100_benzene,phosphine,1,100,benzene,phosphine,490,5.5,13.0,0,1,6,3,1,1,37,71.3300904584043
phosphine_2-OMe_4-F_6-Me_T100_benzene,phosphine,1,100,benzene,phosphine,490,5.5,13.0,0,1,6,3,1,1,37,71.3300904584043
phosphine_2-F_4-OMe_6-Me_T100_benzene,phosphine,1,100,benzene,phosphine,490,5.5,13.0,0,1,6,3,1,1,37,71.3300904584043
phosphine_2-Me_4-OMe_6-Cl_T100_benzene,phosphine,1,100,benzene,phosphine,538,5.5,13.0,0,1,6,3,1,1,41,71.3300904584043
phosphine_2-CF3_4-Me_6-OMe_T100_benzene,phosphine,1,100,benzene,phosphine,694,5.5,13.0,0,1,6,3,1,1,53,71.3300904584043
phosphine_2-Cl_4-OMe_6-Me_T100_benzene,phosphine,1,100,benzene,phosphine,538,5.5,13.0,0,1,6,3,1,1,41,71.3300904584043
phosphine_2-NMe2_4-OMe_6-Cl_T100_benzene,phosphine,1,100,benzene,phosphine,538,5.5,13.0,0,1,6,3,1,1,41,71.3300904584043
phosphine_2-CF3_4-OMe_6-Me_T100_benzene,phosphine,1,100,benzene,phosphine,694,5.5,13.0,0,1,6,3,1,1,53,71.3300904584043
phosphine_2-NMe2_4-OMe_6-F_T100_benzene,phosphine,1,100,benzene,phosphine,490,5.5,13.0,0,1,6,3,1,1,37,71.3300904584043
phosphine_2-OMe_4-Me_6-F_T100_benzene,phosphine,1,100,benzene,phosphine,490,5.5,13.0,0,1,6,3,1,1,37,71.3300904584043
phosphine_2-OMe_4-Me_6-Cl_T100_benzene,phosphine,1,100,benzene,phosphine,538,5.5,13.0,0,1,6,3,1,1,41,71.3300904584043
phosphine_2-NMe2_4-F_6-OMe_T100_benzene,phosphine,1,100,benzene,phosphine,490,5.5,13.0,0,1,6,3,1,1,37,71.3300904584043
phosphine_2-Me_4-F_6-F_T100_xylene,phosphine,1,100,xylene,phosphine,412,5.1,13.0,0,0,6,3,1,0,31,71.30591321852232
phosphine_2-Cl_4-Me_6-H_T100_xylene,phosphine,1,100,xylene,phosphine,406,5.1,13.0,0,0,6,3,1,0,31,71.30591321852232
phosphine_2-Me_4-H_6-Cl_T100_xylene,phosphine,1,100,xylene,phosphine,406,5.1,13.0,0,0,6,3,1,0,31,71.30591321852232
phosphine_2-Cl_4-H_6-Me_T100_xylene,phosphine,1,100,xylene,phosphine,406,5.1,13.0,0,0,6,3,1,0,31,71.30591321852232
phosphine_2-NMe2_4-H_6-Cl_T100_xylene,phosphine,1,100,xylene,phosphine,406,5.1,13.0,0,0,6,3,1,0,31,71.30591321852232
phosphine_2-H_4-Me_6-Cl_T100_xylene,phosphine,1,100,xylene,phosphine,406,5.1,13.0,0,0,6,3,1,0,31,71.30591321852232
phosphine_2-F_4-F_6-Me_T100_xylene,phosphine,1,100,xylene,phosphine,412,5.1,13.0,0,0,6,3,1,0,31,71.30591321852232
phosphine_2-NMe2_4-F_6-F_T100_xylene,phosphine,1,100,xylene,phosphine,412,5.1,13.0,0,0,6,3,1,0,31,71.30591321852232
phosphine_2-F_4-Me_6-F_T100_xylene,phosphine,1,100,xylene,phosphine,412,5.1,13.0,0,0,6,3,1,0,31,71.30591321852232
phosphine_2-tBu_4-F_6-Cl_T100_dioxane,phosphine,1,100,dioxane,phosphine,586,6.3,13.0,0,0,7,3,1,0,45,71.30468298190699
phosphine_2-tBu_4-F_6-F_T100_dioxane,phosphine,1,100,dioxane,phosphine,538,6.3,13.0,0,0,7,3,1,0,41,71.30468298190699
phosphine_2-tBu_4-H_6-Cl_T100_dioxane,phosphine,1,100,dioxane,phosphine,532,6.3,13.0,0,0,7,3,1,0,40,71.30468298190699
phosphite_2-CF3_4-OMe_6-Me_T100_xylene,phosphite,1,100,xylene,phosphite,454,5.7,28.0,0,3,6,3,1,3,34,71.30041249972349
phosphite_2-CF3_4-Me_6-OMe_T100_xylene,phosphite,1,100,xylene,phosphite,454,5.7,28.0,0,3,6,3,1,3,34,71.30041249972349
phosphine_2-H_4-F_6-Cl_T100_xylene,phosphine,1,100,xylene,phosphine,418,4.5,13.0,0,0,6,3,1,0,32,71.26972029875849
phosphine_2-Cl_4-H_6-F_T100_xylene,phosphine,1,100,xylene,phosphine,418,4.5,13.0,0,0,6,3,1,0,32,71.26972029875849
phosphine_2-F_4-H_6-Cl_T100_xylene,phosphine,1,100,xylene,phosphine,418,4.5,13.0,0,0,6,3,1,0,32,71.26972029875849
phosphine_2-Cl_4-F_6-H_T100_xylene,phosphine,1,100,xylene,phosphine,418,4.5,13.0,0,0,6,3,1,0,32,71.26972029875849
phosphite_2-tBu_4-OMe_6-Me_T100_THF,phosphite,1,100,THF,phosphite,424,7.2,28.0,0,3,7,3,1,3,32,71.23315032159545
phosphite_2-tBu_4-Me_6-OMe_T100_THF,phosphite,1,100,THF,phosphite,424,7.2,28.0,0,3,7,3,1,3,32,71.23315032159545
phosphite_2-iPr_4-OMe_6-H_T100_dioxane,phosphite,1,100,dioxane,phosphite,396,5.2,28.0,0,3,7,3,1,3,30,71.23159910206601
phosphite_2-iPr_4-H_6-OMe_T100_dioxane,phosphite,1,100,dioxane,phosphite,396,5.2,28.0,0,3,7,3,1,3,30,71.23159910206601
phosphine_2-OMe_4-OMe_6-Me_T100_toluene,phosphine,1,100,toluene,phosphine,568,5.8999999999999995,13.0,0,2,6,3,1,2,43,71.21052452911785
phosphine_2-NMe2_4-OMe_6-OMe_T100_toluene,phosphine,1,100,toluene,phosphine,568,5.8999999999999995,13.0,0,2,6,3,1,2,43,71.21052452911785
phosphine_2-OMe_4-Me_6-OMe_T100_toluene,phosphine,1,100,toluene,phosphine,568,5.8999999999999995,13.0,0,2,6,3,1,2,43,71.21052452911785
phosphine_2-Me_4-OMe_6-OMe_T100_toluene,phosphine,1,100,toluene,phosphine,568,5.8999999999999995,13.0,0,2,6,3,1,2,43,71.21052452911785
phosphite_2-OMe_4-F_6-OMe_T100_toluene,phosphite,1,100,toluene,phosphite,416,5.4,28.0,0,3,6,3,1,3,32,71.17377333400259
phosphite_2-F_4-OMe_6-OMe_T100_toluene,phosphite,1,100,toluene,phosphite,416,5.4,28.0,0,3,6,3,1,3,32,71.17377333400259
phosphite_2-Cl_4-F_6-OMe_T100_toluene,phosphite,1,100,toluene,phosphite,406,5.2,28.0,0,3,6,3,1,3,31,71.16273768461569
phosphine_2-OMe_4-OMe_6-OMe_T100_hexane,phosphine,1,100,hexane,phosphine,658,5.699999999999999,13.0,0,3,6,3,1,3,50,71.16251004014124
phosphine_2-CF3_4-Me_6-Me_T100_hexane,phosphine,1,100,hexane,phosphine,604,5.7,13.0,0,0,6,3,1,0,46,71.16251004014124
phosphite_2-tBu_4-OMe_6-H_T100_dioxane,phosphite,1,100,dioxane,phosphite,410,6.7,28.0,0,3,7,3,1,3,31,71.13329238328537
phosphite_2-tBu_4-H_6-OMe_T100_dioxane,phosphite,1,100,dioxane,phosphite,410,6.7,28.0,0,3,7,3,1,3,31,71.13329238328537
phosphine_2-Me_4-F_6-F_T100_benzene,phosphine,1,100,benzene,phosphine,412,5.1,13.0,0,0,6,3,1,0,31,71.06385699702088
phosphine_2-F_4-F_6-Me_T100_benzene,phosphine,1,100,benzene,phosphine,412,5.1,13.0,0,0,6,3,1,0,31,71.06385699702088
phosphine_2-F_4-Me_6-F_T100_benzene,phosphine,1,100,benzene,phosphine,412,5.1,13.0,0,0,6,3,1,0,31,71.06385699702088
phosphine_2-NMe2_4-H_6-Cl_T100_benzene,phosphine,1,100,benzene,phosphine,406,5.1,13.0,0,0,6,3,1,0,31,71.06385699702088
phosphine_2-Cl_4-Me_6-H_T100_benzene,phosphine,1,100,benzene,phosphine,406,5.1,13.0,0,0,6,3,1,0,31,71.06385699702088
phosphine_2-Me_4-H_6-Cl_T100_benzene,phosphine,1,100,benzene,phosphine,406,5.1,13.0,0,0,6,3,1,0,31,71.06385699702088
phosphine_2-NMe2_4-F_6-F_T100_benzene,phosphine,1,100,benzene,phosphine,412,5.1,13.0,0,0,6,3,1,0,31,71.06385699702088
phosphine_2-H_4-Me_6-Cl_T100_benzene,phosphine,1,100,benzene,phosphine,406,5.1,13.0,0,0,6,3,1,0,31,71.06385699702088
phosphine_2-Cl_4-H_6-Me_T100_benzene,phosphine,1,100,benzene,phosphine,406,5.1,13.0,0,0,6,3,1,0,31,71.06385699702088
phosphine_2-Cl_4-F_6-F_T100_xylene,phosphine,1,100,xylene,phosphine,472,4.5,13.0,0,0,6,3,1,0,36,71.03453606279382
phosphine_2-F_4-F_6-Cl_T100_xylene,phosphine,1,100,xylene,phosphine,472,4.5,13.0,0,0,6,3,1,0,36,71.03453606279382
phosphine_2-NMe2_4-OMe_6-Cl_T100_hexane,phosphine,1,100,hexane,phosphine,538,5.5,13.0,0,1,6,3,1,1,41,71.03129512835162
phosphine_2-NMe2_4-F_6-OMe_T100_hexane,phosphine,1,100,hexane,phosphine,490,5.5,13.0,0,1,6,3,1,1,37,71.03129512835162
phosphine_2-Cl_4-Me_6-OMe_T100_hexane,phosphine,1,100,hexane,phosphine,538,5.5,13.0,0,1,6,3,1,1,41,71.03129512835162
phosphine_2-OMe_4-F_6-Me_T100_hexane,phosphine,1,100,hexane,phosphine,490,5.5,13.0,0,1,6,3,1,1,37,71.03129512835162
phosphine_2-OMe_4-Me_6-Cl_T100_hexane,phosphine,1,100,hexane,phosphine,538,5.5,13.0,0,1,6,3,1,1,41,71.03129512835162
phosphine_2-Me_4-F_6-OMe_T100_hexane,phosphine,1,100,hexane,phosphine,490,5.5,13.0,0,1,6,3,1,1,37,71.03129512835162
phosphine_2-CF3_4-OMe_6-Me_T100_hexane,phosphine,1,100,hexane,phosphine,694,5.5,13.0,0,1,6,3,1,1,53,71.03129512835162
phosphine_2-OMe_4-Me_6-F_T100_hexane,phosphine,1,100,hexane,phosphine,490,5.5,13.0,0,1,6,3,1,1,37,71.03129512835162
phosphine_2-Cl_4-OMe_6-Me_T100_hexane,phosphine,1,100,hexane,phosphine,538,5.5,13.0,0,1,6,3,1,1,41,71.03129512835162
phosphine_2-NMe2_4-OMe_6-F_T100_hexane,phosphine,1,100,hexane,phosphine,490,5.5,13.0,0,1,6,3,1,1,37,71.03129512835162
phosphine_2-F_4-Me_6-OMe_T100_hexane,phosphine,1,100,hexane,phosphine,490,5.5,13.0,0,1,6,3,1,1,37,71.03129512835162
phosphine_2-Me_4-OMe_6-F_T100_hexane,phosphine,1,100,hexane,phosphine,490,5.5,13.0,0,1,6,3,1,1,37,71.03129512835162
phosphine_2-F_4-OMe_6-Me_T100_hexane,phosphine,1,100,hexane,phosphine,490,5.5,13.0,0,1,6,3,1,1,37,71.03129512835162
phosphine_2-CF3_4-Me_6-OMe_T100_hexane,phosphine,1,100,hexane,phosphine,694,5.5,13.0,0,1,6,3,1,1,53,71.03129512835162
phosphine_2-Me_4-OMe_6-Cl_T100_hexane,phosphine,1,100,hexane,phosphine,538,5.5,13.0,0,1,6,3,1,1,41,71.03129512835162
phosphine_2-Cl_4-F_6-H_T100_benzene,phosphine,1,100,benzene,phosphine,418,4.5,13.0,0,0,6,3,1,0,32,71.02751173307443
phosphine_2-Cl_4-H_6-F_T100_benzene,phosphine,1,100,benzene,phosphine,418,4.5,13.0,0,0,6,3,1,0,32,71.02751173307443
phosphine_2-F_4-H_6-Cl_T100_benzene,phosphine,1,100,benzene,phosphine,418,4.5,13.0,0,0,6,3,1,0,32,71.02751173307443
phosphine_2-H_4-F_6-Cl_T100_benzene,phosphine,1,100,benzene,phosphine,418,4.5,13.0,0,0,6,3,1,0,32,71.02751173307443
phosphine_2-tBu_4-OMe_6-Cl_T100_dioxane,phosphine,1,100,dioxane,phosphine,664,6.699999999999999,13.0,0,1,7,3,1,1,51,71.0238156226873
phosphine_2-tBu_4-H_6-OMe_T100_dioxane,phosphine,1,100,dioxane,phosphine,562,6.699999999999999,13.0,0,1,7,3,1,1,43,71.0238156226873
phosphine_2-tBu_4-OMe_6-H_T100_dioxane,phosphine,1,100,dioxane,phosphine,562,6.699999999999999,13.0,0,1,7,3,1,1,43,71.0238156226873
phosphine_2-tBu_4-OMe_6-F_T100_dioxane,phosphine,1,100,dioxane,phosphine,616,6.699999999999999,13.0,0,1,7,3,1,1,47,71.0238156226873
phosphine_2-tBu_4-F_6-OMe_T100_dioxane,phosphine,1,100,dioxane,phosphine,616,6.699999999999999,13.0,0,1,7,3,1,1,47,71.0238156226873
phosphite_2-CF3_4-F_6-OMe_T100_benzene,phosphite,1,100,benzene,phosphite,458,5.2,28.0,0,3,6,3,1,3,35,70.9824272502461
phosphine_2-tBu_4-F_6-Me_T100_THF,phosphine,1,100,THF,phosphine,526,6.8999999999999995,13.0,0,0,7,3,1,0,40,70.9180146171338
phosphine_2-tBu_4-Me_6-Cl_T100_THF,phosphine,1,100,THF,phosphine,574,6.8999999999999995,13.0,0,0,7,3,1,0,44,70.9180146171338
phosphine_2-tBu_4-Me_6-F_T100_THF,phosphine,1,100,THF,phosphine,526,6.8999999999999995,13.0,0,0,7,3,1,0,40,70.9180146171338
phosphite_2-CF3_4-OMe_6-H_T100_benzene,phosphite,1,100,benzene,phosphite,440,5.2,28.0,0,3,6,3,1,3,33,70.89766771170372
phosphite_2-CF3_4-H_6-OMe_T100_benzene,phosphite,1,100,benzene,phosphite,440,5.2,28.0,0,3,6,3,1,3,33,70.89766771170372
phosphite_2-OMe_4-OMe_6-OMe_T100_xylene,phosphite,1,100,xylene,phosphite,442,5.6,28.0,0,3,6,3,1,3,34,70.88829349778632
diphosphine_4-OMe_T100_dioxane,diphosphine,2,100,dioxane,diphosphine,524,8.3,13.0,0,0,9,6,2,0,40,70.8292578290616
diphosphine_4-Me_T100_dioxane,diphosphine,2,100,dioxane,diphosphine,538,8.3,13.0,0,0,9,6,2,0,41,70.8292578290616
phosphine_2-tBu_4-F_6-H_T100_toluene,phosphine,1,100,toluene,phosphine,484,6.3,13.0,0,0,7,3,1,0,37,70.80021839802602
phosphine_2-tBu_4-H_6-F_T100_toluene,phosphine,1,100,toluene,phosphine,484,6.3,13.0,0,0,7,3,1,0,37,70.80021839802602
phosphite_2-CF3_4-H_6-H_T100_dioxane,phosphite,1,100,dioxane,phosphite,396,5.0,28.0,0,3,6,3,1,3,30,70.75329759208934
phosphine_2-F_4-F_6-Cl_T100_hexane,phosphine,1,100,hexane,phosphine,472,4.5,13.0,0,0,6,3,1,0,36,70.74963705868953
phosphine_2-Cl_4-F_6-F_T100_hexane,phosphine,1,100,hexane,phosphine,472,4.5,13.0,0,0,6,3,1,0,36,70.74963705868953
phosphite_2-CF3_4-OMe_6-Me_T100_hexane,phosphite,1,100,hexane,phosphite,454,5.7,28.0,0,3,6,3,1,3,34,70.74792885111886
phosphite_2-CF3_4-Me_6-OMe_T100_hexane,phosphite,1,100,hexane,phosphite,454,5.7,28.0,0,3,6,3,1,3,34,70.74792885111886
phosphine_2-OMe_4-OMe_6-OMe_T100_toluene,phosphine,1,100,toluene,phosphine,658,5.699999999999999,13.0,0,3,6,3,1,3,50,70.70954919128074
phosphine_2-CF3_4-Me_6-Me_T100_toluene,phosphine,1,100,toluene,phosphine,604,5.7,13.0,0,0,6,3,1,0,46,70.70954919128074
phosphite_2-tBu_4-F_6-Me_T100_dioxane,phosphite,1,100,dioxane,phosphite,398,7.0,28.0,0,3,7,3,1,3,30,70.70549445675479
phosphite_2-CF3_4-OMe_6-OMe_T100_toluene,phosphite,1,100,toluene,phosphite,484,5.4,28.0,0,3,6,3,1,3,37,70.69680083247175
phosphite_2-H_4-OMe_6-OMe_T100_toluene,phosphite,1,100,toluene,phosphite,398,5.4,28.0,0,3,6,3,1,3,30,70.68812152119479
phosphite_2-OMe_4-OMe_6-H_T100_toluene,phosphite,1,100,toluene,phosphite,398,5.4,28.0,0,3,6,3,1,3,30,70.68812152119479
phosphite_2-OMe_4-H_6-OMe_T100_toluene,phosphite,1,100,toluene,phosphite,398,5.4,28.0,0,3,6,3,1,3,30,70.68812152119479
phosphite_2-OMe_4-OMe_6-OMe_T100_hexane,phosphite,1,100,hexane,phosphite,442,5.6,28.0,0,3,6,3,1,3,34,70.67081130932267
phosphine_2-iPr_4-Me_6-Me_T100_xylene,phosphine,1,100,xylene,phosphine,472,5.7,13.0,0,0,7,3,1,0,36,70.63513358053274
phosphite_2-CF3_4-Me_6-H_T100_toluene,phosphite,1,100,toluene,phosphite,410,5.5,28.0,0,3,6,3,1,3,31,70.62940355507934
phosphite_2-CF3_4-H_6-Me_T100_toluene,phosphite,1,100,toluene,phosphite,410,5.5,28.0,0,3,6,3,1,3,31,70.62940355507934
phosphine_2-tBu_4-OMe_6-OMe_T100_THF,phosphine,1,100,THF,phosphine,694,7.1,13.0,0,2,7,3,1,2,53,70.61169247075873
phosphine_2-NMe2_4-F_6-OMe_T100_toluene,phosphine,1,100,toluene,phosphine,490,5.5,13.0,0,1,6,3,1,1,37,70.5495371190359
phosphine_2-CF3_4-OMe_6-Me_T100_toluene,phosphine,1,100,toluene,phosphine,694,5.5,13.0,0,1,6,3,1,1,53,70.5495371190359
phosphine_2-OMe_4-Me_6-F_T100_toluene,phosphine,1,100,toluene,phosphine,490,5.5,13.0,0,1,6,3,1,1,37,70.5495371190359
phosphine_2-OMe_4-Me_6-Cl_T100_toluene,phosphine,1,100,toluene,phosphine,538,5.5,13.0,0,1,6,3,1,1,41,70.5495371190359
phosphine_2-CF3_4-Me_6-OMe_T100_toluene,phosphine,1,100,toluene,phosphine,694,5.5,13.0,0,1,6,3,1,1,53,70.5495371190359
phosphine_2-NMe2_4-OMe_6-Cl_T100_toluene,phosphine,1,100,toluene,phosphine,538,5.5,13.0,0,1,6,3,1,1,41,70.5495371190359
phosphine_2-NMe2_4-OMe_6-F_T100_toluene,phosphine,1,100,toluene,phosphine,490,5.5,13.0,0,1,6,3,1,1,37,70.5495371190359
phosphine_2-Cl_4-OMe_6-Me_T100_toluene,phosphine,1,100,toluene,phosphine,538,5.5,13.0,0,1,6,3,1,1,41,70.5495371190359
phosphine_2-OMe_4-F_6-Me_T100_toluene,phosphine,1,100,toluene,phosphine,490,5.5,13.0,0,1,6,3,1,1,37,70.5495371190359
phosphine_2-Me_4-F_6-OMe_T100_toluene,phosphine,1,100,toluene,phosphine,490,5.5,13.0,0,1,6,3,1,1,37,70.5495371190359
phosphine_2-Me_4-OMe_6-F_T100_toluene,phosphine,1,100,toluene,phosphine,490,5.5,13.0,0,1,6,3,1,1,37,70.5495371190359
phosphine_2-Me_4-OMe_6-Cl_T100_toluene,phosphine,1,100,toluene,phosphine,538,5.5,13.0,0,1,6,3,1,1,41,70.5495371190359
phosphine_2-F_4-Me_6-OMe_T100_toluene,phosphine,1,100,toluene,phosphine,490,5.5,13.0,0,1,6,3,1,1,37,70.5495371190359
phosphine_2-F_4-OMe_6-Me_T100_toluene,phosphine,1,100,toluene,phosphine,490,5.5,13.0,0,1,6,3,1,1,37,70.5495371190359
phosphine_2-Cl_4-Me_6-OMe_T100_toluene,phosphine,1,100,toluene,phosphine,538,5.5,13.0,0,1,6,3,1,1,41,70.5495371190359
phosphine_2-iPr_4-Me_6-F_T100_benzene,phosphine,1,100,benzene,phosphine,484,5.1,13.0,0,0,7,3,1,0,37,70.54197637670829
phosphine_2-iPr_4-F_6-Me_T100_benzene,phosphine,1,100,benzene,phosphine,484,5.1,13.0,0,0,7,3,1,0,37,70.54197637670829
phosphine_2-iPr_4-H_6-OMe_T100_dioxane,phosphine,1,100,dioxane,phosphine,520,4.8999999999999995,13.0,0,1,7,3,1,1,40,70.52155654264747
phosphine_2-iPr_4-OMe_6-H_T100_dioxane,phosphine,1,100,dioxane,phosphine,520,4.8999999999999995,13.0,0,1,7,3,1,1,40,70.52155654264747
phosphine_2-iPr_4-F_6-OMe_T100_dioxane,phosphine,1,100,dioxane,phosphine,574,4.8999999999999995,13.0,0,1,7,3,1,1,44,70.52155654264747
phosphine_2-iPr_4-OMe_6-Cl_T100_dioxane,phosphine,1,100,dioxane,phosphine,622,4.8999999999999995,13.0,0,1,7,3,1,1,47,70.52155654264747
phosphine_2-iPr_4-OMe_6-OMe_T100_dioxane,phosphine,1,100,dioxane,phosphine,652,5.3,13.0,0,2,7,3,1,2,50,70.52155654264747
phosphine_2-iPr_4-OMe_6-F_T100_dioxane,phosphine,1,100,dioxane,phosphine,574,4.8999999999999995,13.0,0,1,7,3,1,1,44,70.52155654264747
phosphine_2-iPr_4-Me_6-Cl_T100_dioxane,phosphine,1,100,dioxane,phosphine,532,5.1,13.0,0,0,7,3,1,0,40,70.52155654264747
phosphine_2-F_4-OMe_6-Cl_T100_toluene,phosphine,1,100,toluene,phosphine,550,4.8999999999999995,13.0,0,1,6,3,1,1,42,70.50360508217804
phosphine_2-OMe_4-F_6-F_T100_toluene,phosphine,1,100,toluene,phosphine,502,4.8999999999999995,13.0,0,1,6,3,1,1,38,70.50360508217804
phosphine_2-Cl_4-F_6-OMe_T100_toluene,phosphine,1,100,toluene,phosphine,550,4.8999999999999995,13.0,0,1,6,3,1,1,42,70.50360508217804
phosphine_2-F_4-F_6-OMe_T100_toluene,phosphine,1,100,toluene,phosphine,502,4.8999999999999995,13.0,0,1,6,3,1,1,38,70.50360508217804
phosphine_2-Cl_4-H_6-OMe_T100_toluene,phosphine,1,100,toluene,phosphine,496,4.8999999999999995,13.0,0,1,6,3,1,1,38,70.50360508217804
phosphine_2-Cl_4-OMe_6-Cl_T100_toluene,phosphine,1,100,toluene,phosphine,598,4.8999999999999995,13.0,0,1,6,3,1,1,46,70.50360508217804
phosphine_2-Cl_4-OMe_6-F_T100_toluene,phosphine,1,100,toluene,phosphine,550,4.8999999999999995,13.0,0,1,6,3,1,1,42,70.50360508217804
phosphine_2-Cl_4-Me_6-Cl_T100_toluene,phosphine,1,100,toluene,phosphine,508,5.1,13.0,0,0,6,3,1,0,39,70.50360508217804
phosphine_2-F_4-OMe_6-F_T100_toluene,phosphine,1,100,toluene,phosphine,502,4.8999999999999995,13.0,0,1,6,3,1,1,38,70.50360508217804
phosphine_2-CF3_4-Me_6-Cl_T100_toluene,phosphine,1,100,toluene,phosphine,664,5.1,13.0,0,0,6,3,1,0,51,70.50360508217804
phosphine_2-CF3_4-F_6-OMe_T100_toluene,phosphine,1,100,toluene,phosphine,706,4.8999999999999995,13.0,0,1,6,3,1,1,54,70.50360508217804
phosphine_2-H_4-OMe_6-Cl_T100_toluene,phosphine,1,100,toluene,phosphine,496,4.8999999999999995,13.0,0,1,6,3,1,1,38,70.50360508217804
phosphine_2-OMe_4-F_6-Cl_T100_toluene,phosphine,1,100,toluene,phosphine,550,4.8999999999999995,13.0,0,1,6,3,1,1,42,70.50360508217804
phosphine_2-CF3_4-F_6-Me_T100_toluene,phosphine,1,100,toluene,phosphine,616,5.1,13.0,0,0,6,3,1,0,47,70.50360508217804
phosphine_2-CF3_4-Me_6-H_T100_toluene,phosphine,1,100,toluene,phosphine,562,5.1,13.0,0,0,6,3,1,0,43,70.50360508217804
phosphine_2-CF3_4-Me_6-F_T100_toluene,phosphine,1,100,toluene,phosphine,616,5.1,13.0,0,0,6,3,1,0,47,70.50360508217804
phosphine_2-CF3_4-H_6-Me_T100_toluene,phosphine,1,100,toluene,phosphine,562,5.1,13.0,0,0,6,3,1,0,43,70.50360508217804
phosphine_2-Cl_4-OMe_6-H_T100_toluene,phosphine,1,100,toluene,phosphine,496,4.8999999999999995,13.0,0,1,6,3,1,1,38,70.50360508217804
phosphine_2-CF3_4-OMe_6-H_T100_toluene,phosphine,1,100,toluene,phosphine,652,4.8999999999999995,13.0,0,1,6,3,1,1,50,70.50360508217804
phosphine_2-OMe_4-H_6-Cl_T100_toluene,phosphine,1,100,toluene,phosphine,496,4.8999999999999995,13.0,0,1,6,3,1,1,38,70.50360508217804
phosphine_2-CF3_4-H_6-OMe_T100_toluene,phosphine,1,100,toluene,phosphine,652,4.8999999999999995,13.0,0,1,6,3,1,1,50,70.50360508217804
phosphine_2-CF3_4-OMe_6-Cl_T100_toluene,phosphine,1,100,toluene,phosphine,754,4.8999999999999995,13.0,0,1,6,3,1,1,58,70.50360508217804
phosphine_2-CF3_4-OMe_6-F_T100_toluene,phosphine,1,100,toluene,phosphine,706,4.8999999999999995,13.0,0,1,6,3,1,1,54,70.50360508217804
phosphine_2-iPr_4-H_6-Cl_T100_dioxane,phosphine,1,100,dioxane,phosphine,490,4.5,13.0,0,0,7,3,1,0,37,70.49275090100141
phosphine_2-iPr_4-F_6-Cl_T100_dioxane,phosphine,1,100,dioxane,phosphine,544,4.5,13.0,0,0,7,3,1,0,41,70.49275090100141
phosphine_2-iPr_4-F_6-F_T100_dioxane,phosphine,1,100,dioxane,phosphine,496,4.5,13.0,0,0,7,3,1,0,38,70.49275090100141
phosphine_2-CF3_4-H_6-F_T100_toluene,phosphine,1,100,toluene,phosphine,574,4.5,13.0,0,0,6,3,1,0,44,70.48981226918659
phosphine_2-CF3_4-F_6-F_T100_toluene,phosphine,1,100,toluene,phosphine,628,4.5,13.0,0,0,6,3,1,0,48,70.48981226918659
phosphine_2-Cl_4-F_6-Cl_T100_toluene,phosphine,1,100,toluene,phosphine,520,4.5,13.0,0,0,6,3,1,0,40,70.48981226918659
phosphine_2-CF3_4-H_6-Cl_T100_toluene,phosphine,1,100,toluene,phosphine,622,4.5,13.0,0,0,6,3,1,0,47,70.48981226918659
phosphine_2-CF3_4-F_6-H_T100_toluene,phosphine,1,100,toluene,phosphine,574,4.5,13.0,0,0,6,3,1,0,44,70.48981226918659
phosphine_2-CF3_4-H_6-H_T100_toluene,phosphine,1,100,toluene,phosphine,520,4.5,13.0,0,0,6,3,1,0,40,70.48981226918659
phosphine_2-CF3_4-F_6-Cl_T100_toluene,phosphine,1,100,toluene,phosphine,676,4.5,13.0,0,0,6,3,1,0,52,70.48981226918659
phosphine_2-tBu_4-H_6-H_T100_dioxane,phosphine,1,100,dioxane,phosphine,430,6.3,13.0,0,0,7,3,1,0,33,70.46047616722558
phosphine_2-Me_4-F_6-Me_T100_hexane,phosphine,1,100,hexane,phosphine,400,5.7,13.0,0,0,6,3,1,0,30,70.42104508451447
phosphine_2-F_4-Me_6-Me_T100_hexane,phosphine,1,100,hexane,phosphine,400,5.7,13.0,0,0,6,3,1,0,30,70.42104508451447
phosphine_2-NMe2_4-F_6-Me_T100_hexane,phosphine,1,100,hexane,phosphine,400,5.7,13.0,0,0,6,3,1,0,30,70.42104508451447
phosphine_2-NMe2_4-Me_6-F_T100_hexane,phosphine,1,100,hexane,phosphine,400,5.7,13.0,0,0,6,3,1,0,30,70.42104508451447
phosphine_2-Me_4-Me_6-F_T100_hexane,phosphine,1,100,hexane,phosphine,400,5.7,13.0,0,0,6,3,1,0,30,70.42104508451447
phosphine_2-iPr_4-H_6-F_T100_hexane,phosphine,1,100,hexane,phosphine,442,4.5,13.0,0,0,7,3,1,0,34,70.41065721585534
phosphine_2-iPr_4-F_6-H_T100_hexane,phosphine,1,100,hexane,phosphine,442,4.5,13.0,0,0,7,3,1,0,34,70.41065721585534
phosphine_2-F_4-Me_6-Cl_T100_xylene,phosphine,1,100,xylene,phosphine,460,5.1,13.0,0,0,6,3,1,0,35,70.39566966158475
phosphine_2-Cl_4-Me_6-F_T100_xylene,phosphine,1,100,xylene,phosphine,460,5.1,13.0,0,0,6,3,1,0,35,70.39566966158475
phosphine_2-Cl_4-F_6-Me_T100_xylene,phosphine,1,100,xylene,phosphine,460,5.1,13.0,0,0,6,3,1,0,35,70.39566966158475
phosphine_2-Me_4-F_6-Cl_T100_xylene,phosphine,1,100,xylene,phosphine,460,5.1,13.0,0,0,6,3,1,0,35,70.39566966158475
phosphine_2-NMe2_4-F_6-Cl_T100_xylene,phosphine,1,100,xylene,phosphine,460,5.1,13.0,0,0,6,3,1,0,35,70.39566966158475
phosphite_2-CF3_4-OMe_6-Me_T100_benzene,phosphite,1,100,benzene,phosphite,454,5.7,28.0,0,3,6,3,1,3,34,70.39475809696947
phosphite_2-CF3_4-Me_6-OMe_T100_benzene,phosphite,1,100,benzene,phosphite,454,5.7,28.0,0,3,6,3,1,3,34,70.39475809696947
phosphine_2-Cl_4-H_6-Cl_T100_xylene,phosphine,1,100,xylene,phosphine,466,4.5,13.0,0,0,6,3,1,0,35,70.38461043323073
phosphite_2-Cl_4-Me_6-OMe_T100_toluene,phosphite,1,100,toluene,phosphite,402,5.7,28.0,0,3,6,3,1,3,30,70.34498487418273
phosphite_2-Cl_4-OMe_6-Me_T100_toluene,phosphite,1,100,toluene,phosphite,402,5.7,28.0,0,3,6,3,1,3,30,70.34498487418273
phosphite_2-OMe_4-OMe_6-OMe_T100_benzene,phosphite,1,100,benzene,phosphite,442,5.6,28.0,0,3,6,3,1,3,34,70.30999855842708
phosphite_2-CF3_4-Me_6-Me_T100_dioxane,phosphite,1,100,dioxane,phosphite,424,6.0,28.0,0,3,6,3,1,3,32,70.2735187354343
phosphine_2-Me_4-Me_6-F_T100_xylene,phosphine,1,100,xylene,phosphine,400,5.7,13.0,0,0,6,3,1,0,30,70.25814148004734
phosphine_2-F_4-Me_6-Me_T100_xylene,phosphine,1,100,xylene,phosphine,400,5.7,13.0,0,0,6,3,1,0,30,70.25814148004734
phosphine_2-NMe2_4-F_6-Me_T100_xylene,phosphine,1,100,xylene,phosphine,400,5.7,13.0,0,0,6,3,1,0,30,70.25814148004734
phosphine_2-NMe2_4-Me_6-F_T100_xylene,phosphine,1,100,xylene,phosphine,400,5.7,13.0,0,0,6,3,1,0,30,70.25814148004734
phosphine_2-Me_4-F_6-Me_T100_xylene,phosphine,1,100,xylene,phosphine,400,5.7,13.0,0,0,6,3,1,0,30,70.25814148004734
phosphine_2-iPr_4-F_6-H_T100_xylene,phosphine,1,100,xylene,phosphine,442,4.5,13.0,0,0,7,3,1,0,34,70.16678566992594
phosphine_2-iPr_4-H_6-F_T100_xylene,phosphine,1,100,xylene,phosphine,442,4.5,13.0,0,0,7,3,1,0,34,70.16678566992594
phosphite_2-CF3_4-F_6-H_T100_toluene,phosphite,1,100,toluene,phosphite,414,5.0,28.0,0,3,6,3,1,3,31,70.16046667805844
phosphine_2-tBu_4-F_6-F_T100_THF,phosphine,1,100,THF,phosphine,538,6.3,13.0,0,0,7,3,1,0,41,70.13783043005586
phosphine_2-tBu_4-F_6-Cl_T100_THF,phosphine,1,100,THF,phosphine,586,6.3,13.0,0,0,7,3,1,0,45,70.13783043005586
phosphine_2-tBu_4-H_6-Cl_T100_THF,phosphine,1,100,THF,phosphine,532,6.3,13.0,0,0,7,3,1,0,40,70.13783043005586
phosphine_2-iPr_4-Me_6-Me_T100_hexane,phosphine,1,100,hexane,phosphine,472,5.7,13.0,0,0,7,3,1,0,36,70.1352770930145
phosphite_2-iPr_4-OMe_6-OMe_T100_toluene,phosphite,1,100,toluene,phosphite,440,5.4,28.0,0,3,7,3,1,3,33,70.12727248376203
phosphine_2-Cl_4-H_6-Cl_T100_hexane,phosphine,1,100,hexane,phosphine,466,4.5,13.0,0,0,6,3,1,0,35,70.10956680816729
phosphite_2-iPr_4-H_6-OMe_T100_THF,phosphite,1,100,THF,phosphite,396,5.2,28.0,0,3,7,3,1,3,30,70.09627755795881
phosphite_2-iPr_4-OMe_6-H_T100_THF,phosphite,1,100,THF,phosphite,396,5.2,28.0,0,3,7,3,1,3,30,70.09627755795881
phosphine_2-iPr_4-Me_6-Me_T100_benzene,phosphine,1,100,benzene,phosphine,472,5.7,13.0,0,0,7,3,1,0,36,70.07826368973842
phosphite_2-Cl_4-OMe_6-OMe_T100_dioxane,phosphite,1,100,dioxane,phosphite,432,5.4,28.0,0,3,6,3,1,3,33,70.07615328751855
phosphine_2-H_4-F_6-OMe_T100_xylene,phosphine,1,100,xylene,phosphine,448,4.8999999999999995,13.0,0,1,6,3,1,1,34,70.07512192182918
phosphine_2-OMe_4-F_6-H_T100_xylene,phosphine,1,100,xylene,phosphine,448,4.8999999999999995,13.0,0,1,6,3,1,1,34,70.07512192182918
phosphine_2-F_4-H_6-OMe_T100_xylene,phosphine,1,100,xylene,phosphine,448,4.8999999999999995,13.0,0,1,6,3,1,1,34,70.07512192182918
phosphine_2-OMe_4-H_6-F_T100_xylene,phosphine,1,100,xylene,phosphine,448,4.8999999999999995,13.0,0,1,6,3,1,1,34,70.07512192182918
phosphine_2-F_4-OMe_6-H_T100_xylene,phosphine,1,100,xylene,phosphine,448,4.8999999999999995,13.0,0,1,6,3,1,1,34,70.07512192182918
phosphine_2-H_4-OMe_6-F_T100_xylene,phosphine,1,100,xylene,phosphine,448,4.8999999999999995,13.0,0,1,6,3,1,1,34,70.07512192182918
phosphine_2-F_4-F_6-F_T100_toluene,phosphine,1,100,toluene,phosphine,424,4.5,13.0,0,0,6,3,1,0,32,70.074802963881
phosphine_2-Me_4-OMe_6-Me_T100_xylene,phosphine,1,100,xylene,phosphine,478,6.1,13.0,0,1,6,3,1,1,36,70.05589312552192
phosphine_2-Me_4-Me_6-OMe_T100_xylene,phosphine,1,100,xylene,phosphine,478,6.1,13.0,0,1,6,3,1,1,36,70.05589312552192
phosphine_2-NMe2_4-OMe_6-Me_T100_xylene,phosphine,1,100,xylene,phosphine,478,6.1,13.0,0,1,6,3,1,1,36,70.05589312552192
phosphine_2-OMe_4-Me_6-Me_T100_xylene,phosphine,1,100,xylene,phosphine,478,6.1,13.0,0,1,6,3,1,1,36,70.05589312552192
phosphine_2-NMe2_4-Me_6-OMe_T100_xylene,phosphine,1,100,xylene,phosphine,478,6.1,13.0,0,1,6,3,1,1,36,70.05589312552192
phosphine_2-Me_4-F_6-Me_T100_benzene,phosphine,1,100,benzene,phosphine,400,5.7,13.0,0,0,6,3,1,0,30,70.04363860360712
phosphine_2-NMe2_4-Me_6-F_T100_benzene,phosphine,1,100,benzene,phosphine,400,5.7,13.0,0,0,6,3,1,0,30,70.04363860360712
phosphine_2-F_4-Me_6-Me_T100_benzene,phosphine,1,100,benzene,phosphine,400,5.7,13.0,0,0,6,3,1,0,30,70.04363860360712
phosphine_2-NMe2_4-F_6-Me_T100_benzene,phosphine,1,100,benzene,phosphine,400,5.7,13.0,0,0,6,3,1,0,30,70.04363860360712
phosphine_2-Me_4-Me_6-F_T100_benzene,phosphine,1,100,benzene,phosphine,400,5.7,13.0,0,0,6,3,1,0,30,70.04363860360712
phosphine_2-iPr_4-Me_6-H_T100_toluene,phosphine,1,100,toluene,phosphine,430,5.1,13.0,0,0,7,3,1,0,33,70.03629715179058
phosphine_2-iPr_4-H_6-Me_T100_toluene,phosphine,1,100,toluene,phosphine,430,5.1,13.0,0,0,7,3,1,0,33,70.03629715179058
phosphite_2-tBu_4-H_6-OMe_T100_THF,phosphite,1,100,THF,phosphite,410,6.7,28.0,0,3,7,3,1,3,31,70.03287679495374
phosphite_2-tBu_4-OMe_6-H_T100_THF,phosphite,1,100,THF,phosphite,410,6.7,28.0,0,3,7,3,1,3,31,70.03287679495374
phosphine_2-tBu_4-OMe_6-Me_T100_THF,phosphine,1,100,THF,phosphine,604,7.3,13.0,0,1,7,3,1,1,46,69.93144162847192
phosphine_2-tBu_4-Me_6-OMe_T100_THF,phosphine,1,100,THF,phosphine,604,7.3,13.0,0,1,7,3,1,1,46,69.93144162847192
phosphine_2-tBu_4-H_6-Me_T100_dioxane,phosphine,1,100,dioxane,phosphine,472,6.8999999999999995,13.0,0,0,7,3,1,0,36,69.86684722543093
phosphine_2-tBu_4-Me_6-H_T100_dioxane,phosphine,1,100,dioxane,phosphine,472,6.8999999999999995,13.0,0,0,7,3,1,0,36,69.86684722543093
phosphine_2-tBu_4-F_6-OMe_T100_THF,phosphine,1,100,THF,phosphine,616,6.699999999999999,13.0,0,1,7,3,1,1,47,69.82191838728191
phosphine_2-tBu_4-OMe_6-H_T100_THF,phosphine,1,100,THF,phosphine,562,6.699999999999999,13.0,0,1,7,3,1,1,43,69.82191838728191
phosphine_2-tBu_4-H_6-OMe_T100_THF,phosphine,1,100,THF,phosphine,562,6.699999999999999,13.0,0,1,7,3,1,1,43,69.82191838728191
phosphine_2-tBu_4-OMe_6-Cl_T100_THF,phosphine,1,100,THF,phosphine,664,6.699999999999999,13.0,0,1,7,3,1,1,51,69.82191838728191
phosphine_2-tBu_4-OMe_6-F_T100_THF,phosphine,1,100,THF,phosphine,616,6.699999999999999,13.0,0,1,7,3,1,1,47,69.82191838728191
phosphine_2-F_4-Me_6-Cl_T100_hexane,phosphine,1,100,hexane,phosphine,460,5.1,13.0,0,0,6,3,1,0,35,69.80319916066166
phosphine_2-Cl_4-F_6-Me_T100_hexane,phosphine,1,100,hexane,phosphine,460,5.1,13.0,0,0,6,3,1,0,35,69.80319916066166
phosphine_2-Me_4-F_6-Cl_T100_hexane,phosphine,1,100,hexane,phosphine,460,5.1,13.0,0,0,6,3,1,0,35,69.80319916066166
phosphine_2-NMe2_4-F_6-Cl_T100_hexane,phosphine,1,100,hexane,phosphine,460,5.1,13.0,0,0,6,3,1,0,35,69.80319916066166
phosphine_2-Cl_4-Me_6-F_T100_hexane,phosphine,1,100,hexane,phosphine,460,5.1,13.0,0,0,6,3,1,0,35,69.80319916066166
phosphine_2-CF3_4-Me_6-H_T100_dioxane,phosphine,1,100,dioxane,phosphine,562,5.1,13.0,0,0,6,3,1,0,43,69.78880278746449
phosphine_2-Cl_4-H_6-OMe_T100_dioxane,phosphine,1,100,dioxane,phosphine,496,4.8999999999999995,13.0,0,1,6,3,1,1,38,69.78880278746449
phosphine_2-CF3_4-OMe_6-H_T100_dioxane,phosphine,1,100,dioxane,phosphine,652,4.8999999999999995,13.0,0,1,6,3,1,1,50,69.78880278746449
phosphine_2-Cl_4-OMe_6-F_T100_dioxane,phosphine,1,100,dioxane,phosphine,550,4.8999999999999995,13.0,0,1,6,3,1,1,42,69.78880278746449
phosphine_2-OMe_4-F_6-F_T100_dioxane,phosphine,1,100,dioxane,phosphine,502,4.8999999999999995,13.0,0,1,6,3,1,1,38,69.78880278746449
phosphine_2-Cl_4-OMe_6-OMe_T100_dioxane,phosphine,1,100,dioxane,phosphine,628,5.3,13.0,0,2,6,3,1,2,48,69.78880278746449
phosphine_2-H_4-OMe_6-Cl_T100_dioxane,phosphine,1,100,dioxane,phosphine,496,4.8999999999999995,13.0,0,1,6,3,1,1,38,69.78880278746449
phosphine_2-CF3_4-H_6-Me_T100_dioxane,phosphine,1,100,dioxane,phosphine,562,5.1,13.0,0,0,6,3,1,0,43,69.78880278746449
phosphine_2-Cl_4-OMe_6-H_T100_dioxane,phosphine,1,100,dioxane,phosphine,496,4.8999999999999995,13.0,0,1,6,3,1,1,38,69.78880278746449
phosphine_2-OMe_4-OMe_6-Cl_T100_dioxane,phosphine,1,100,dioxane,phosphine,628,5.3,13.0,0,2,6,3,1,2,48,69.78880278746449
phosphine_2-Cl_4-Me_6-Cl_T100_dioxane,phosphine,1,100,dioxane,phosphine,508,5.1,13.0,0,0,6,3,1,0,39,69.78880278746449
phosphine_2-CF3_4-Me_6-F_T100_dioxane,phosphine,1,100,dioxane,phosphine,616,5.1,13.0,0,0,6,3,1,0,47,69.78880278746449
phosphine_2-CF3_4-F_6-Me_T100_dioxane,phosphine,1,100,dioxane,phosphine,616,5.1,13.0,0,0,6,3,1,0,47,69.78880278746449
phosphine_2-CF3_4-OMe_6-OMe_T100_dioxane,phosphine,1,100,dioxane,phosphine,784,5.3,13.0,0,2,6,3,1,2,60,69.78880278746449
phosphine_2-CF3_4-OMe_6-F_T100_dioxane,phosphine,1,100,dioxane,phosphine,706,4.8999999999999995,13.0,0,1,6,3,1,1,54,69.78880278746449
phosphine_2-CF3_4-OMe_6-Cl_T100_dioxane,phosphine,1,100,dioxane,phosphine,754,4.8999999999999995,13.0,0,1,6,3,1,1,58,69.78880278746449
phosphine_2-OMe_4-OMe_6-F_T100_dioxane,phosphine,1,100,dioxane,phosphine,580,5.3,13.0,0,2,6,3,1,2,44,69.78880278746449
phosphine_2-Cl_4-F_6-OMe_T100_dioxane,phosphine,1,100,dioxane,phosphine,550,4.8999999999999995,13.0,0,1,6,3,1,1,42,69.78880278746449
phosphine_2-Cl_4-OMe_6-Cl_T100_dioxane,phosphine,1,100,dioxane,phosphine,598,4.8999999999999995,13.0,0,1,6,3,1,1,46,69.78880278746449
phosphine_2-CF3_4-F_6-OMe_T100_dioxane,phosphine,1,100,dioxane,phosphine,706,4.8999999999999995,13.0,0,1,6,3,1,1,54,69.78880278746449
phosphine_2-CF3_4-H_6-OMe_T100_dioxane,phosphine,1,100,dioxane,phosphine,652,4.8999999999999995,13.0,0,1,6,3,1,1,50,69.78880278746449
phosphine_2-OMe_4-F_6-OMe_T100_dioxane,phosphine,1,100,dioxane,phosphine,580,5.3,13.0,0,2,6,3,1,2,44,69.78880278746449
phosphine_2-CF3_4-Me_6-Cl_T100_dioxane,phosphine,1,100,dioxane,phosphine,664,5.1,13.0,0,0,6,3,1,0,51,69.78880278746449
phosphine_2-OMe_4-OMe_6-H_T100_dioxane,phosphine,1,100,dioxane,phosphine,526,5.3,13.0,0,2,6,3,1,2,40,69.78880278746449
phosphine_2-OMe_4-F_6-Cl_T100_dioxane,phosphine,1,100,dioxane,phosphine,550,4.8999999999999995,13.0,0,1,6,3,1,1,42,69.78880278746449
phosphine_2-OMe_4-H_6-OMe_T100_dioxane,phosphine,1,100,dioxane,phosphine,526,5.3,13.0,0,2,6,3,1,2,40,69.78880278746449
phosphine_2-F_4-F_6-OMe_T100_dioxane,phosphine,1,100,dioxane,phosphine,502,4.8999999999999995,13.0,0,1,6,3,1,1,38,69.78880278746449
phosphine_2-H_4-OMe_6-OMe_T100_dioxane,phosphine,1,100,dioxane,phosphine,526,5.3,13.0,0,2,6,3,1,2,40,69.78880278746449
phosphine_2-F_4-OMe_6-Cl_T100_dioxane,phosphine,1,100,dioxane,phosphine,550,4.8999999999999995,13.0,0,1,6,3,1,1,42,69.78880278746449
phosphine_2-F_4-OMe_6-F_T100_dioxane,phosphine,1,100,dioxane,phosphine,502,4.8999999999999995,13.0,0,1,6,3,1,1,38,69.78880278746449
phosphine_2-F_4-OMe_6-OMe_T100_dioxane,phosphine,1,100,dioxane,phosphine,580,5.3,13.0,0,2,6,3,1,2,44,69.78880278746449
phosphine_2-OMe_4-H_6-Cl_T100_dioxane,phosphine,1,100,dioxane,phosphine,496,4.8999999999999995,13.0,0,1,6,3,1,1,38,69.78880278746449
phosphine_2-CF3_4-F_6-F_T100_dioxane,phosphine,1,100,dioxane,phosphine,628,4.5,13.0,0,0,6,3,1,0,48,69.75999714581843
phosphine_2-CF3_4-H_6-H_T100_dioxane,phosphine,1,100,dioxane,phosphine,520,4.5,13.0,0,0,6,3,1,0,40,69.75999714581843
phosphine_2-CF3_4-H_6-F_T100_dioxane,phosphine,1,100,dioxane,phosphine,574,4.5,13.0,0,0,6,3,1,0,44,69.75999714581843
phosphine_2-CF3_4-H_6-Cl_T100_dioxane,phosphine,1,100,dioxane,phosphine,622,4.5,13.0,0,0,6,3,1,0,47,69.75999714581843
phosphine_2-CF3_4-F_6-Cl_T100_dioxane,phosphine,1,100,dioxane,phosphine,676,4.5,13.0,0,0,6,3,1,0,52,69.75999714581843
phosphine_2-CF3_4-F_6-H_T100_dioxane,phosphine,1,100,dioxane,phosphine,574,4.5,13.0,0,0,6,3,1,0,44,69.75999714581843
phosphine_2-Cl_4-F_6-Cl_T100_dioxane,phosphine,1,100,dioxane,phosphine,520,4.5,13.0,0,0,6,3,1,0,40,69.75999714581843
phosphite_2-CF3_4-F_6-OMe_T100_toluene,phosphite,1,100,toluene,phosphite,458,5.2,28.0,0,3,6,3,1,3,35,69.75904188733628
phosphine_2-NMe2_4-Me_6-OMe_T100_hexane,phosphine,1,100,hexane,phosphine,478,6.1,13.0,0,1,6,3,1,1,36,69.74889218791306
phosphine_2-NMe2_4-OMe_6-Me_T100_hexane,phosphine,1,100,hexane,phosphine,478,6.1,13.0,0,1,6,3,1,1,36,69.74889218791306
phosphine_2-Me_4-Me_6-OMe_T100_hexane,phosphine,1,100,hexane,phosphine,478,6.1,13.0,0,1,6,3,1,1,36,69.74889218791306
phosphine_2-OMe_4-Me_6-Me_T100_hexane,phosphine,1,100,hexane,phosphine,478,6.1,13.0,0,1,6,3,1,1,36,69.74889218791306
phosphine_2-Me_4-OMe_6-Me_T100_hexane,phosphine,1,100,hexane,phosphine,478,6.1,13.0,0,1,6,3,1,1,36,69.74889218791306
phosphite_2-CF3_4-F_6-Me_T100_dioxane,phosphite,1,100,dioxane,phosphite,428,5.5,28.0,0,3,6,3,1,3,32,69.73053751579072
phosphine_2-Me_4-Me_6-OMe_T100_benzene,phosphine,1,100,benzene,phosphine,478,6.1,13.0,0,1,6,3,1,1,36,69.72314722574197
phosphine_2-NMe2_4-OMe_6-Me_T100_benzene,phosphine,1,100,benzene,phosphine,478,6.1,13.0,0,1,6,3,1,1,36,69.72314722574197
phosphine_2-OMe_4-Me_6-Me_T100_benzene,phosphine,1,100,benzene,phosphine,478,6.1,13.0,0,1,6,3,1,1,36,69.72314722574197
phosphine_2-NMe2_4-Me_6-OMe_T100_benzene,phosphine,1,100,benzene,phosphine,478,6.1,13.0,0,1,6,3,1,1,36,69.72314722574197
phosphine_2-Me_4-OMe_6-Me_T100_benzene,phosphine,1,100,benzene,phosphine,478,6.1,13.0,0,1,6,3,1,1,36,69.72314722574197
phosphine_2-Cl_4-F_6-F_T100_benzene,phosphine,1,100,benzene,phosphine,472,4.5,13.0,0,0,6,3,1,0,36,69.71788732418794
phosphine_2-F_4-F_6-Cl_T100_benzene,phosphine,1,100,benzene,phosphine,472,4.5,13.0,0,0,6,3,1,0,36,69.71788732418794
phosphite_2-tBu_4-F_6-Me_T100_THF,phosphite,1,100,THF,phosphite,398,7.0,28.0,0,3,7,3,1,3,30,69.69054776277495
phosphine_2-iPr_4-Me_6-H_T100_dioxane,phosphine,1,100,dioxane,phosphine,430,5.1,13.0,0,0,7,3,1,0,33,69.67734972796606
phosphine_2-iPr_4-H_6-Me_T100_dioxane,phosphine,1,100,dioxane,phosphine,430,5.1,13.0,0,0,7,3,1,0,33,69.67734972796606
phosphine_2-iPr_4-Me_6-OMe_T100_dioxane,phosphine,1,100,dioxane,phosphine,562,5.5,13.0,0,1,7,3,1,1,43,69.67633562472274
phosphine_2-iPr_4-OMe_6-Me_T100_dioxane,phosphine,1,100,dioxane,phosphine,562,5.5,13.0,0,1,7,3,1,1,43,69.67633562472274
diphosphine_4-H_T100_THF,diphosphine,2,100,THF,diphosphine,426,7.5,13.0,0,0,9,6,2,0,32,69.60812040297441
diphosphine_4-CF3_T100_THF,diphosphine,2,100,THF,diphosphine,426,7.5,13.0,0,0,9,6,2,0,32,69.60812040297441
diphosphine_4-F_T100_THF,diphosphine,2,100,THF,diphosphine,426,7.5,13.0,0,0,9,6,2,0,32,69.60812040297441
phosphine_2-tBu_4-Me_6-Me_T100_THF,phosphine,1,100,THF,phosphine,514,7.5,13.0,0,0,7,3,1,0,39,69.55348782742497
phosphite_2-CF3_4-H_6-OMe_T100_toluene,phosphite,1,100,toluene,phosphite,440,5.2,28.0,0,3,6,3,1,3,33,69.53838965428598
phosphite_2-CF3_4-OMe_6-H_T100_toluene,phosphite,1,100,toluene,phosphite,440,5.2,28.0,0,3,6,3,1,3,33,69.53838965428598
phosphite_2-CF3_4-H_6-H_T100_THF,phosphite,1,100,THF,phosphite,396,5.0,28.0,0,3,6,3,1,3,30,69.53413783526499
phosphine_2-H_4-F_6-OMe_T100_hexane,phosphine,1,100,hexane,phosphine,448,4.8999999999999995,13.0,0,1,6,3,1,1,34,69.49277992445148
phosphine_2-F_4-H_6-OMe_T100_hexane,phosphine,1,100,hexane,phosphine,448,4.8999999999999995,13.0,0,1,6,3,1,1,34,69.49277992445148
phosphine_2-OMe_4-H_6-F_T100_hexane,phosphine,1,100,hexane,phosphine,448,4.8999999999999995,13.0,0,1,6,3,1,1,34,69.49277992445148
phosphine_2-OMe_4-F_6-H_T100_hexane,phosphine,1,100,hexane,phosphine,448,4.8999999999999995,13.0,0,1,6,3,1,1,34,69.49277992445148
phosphine_2-H_4-OMe_6-F_T100_hexane,phosphine,1,100,hexane,phosphine,448,4.8999999999999995,13.0,0,1,6,3,1,1,34,69.49277992445148
phosphine_2-F_4-OMe_6-H_T100_hexane,phosphine,1,100,hexane,phosphine,448,4.8999999999999995,13.0,0,1,6,3,1,1,34,69.49277992445148
phosphine_2-iPr_4-Me_6-Me_T100_toluene,phosphine,1,100,toluene,phosphine,472,5.7,13.0,0,0,7,3,1,0,36,69.48711870252833
phosphite_2-iPr_4-F_6-OMe_T100_dioxane,phosphite,1,100,dioxane,phosphite,414,5.2,28.0,0,3,7,3,1,3,31,69.4698566730301
phosphine_2-OMe_4-Me_6-OMe_T100_dioxane,phosphine,1,100,dioxane,phosphine,568,5.8999999999999995,13.0,0,2,6,3,1,2,43,69.44194679488855
phosphine_2-NMe2_4-OMe_6-OMe_T100_dioxane,phosphine,1,100,dioxane,phosphine,568,5.8999999999999995,13.0,0,2,6,3,1,2,43,69.44194679488855
phosphine_2-OMe_4-OMe_6-Me_T100_dioxane,phosphine,1,100,dioxane,phosphine,568,5.8999999999999995,13.0,0,2,6,3,1,2,43,69.44194679488855
phosphine_2-Me_4-OMe_6-OMe_T100_dioxane,phosphine,1,100,dioxane,phosphine,568,5.8999999999999995,13.0,0,2,6,3,1,2,43,69.44194679488855
phosphite_2-CF3_4-OMe_6-Me_T100_toluene,phosphite,1,100,toluene,phosphite,454,5.7,28.0,0,3,6,3,1,3,34,69.34432653909703
phosphite_2-CF3_4-Me_6-OMe_T100_toluene,phosphite,1,100,toluene,phosphite,454,5.7,28.0,0,3,6,3,1,3,34,69.34432653909703
phosphine_2-iPr_4-H_6-F_T100_benzene,phosphine,1,100,benzene,phosphine,442,4.5,13.0,0,0,7,3,1,0,34,69.29931751709388
phosphine_2-iPr_4-F_6-H_T100_benzene,phosphine,1,100,benzene,phosphine,442,4.5,13.0,0,0,7,3,1,0,34,69.29931751709388
phosphite_2-tBu_4-OMe_6-OMe_T100_dioxane,phosphite,1,100,dioxane,phosphite,454,6.9,28.0,0,3,7,3,1,3,34,69.26303308093739
phosphine_2-F_4-F_6-F_T100_dioxane,phosphine,1,100,dioxane,phosphine,424,4.5,13.0,0,0,6,3,1,0,32,69.24929431478128
phosphine_2-iPr_4-H_6-OMe_T100_THF,phosphine,1,100,THF,phosphine,520,4.8999999999999995,13.0,0,1,7,3,1,1,40,69.21737880403367
phosphine_2-iPr_4-OMe_6-F_T100_THF,phosphine,1,100,THF,phosphine,574,4.8999999999999995,13.0,0,1,7,3,1,1,44,69.21737880403367
phosphine_2-iPr_4-Me_6-Cl_T100_THF,phosphine,1,100,THF,phosphine,532,5.1,13.0,0,0,7,3,1,0,40,69.21737880403367
phosphine_2-iPr_4-OMe_6-H_T100_THF,phosphine,1,100,THF,phosphine,520,4.8999999999999995,13.0,0,1,7,3,1,1,40,69.21737880403367
phosphine_2-iPr_4-OMe_6-Cl_T100_THF,phosphine,1,100,THF,phosphine,622,4.8999999999999995,13.0,0,1,7,3,1,1,47,69.21737880403367
phosphine_2-iPr_4-OMe_6-OMe_T100_THF,phosphine,1,100,THF,phosphine,652,5.3,13.0,0,2,7,3,1,2,50,69.21737880403367
phosphine_2-iPr_4-F_6-OMe_T100_THF,phosphine,1,100,THF,phosphine,574,4.8999999999999995,13.0,0,1,7,3,1,1,44,69.21737880403367
phosphine_2-iPr_4-H_6-Cl_T100_THF,phosphine,1,100,THF,phosphine,490,4.5,13.0,0,0,7,3,1,0,37,69.20358599104222
phosphine_2-iPr_4-F_6-Cl_T100_THF,phosphine,1,100,THF,phosphine,544,4.5,13.0,0,0,7,3,1,0,41,69.20358599104222
phosphine_2-iPr_4-F_6-F_T100_THF,phosphine,1,100,THF,phosphine,496,4.5,13.0,0,0,7,3,1,0,38,69.20358599104222
phosphine_2-Cl_4-H_6-Me_T100_toluene,phosphine,1,100,toluene,phosphine,406,5.1,13.0,0,0,6,3,1,0,31,69.19194587456465
phosphine_2-F_4-F_6-Me_T100_toluene,phosphine,1,100,toluene,phosphine,412,5.1,13.0,0,0,6,3,1,0,31,69.19194587456465
phosphine_2-NMe2_4-H_6-Cl_T100_toluene,phosphine,1,100,toluene,phosphine,406,5.1,13.0,0,0,6,3,1,0,31,69.19194587456465
phosphine_2-Me_4-F_6-F_T100_toluene,phosphine,1,100,toluene,phosphine,412,5.1,13.0,0,0,6,3,1,0,31,69.19194587456465
phosphine_2-NMe2_4-F_6-F_T100_toluene,phosphine,1,100,toluene,phosphine,412,5.1,13.0,0,0,6,3,1,0,31,69.19194587456465
phosphine_2-Me_4-H_6-Cl_T100_toluene,phosphine,1,100,toluene,phosphine,406,5.1,13.0,0,0,6,3,1,0,31,69.19194587456465
phosphine_2-H_4-Me_6-Cl_T100_toluene,phosphine,1,100,toluene,phosphine,406,5.1,13.0,0,0,6,3,1,0,31,69.19194587456465
phosphine_2-F_4-Me_6-F_T100_toluene,phosphine,1,100,toluene,phosphine,412,5.1,13.0,0,0,6,3,1,0,31,69.19194587456465
phosphine_2-Cl_4-Me_6-H_T100_toluene,phosphine,1,100,toluene,phosphine,406,5.1,13.0,0,0,6,3,1,0,31,69.19194587456465
phosphine_2-Me_4-F_6-Me_T100_toluene,phosphine,1,100,toluene,phosphine,400,5.7,13.0,0,0,6,3,1,0,30,69.16193332716621
phosphine_2-NMe2_4-Me_6-F_T100_toluene,phosphine,1,100,toluene,phosphine,400,5.7,13.0,0,0,6,3,1,0,30,69.16193332716621
phosphine_2-NMe2_4-F_6-Me_T100_toluene,phosphine,1,100,toluene,phosphine,400,5.7,13.0,0,0,6,3,1,0,30,69.16193332716621
phosphine_2-Me_4-Me_6-F_T100_toluene,phosphine,1,100,toluene,phosphine,400,5.7,13.0,0,0,6,3,1,0,30,69.16193332716621
phosphine_2-F_4-Me_6-Me_T100_toluene,phosphine,1,100,toluene,phosphine,400,5.7,13.0,0,0,6,3,1,0,30,69.16193332716621
phosphine_2-Cl_4-F_6-H_T100_toluene,phosphine,1,100,toluene,phosphine,418,4.5,13.0,0,0,6,3,1,0,32,69.15560061061821
phosphine_2-Cl_4-H_6-F_T100_toluene,phosphine,1,100,toluene,phosphine,418,4.5,13.0,0,0,6,3,1,0,32,69.15560061061821
phosphine_2-F_4-H_6-Cl_T100_toluene,phosphine,1,100,toluene,phosphine,418,4.5,13.0,0,0,6,3,1,0,32,69.15560061061821
phosphine_2-H_4-F_6-Cl_T100_toluene,phosphine,1,100,toluene,phosphine,418,4.5,13.0,0,0,6,3,1,0,32,69.15560061061821
phosphine_2-iPr_4-Me_6-F_T100_toluene,phosphine,1,100,toluene,phosphine,484,5.1,13.0,0,0,7,3,1,0,37,69.1098877539922
phosphine_2-iPr_4-F_6-Me_T100_toluene,phosphine,1,100,toluene,phosphine,484,5.1,13.0,0,0,7,3,1,0,37,69.1098877539922
phosphine_2-Me_4-Me_6-OMe_T100_toluene,phosphine,1,100,toluene,phosphine,478,6.1,13.0,0,1,6,3,1,1,36,69.10083798541972
phosphine_2-NMe2_4-OMe_6-Me_T100_toluene,phosphine,1,100,toluene,phosphine,478,6.1,13.0,0,1,6,3,1,1,36,69.10083798541972
phosphine_2-NMe2_4-Me_6-OMe_T100_toluene,phosphine,1,100,toluene,phosphine,478,6.1,13.0,0,1,6,3,1,1,36,69.10083798541972
phosphine_2-Me_4-OMe_6-Me_T100_toluene,phosphine,1,100,toluene,phosphine,478,6.1,13.0,0,1,6,3,1,1,36,69.10083798541972
phosphine_2-OMe_4-Me_6-Me_T100_toluene,phosphine,1,100,toluene,phosphine,478,6.1,13.0,0,1,6,3,1,1,36,69.10083798541972
phosphine_2-Cl_4-H_6-Cl_T100_benzene,phosphine,1,100,benzene,phosphine,466,4.5,13.0,0,0,6,3,1,0,35,69.08818926966899
phosphite_2-OMe_4-OMe_6-OMe_T100_toluene,phosphite,1,100,toluene,phosphite,442,5.6,28.0,0,3,6,3,1,3,34,69.08087940871094
phosphine_2-tBu_4-F_6-H_T100_dioxane,phosphine,1,100,dioxane,phosphine,484,6.3,13.0,0,0,7,3,1,0,37,69.07803931577001
phosphine_2-tBu_4-H_6-F_T100_dioxane,phosphine,1,100,dioxane,phosphine,484,6.3,13.0,0,0,7,3,1,0,37,69.07803931577001
phosphine_2-tBu_4-H_6-H_T100_THF,phosphine,1,100,THF,phosphine,430,6.3,13.0,0,0,7,3,1,0,33,69.06824954984138
phosphine_2-CF3_4-Me_6-Me_T100_dioxane,phosphine,1,100,dioxane,phosphine,604,5.7,13.0,0,0,6,3,1,0,46,69.04777210354666
phosphine_2-OMe_4-OMe_6-OMe_T100_dioxane,phosphine,1,100,dioxane,phosphine,658,5.699999999999999,13.0,0,3,6,3,1,3,50,69.04777210354666
phosphine_2-Cl_4-Me_6-Me_T100_xylene,phosphine,1,100,xylene,phosphine,448,5.7,13.0,0,0,6,3,1,0,34,69.04303444584004
phosphine_2-NMe2_4-Me_6-Cl_T100_xylene,phosphine,1,100,xylene,phosphine,448,5.7,13.0,0,0,6,3,1,0,34,69.04303444584004
phosphine_2-Me_4-Me_6-Cl_T100_xylene,phosphine,1,100,xylene,phosphine,448,5.7,13.0,0,0,6,3,1,0,34,69.04303444584004
phosphite_2-F_4-OMe_6-OMe_T100_dioxane,phosphite,1,100,dioxane,phosphite,416,5.4,28.0,0,3,6,3,1,3,32,69.00259081244032
phosphite_2-OMe_4-F_6-OMe_T100_dioxane,phosphite,1,100,dioxane,phosphite,416,5.4,28.0,0,3,6,3,1,3,32,69.00259081244032
phosphite_2-Cl_4-F_6-OMe_T100_dioxane,phosphite,1,100,dioxane,phosphite,406,5.2,28.0,0,3,6,3,1,3,31,68.99155516305342
phosphite_2-CF3_4-F_6-H_T100_dioxane,phosphite,1,100,dioxane,phosphite,414,5.0,28.0,0,3,6,3,1,3,31,68.99155516305342
phosphine_2-NMe2_4-F_6-OMe_T100_dioxane,phosphine,1,100,dioxane,phosphine,490,5.5,13.0,0,1,6,3,1,1,37,68.94358186953976
phosphine_2-F_4-Me_6-OMe_T100_dioxane,phosphine,1,100,dioxane,phosphine,490,5.5,13.0,0,1,6,3,1,1,37,68.94358186953976
phosphine_2-Cl_4-Me_6-OMe_T100_dioxane,phosphine,1,100,dioxane,phosphine,538,5.5,13.0,0,1,6,3,1,1,41,68.94358186953976
phosphine_2-OMe_4-Me_6-Cl_T100_dioxane,phosphine,1,100,dioxane,phosphine,538,5.5,13.0,0,1,6,3,1,1,41,68.94358186953976
phosphine_2-OMe_4-Me_6-F_T100_dioxane,phosphine,1,100,dioxane,phosphine,490,5.5,13.0,0,1,6,3,1,1,37,68.94358186953976
phosphine_2-Me_4-OMe_6-F_T100_dioxane,phosphine,1,100,dioxane,phosphine,490,5.5,13.0,0,1,6,3,1,1,37,68.94358186953976
phosphine_2-CF3_4-OMe_6-Me_T100_dioxane,phosphine,1,100,dioxane,phosphine,694,5.5,13.0,0,1,6,3,1,1,53,68.94358186953976
phosphine_2-Me_4-OMe_6-Cl_T100_dioxane,phosphine,1,100,dioxane,phosphine,538,5.5,13.0,0,1,6,3,1,1,41,68.94358186953976
phosphine_2-Cl_4-OMe_6-Me_T100_dioxane,phosphine,1,100,dioxane,phosphine,538,5.5,13.0,0,1,6,3,1,1,41,68.94358186953976
phosphine_2-NMe2_4-OMe_6-Cl_T100_dioxane,phosphine,1,100,dioxane,phosphine,538,5.5,13.0,0,1,6,3,1,1,41,68.94358186953976
phosphine_2-NMe2_4-OMe_6-F_T100_dioxane,phosphine,1,100,dioxane,phosphine,490,5.5,13.0,0,1,6,3,1,1,37,68.94358186953976
phosphine_2-Me_4-F_6-OMe_T100_dioxane,phosphine,1,100,dioxane,phosphine,490,5.5,13.0,0,1,6,3,1,1,37,68.94358186953976
phosphine_2-CF3_4-Me_6-OMe_T100_dioxane,phosphine,1,100,dioxane,phosphine,694,5.5,13.0,0,1,6,3,1,1,53,68.94358186953976
phosphine_2-F_4-OMe_6-Me_T100_dioxane,phosphine,1,100,dioxane,phosphine,490,5.5,13.0,0,1,6,3,1,1,37,68.94358186953976
phosphine_2-OMe_4-F_6-Me_T100_dioxane,phosphine,1,100,dioxane,phosphine,490,5.5,13.0,0,1,6,3,1,1,37,68.94358186953976
phosphite_2-CF3_4-Me_6-Me_T100_THF,phosphite,1,100,THF,phosphite,424,6.0,28.0,0,3,6,3,1,3,32,68.91432723431372
phosphine_2-Me_4-F_6-Cl_T100_benzene,phosphine,1,100,benzene,phosphine,460,5.1,13.0,0,0,6,3,1,0,35,68.8681933240259
phosphine_2-Cl_4-F_6-Me_T100_benzene,phosphine,1,100,benzene,phosphine,460,5.1,13.0,0,0,6,3,1,0,35,68.8681933240259
phosphine_2-F_4-Me_6-Cl_T100_benzene,phosphine,1,100,benzene,phosphine,460,5.1,13.0,0,0,6,3,1,0,35,68.8681933240259
phosphine_2-NMe2_4-F_6-Cl_T100_benzene,phosphine,1,100,benzene,phosphine,460,5.1,13.0,0,0,6,3,1,0,35,68.8681933240259
phosphine_2-Cl_4-Me_6-F_T100_benzene,phosphine,1,100,benzene,phosphine,460,5.1,13.0,0,0,6,3,1,0,35,68.8681933240259
phosphite_2-iPr_4-Me_6-OMe_T100_dioxane,phosphite,1,100,dioxane,phosphite,410,5.7,28.0,0,3,7,3,1,3,31,68.8634161883799
phosphite_2-iPr_4-OMe_6-Me_T100_dioxane,phosphite,1,100,dioxane,phosphite,410,5.7,28.0,0,3,7,3,1,3,31,68.8634161883799
phosphite_2-OMe_4-Me_6-OMe_T100_dioxane,phosphite,1,100,dioxane,phosphite,412,5.9,28.0,0,3,6,3,1,3,31,68.8239056640399
phosphite_2-OMe_4-OMe_6-Me_T100_dioxane,phosphite,1,100,dioxane,phosphite,412,5.9,28.0,0,3,6,3,1,3,31,68.8239056640399
phosphite_2-Me_4-OMe_6-OMe_T100_dioxane,phosphite,1,100,dioxane,phosphite,412,5.9,28.0,0,3,6,3,1,3,31,68.8239056640399
phosphite_2-CF3_4-OMe_6-OMe_T100_dioxane,phosphite,1,100,dioxane,phosphite,484,5.4,28.0,0,3,6,3,1,3,37,68.69371643606299
phosphine_2-tBu_4-Me_6-H_T100_THF,phosphine,1,100,THF,phosphine,472,6.8999999999999995,13.0,0,0,7,3,1,0,36,68.66667671670585
phosphine_2-tBu_4-H_6-Me_T100_THF,phosphine,1,100,THF,phosphine,472,6.8999999999999995,13.0,0,0,7,3,1,0,36,68.66667671670585
phosphine_2-H_4-OMe_6-F_T100_benzene,phosphine,1,100,benzene,phosphine,448,4.8999999999999995,13.0,0,1,6,3,1,1,34,68.58626660309865
phosphine_2-H_4-F_6-OMe_T100_benzene,phosphine,1,100,benzene,phosphine,448,4.8999999999999995,13.0,0,1,6,3,1,1,34,68.58626660309865
phosphine_2-F_4-OMe_6-H_T100_benzene,phosphine,1,100,benzene,phosphine,448,4.8999999999999995,13.0,0,1,6,3,1,1,34,68.58626660309865
phosphine_2-OMe_4-F_6-H_T100_benzene,phosphine,1,100,benzene,phosphine,448,4.8999999999999995,13.0,0,1,6,3,1,1,34,68.58626660309865
phosphine_2-F_4-H_6-OMe_T100_benzene,phosphine,1,100,benzene,phosphine,448,4.8999999999999995,13.0,0,1,6,3,1,1,34,68.58626660309865
phosphine_2-OMe_4-H_6-F_T100_benzene,phosphine,1,100,benzene,phosphine,448,4.8999999999999995,13.0,0,1,6,3,1,1,34,68.58626660309865
phosphite_2-OMe_4-H_6-OMe_T100_dioxane,phosphite,1,100,dioxane,phosphite,398,5.4,28.0,0,3,6,3,1,3,30,68.57770901332776
phosphite_2-OMe_4-OMe_6-H_T100_dioxane,phosphite,1,100,dioxane,phosphite,398,5.4,28.0,0,3,6,3,1,3,30,68.57770901332776
phosphite_2-H_4-OMe_6-OMe_T100_dioxane,phosphite,1,100,dioxane,phosphite,398,5.4,28.0,0,3,6,3,1,3,30,68.57770901332776
diphosphine_4-Me_T100_THF,diphosphine,2,100,THF,diphosphine,566,8.3,13.0,0,0,9,6,2,0,43,68.57677205005109
diphosphine_4-OMe_T100_THF,diphosphine,2,100,THF,diphosphine,496,8.3,13.0,0,0,9,6,2,0,38,68.57677205005109
phosphite_2-Cl_4-OMe_6-OMe_T100_THF,phosphite,1,100,THF,phosphite,432,5.4,28.0,0,3,6,3,1,3,33,68.56088795197086
phosphine_2-OMe_4-OMe_6-Cl_T100_THF,phosphine,1,100,THF,phosphine,628,5.3,13.0,0,2,6,3,1,2,48,68.37404372935131
phosphine_2-CF3_4-OMe_6-Cl_T100_THF,phosphine,1,100,THF,phosphine,754,4.8999999999999995,13.0,0,1,6,3,1,1,58,68.37404372935131
phosphine_2-CF3_4-OMe_6-F_T100_THF,phosphine,1,100,THF,phosphine,706,4.8999999999999995,13.0,0,1,6,3,1,1,54,68.37404372935131
phosphine_2-CF3_4-OMe_6-OMe_T100_THF,phosphine,1,100,THF,phosphine,784,5.3,13.0,0,2,6,3,1,2,60,68.37404372935131
phosphine_2-Cl_4-Me_6-Cl_T100_THF,phosphine,1,100,THF,phosphine,508,5.1,13.0,0,0,6,3,1,0,39,68.37404372935131
phosphine_2-Cl_4-OMe_6-H_T100_THF,phosphine,1,100,THF,phosphine,496,4.8999999999999995,13.0,0,1,6,3,1,1,38,68.37404372935131
phosphine_2-CF3_4-OMe_6-H_T100_THF,phosphine,1,100,THF,phosphine,652,4.8999999999999995,13.0,0,1,6,3,1,1,50,68.37404372935131
phosphine_2-Cl_4-OMe_6-OMe_T100_THF,phosphine,1,100,THF,phosphine,628,5.3,13.0,0,2,6,3,1,2,48,68.37404372935131
phosphine_2-Cl_4-OMe_6-F_T100_THF,phosphine,1,100,THF,phosphine,550,4.8999999999999995,13.0,0,1,6,3,1,1,42,68.37404372935131
phosphine_2-CF3_4-F_6-Me_T100_THF,phosphine,1,100,THF,phosphine,616,5.1,13.0,0,0,6,3,1,0,47,68.37404372935131
phosphine_2-CF3_4-Me_6-Cl_T100_THF,phosphine,1,100,THF,phosphine,664,5.1,13.0,0,0,6,3,1,0,51,68.37404372935131
phosphine_2-Cl_4-OMe_6-Cl_T100_THF,phosphine,1,100,THF,phosphine,598,4.8999999999999995,13.0,0,1,6,3,1,1,46,68.37404372935131
phosphine_2-CF3_4-Me_6-F_T100_THF,phosphine,1,100,THF,phosphine,616,5.1,13.0,0,0,6,3,1,0,47,68.37404372935131
phosphine_2-CF3_4-Me_6-H_T100_THF,phosphine,1,100,THF,phosphine,562,5.1,13.0,0,0,6,3,1,0,43,68.37404372935131
phosphine_2-CF3_4-H_6-Me_T100_THF,phosphine,1,100,THF,phosphine,562,5.1,13.0,0,0,6,3,1,0,43,68.37404372935131
phosphine_2-CF3_4-F_6-OMe_T100_THF,phosphine,1,100,THF,phosphine,706,4.8999999999999995,13.0,0,1,6,3,1,1,54,68.37404372935131
phosphine_2-F_4-OMe_6-OMe_T100_THF,phosphine,1,100,THF,phosphine,580,5.3,13.0,0,2,6,3,1,2,44,68.37404372935131
phosphine_2-Cl_4-F_6-OMe_T100_THF,phosphine,1,100,THF,phosphine,550,4.8999999999999995,13.0,0,1,6,3,1,1,42,68.37404372935131
phosphine_2-OMe_4-OMe_6-F_T100_THF,phosphine,1,100,THF,phosphine,580,5.3,13.0,0,2,6,3,1,2,44,68.37404372935131
phosphine_2-OMe_4-F_6-OMe_T100_THF,phosphine,1,100,THF,phosphine,580,5.3,13.0,0,2,6,3,1,2,44,68.37404372935131
phosphine_2-OMe_4-OMe_6-H_T100_THF,phosphine,1,100,THF,phosphine,526,5.3,13.0,0,2,6,3,1,2,40,68.37404372935131
phosphine_2-OMe_4-F_6-F_T100_THF,phosphine,1,100,THF,phosphine,502,4.8999999999999995,13.0,0,1,6,3,1,1,38,68.37404372935131
phosphine_2-OMe_4-H_6-Cl_T100_THF,phosphine,1,100,THF,phosphine,496,4.8999999999999995,13.0,0,1,6,3,1,1,38,68.37404372935131
phosphine_2-OMe_4-H_6-OMe_T100_THF,phosphine,1,100,THF,phosphine,526,5.3,13.0,0,2,6,3,1,2,40,68.37404372935131
phosphine_2-OMe_4-F_6-Cl_T100_THF,phosphine,1,100,THF,phosphine,550,4.8999999999999995,13.0,0,1,6,3,1,1,42,68.37404372935131
phosphine_2-CF3_4-H_6-OMe_T100_THF,phosphine,1,100,THF,phosphine,652,4.8999999999999995,13.0,0,1,6,3,1,1,50,68.37404372935131
phosphine_2-F_4-OMe_6-F_T100_THF,phosphine,1,100,THF,phosphine,502,4.8999999999999995,13.0,0,1,6,3,1,1,38,68.37404372935131
phosphine_2-F_4-OMe_6-Cl_T100_THF,phosphine,1,100,THF,phosphine,550,4.8999999999999995,13.0,0,1,6,3,1,1,42,68.37404372935131
phosphine_2-H_4-OMe_6-OMe_T100_THF,phosphine,1,100,THF,phosphine,526,5.3,13.0,0,2,6,3,1,2,40,68.37404372935131
phosphine_2-F_4-F_6-OMe_T100_THF,phosphine,1,100,THF,phosphine,502,4.8999999999999995,13.0,0,1,6,3,1,1,38,68.37404372935131
phosphine_2-H_4-OMe_6-Cl_T100_THF,phosphine,1,100,THF,phosphine,496,4.8999999999999995,13.0,0,1,6,3,1,1,38,68.37404372935131
phosphine_2-Cl_4-H_6-OMe_T100_THF,phosphine,1,100,THF,phosphine,496,4.8999999999999995,13.0,0,1,6,3,1,1,38,68.37404372935131
phosphine_2-CF3_4-F_6-Cl_T100_THF,phosphine,1,100,THF,phosphine,676,4.5,13.0,0,0,6,3,1,0,52,68.36025091635986
phosphine_2-CF3_4-F_6-F_T100_THF,phosphine,1,100,THF,phosphine,628,4.5,13.0,0,0,6,3,1,0,48,68.36025091635986
phosphine_2-CF3_4-H_6-Cl_T100_THF,phosphine,1,100,THF,phosphine,622,4.5,13.0,0,0,6,3,1,0,47,68.36025091635986
phosphine_2-CF3_4-H_6-F_T100_THF,phosphine,1,100,THF,phosphine,574,4.5,13.0,0,0,6,3,1,0,44,68.36025091635986
phosphine_2-CF3_4-F_6-H_T100_THF,phosphine,1,100,THF,phosphine,574,4.5,13.0,0,0,6,3,1,0,44,68.36025091635986
phosphine_2-CF3_4-H_6-H_T100_THF,phosphine,1,100,THF,phosphine,520,4.5,13.0,0,0,6,3,1,0,40,68.36025091635986
phosphine_2-Cl_4-F_6-Cl_T100_THF,phosphine,1,100,THF,phosphine,520,4.5,13.0,0,0,6,3,1,0,40,68.36025091635986
phosphite_2-CF3_4-H_6-Me_T100_dioxane,phosphite,1,100,dioxane,phosphite,410,5.5,28.0,0,3,6,3,1,3,31,68.33220407237573
phosphite_2-CF3_4-Me_6-H_T100_dioxane,phosphite,1,100,dioxane,phosphite,410,5.5,28.0,0,3,6,3,1,3,31,68.33220407237573
phosphine_2-NMe2_4-F_6-F_T100_dioxane,phosphine,1,100,dioxane,phosphine,412,5.1,13.0,0,0,6,3,1,0,31,68.3303858640647
phosphine_2-Cl_4-Me_6-H_T100_dioxane,phosphine,1,100,dioxane,phosphine,406,5.1,13.0,0,0,6,3,1,0,31,68.3303858640647
phosphine_2-F_4-Me_6-F_T100_dioxane,phosphine,1,100,dioxane,phosphine,412,5.1,13.0,0,0,6,3,1,0,31,68.3303858640647
phosphine_2-NMe2_4-H_6-Cl_T100_dioxane,phosphine,1,100,dioxane,phosphine,406,5.1,13.0,0,0,6,3,1,0,31,68.3303858640647
phosphine_2-Me_4-H_6-Cl_T100_dioxane,phosphine,1,100,dioxane,phosphine,406,5.1,13.0,0,0,6,3,1,0,31,68.3303858640647
phosphine_2-F_4-F_6-Me_T100_dioxane,phosphine,1,100,dioxane,phosphine,412,5.1,13.0,0,0,6,3,1,0,31,68.3303858640647
phosphine_2-Cl_4-H_6-Me_T100_dioxane,phosphine,1,100,dioxane,phosphine,406,5.1,13.0,0,0,6,3,1,0,31,68.3303858640647
phosphine_2-Me_4-F_6-F_T100_dioxane,phosphine,1,100,dioxane,phosphine,412,5.1,13.0,0,0,6,3,1,0,31,68.3303858640647
phosphine_2-H_4-Me_6-Cl_T100_dioxane,phosphine,1,100,dioxane,phosphine,406,5.1,13.0,0,0,6,3,1,0,31,68.3303858640647
phosphine_2-iPr_4-F_6-Me_T100_dioxane,phosphine,1,100,dioxane,phosphine,484,5.1,13.0,0,0,7,3,1,0,37,68.2949128765105
phosphine_2-iPr_4-Me_6-F_T100_dioxane,phosphine,1,100,dioxane,phosphine,484,5.1,13.0,0,0,7,3,1,0,37,68.2949128765105
phosphine_2-Cl_4-F_6-H_T100_dioxane,phosphine,1,100,dioxane,phosphine,418,4.5,13.0,0,0,6,3,1,0,32,68.27902777146365
phosphine_2-F_4-H_6-Cl_T100_dioxane,phosphine,1,100,dioxane,phosphine,418,4.5,13.0,0,0,6,3,1,0,32,68.27902777146365
phosphine_2-H_4-F_6-Cl_T100_dioxane,phosphine,1,100,dioxane,phosphine,418,4.5,13.0,0,0,6,3,1,0,32,68.27902777146365
phosphine_2-Cl_4-H_6-F_T100_dioxane,phosphine,1,100,dioxane,phosphine,418,4.5,13.0,0,0,6,3,1,0,32,68.27902777146365
phosphine_2-F_4-F_6-Cl_T100_toluene,phosphine,1,100,toluene,phosphine,472,4.5,13.0,0,0,6,3,1,0,36,68.27834734617652
phosphine_2-Cl_4-F_6-F_T100_toluene,phosphine,1,100,toluene,phosphine,472,4.5,13.0,0,0,6,3,1,0,36,68.27834734617652
phosphite_2-CF3_4-F_6-Me_T100_THF,phosphite,1,100,THF,phosphite,428,5.5,28.0,0,3,6,3,1,3,32,68.25725858803351
phosphite_2-iPr_4-OMe_6-OMe_T100_dioxane,phosphite,1,100,dioxane,phosphite,440,5.4,28.0,0,3,7,3,1,3,33,68.24726941291367
phosphine_2-iPr_4-Me_6-OMe_T100_THF,phosphine,1,100,THF,phosphine,562,5.5,13.0,0,1,7,3,1,1,43,68.23198013912875
phosphine_2-iPr_4-OMe_6-Me_T100_THF,phosphine,1,100,THF,phosphine,562,5.5,13.0,0,1,7,3,1,1,43,68.23198013912875
phosphite_2-iPr_4-F_6-OMe_T100_THF,phosphite,1,100,THF,phosphite,414,5.2,28.0,0,3,7,3,1,3,31,68.21588095351063
phosphine_2-Cl_4-Me_6-Me_T100_hexane,phosphine,1,100,hexane,phosphine,448,5.7,13.0,0,0,6,3,1,0,34,68.19462592178951
phosphine_2-Me_4-Me_6-Cl_T100_hexane,phosphine,1,100,hexane,phosphine,448,5.7,13.0,0,0,6,3,1,0,34,68.19462592178951
phosphine_2-NMe2_4-Me_6-Cl_T100_hexane,phosphine,1,100,hexane,phosphine,448,5.7,13.0,0,0,6,3,1,0,34,68.19462592178951
phosphite_2-tBu_4-OMe_6-OMe_T100_THF,phosphite,1,100,THF,phosphite,454,6.9,28.0,0,3,7,3,1,3,34,68.18773036031085
phosphine_2-Me_4-H_6-OMe_T100_xylene,phosphine,1,100,xylene,phosphine,436,5.5,13.0,0,1,6,3,1,1,33,68.18295578840959
phosphine_2-NMe2_4-OMe_6-H_T100_xylene,phosphine,1,100,xylene,phosphine,436,5.5,13.0,0,1,6,3,1,1,33,68.18295578840959
phosphine_2-OMe_4-H_6-Me_T100_xylene,phosphine,1,100,xylene,phosphine,436,5.5,13.0,0,1,6,3,1,1,33,68.18295578840959
phosphine_2-OMe_4-Me_6-H_T100_xylene,phosphine,1,100,xylene,phosphine,436,5.5,13.0,0,1,6,3,1,1,33,68.18295578840959
phosphine_2-H_4-OMe_6-Me_T100_xylene,phosphine,1,100,xylene,phosphine,436,5.5,13.0,0,1,6,3,1,1,33,68.18295578840959
phosphine_2-NMe2_4-H_6-OMe_T100_xylene,phosphine,1,100,xylene,phosphine,436,5.5,13.0,0,1,6,3,1,1,33,68.18295578840959
phosphine_2-H_4-Me_6-OMe_T100_xylene,phosphine,1,100,xylene,phosphine,436,5.5,13.0,0,1,6,3,1,1,33,68.18295578840959
phosphine_2-Me_4-OMe_6-H_T100_xylene,phosphine,1,100,xylene,phosphine,436,5.5,13.0,0,1,6,3,1,1,33,68.18295578840959
phosphine_2-iPr_4-H_6-Me_T100_THF,phosphine,1,100,THF,phosphine,430,5.1,13.0,0,0,7,3,1,0,33,68.1477979238192
phosphine_2-iPr_4-Me_6-H_T100_THF,phosphine,1,100,THF,phosphine,430,5.1,13.0,0,0,7,3,1,0,33,68.1477979238192
phosphine_2-NMe2_4-Me_6-Cl_T100_benzene,phosphine,1,100,benzene,phosphine,448,5.7,13.0,0,0,6,3,1,0,34,68.06932528938148
phosphine_2-Cl_4-Me_6-Me_T100_benzene,phosphine,1,100,benzene,phosphine,448,5.7,13.0,0,0,6,3,1,0,34,68.06932528938148
phosphine_2-Me_4-Me_6-Cl_T100_benzene,phosphine,1,100,benzene,phosphine,448,5.7,13.0,0,0,6,3,1,0,34,68.06932528938148
phosphine_2-NMe2_4-OMe_6-OMe_T100_THF,phosphine,1,100,THF,phosphine,568,5.8999999999999995,13.0,0,2,6,3,1,2,43,67.98276391602658
phosphine_2-Me_4-OMe_6-OMe_T100_THF,phosphine,1,100,THF,phosphine,568,5.8999999999999995,13.0,0,2,6,3,1,2,43,67.98276391602658
phosphine_2-OMe_4-Me_6-OMe_T100_THF,phosphine,1,100,THF,phosphine,568,5.8999999999999995,13.0,0,2,6,3,1,2,43,67.98276391602658
phosphine_2-OMe_4-OMe_6-Me_T100_THF,phosphine,1,100,THF,phosphine,568,5.8999999999999995,13.0,0,2,6,3,1,2,43,67.98276391602658
phosphite_2-Cl_4-OMe_6-Me_T100_dioxane,phosphite,1,100,dioxane,phosphite,402,5.7,28.0,0,3,6,3,1,3,30,67.97126852867757
phosphite_2-Cl_4-Me_6-OMe_T100_dioxane,phosphite,1,100,dioxane,phosphite,402,5.7,28.0,0,3,6,3,1,3,30,67.97126852867757
phosphine_2-iPr_4-F_6-H_T100_toluene,phosphine,1,100,toluene,phosphine,442,4.5,13.0,0,0,7,3,1,0,34,67.9328789363597
phosphine_2-iPr_4-H_6-F_T100_toluene,phosphine,1,100,toluene,phosphine,442,4.5,13.0,0,0,7,3,1,0,34,67.9328789363597
phosphine_2-Me_4-H_6-OMe_T100_hexane,phosphine,1,100,hexane,phosphine,436,5.5,13.0,0,1,6,3,1,1,33,67.91849007197264
phosphine_2-NMe2_4-H_6-OMe_T100_hexane,phosphine,1,100,hexane,phosphine,436,5.5,13.0,0,1,6,3,1,1,33,67.91849007197264
phosphine_2-NMe2_4-OMe_6-H_T100_hexane,phosphine,1,100,hexane,phosphine,436,5.5,13.0,0,1,6,3,1,1,33,67.91849007197264
phosphine_2-H_4-OMe_6-Me_T100_hexane,phosphine,1,100,hexane,phosphine,436,5.5,13.0,0,1,6,3,1,1,33,67.91849007197264
phosphine_2-Me_4-OMe_6-H_T100_hexane,phosphine,1,100,hexane,phosphine,436,5.5,13.0,0,1,6,3,1,1,33,67.91849007197264
phosphine_2-H_4-Me_6-OMe_T100_hexane,phosphine,1,100,hexane,phosphine,436,5.5,13.0,0,1,6,3,1,1,33,67.91849007197264
phosphine_2-OMe_4-H_6-Me_T100_hexane,phosphine,1,100,hexane,phosphine,436,5.5,13.0,0,1,6,3,1,1,33,67.91849007197264
phosphine_2-OMe_4-Me_6-H_T100_hexane,phosphine,1,100,hexane,phosphine,436,5.5,13.0,0,1,6,3,1,1,33,67.91849007197264
phosphine_2-tBu_4-H_6-F_T100_THF,phosphine,1,100,THF,phosphine,484,6.3,13.0,0,0,7,3,1,0,37,67.85377639939533
phosphine_2-tBu_4-F_6-H_T100_THF,phosphine,1,100,THF,phosphine,484,6.3,13.0,0,0,7,3,1,0,37,67.85377639939533
phosphine_2-F_4-F_6-F_T100_THF,phosphine,1,100,THF,phosphine,424,4.5,13.0,0,0,6,3,1,0,32,67.82467167496556
phosphine_2-H_4-OMe_6-Me_T100_benzene,phosphine,1,100,benzene,phosphine,436,5.5,13.0,0,1,6,3,1,1,33,67.80338954934103
phosphine_2-NMe2_4-OMe_6-H_T100_benzene,phosphine,1,100,benzene,phosphine,436,5.5,13.0,0,1,6,3,1,1,33,67.80338954934103
phosphine_2-OMe_4-H_6-Me_T100_benzene,phosphine,1,100,benzene,phosphine,436,5.5,13.0,0,1,6,3,1,1,33,67.80338954934103
phosphine_2-Me_4-H_6-OMe_T100_benzene,phosphine,1,100,benzene,phosphine,436,5.5,13.0,0,1,6,3,1,1,33,67.80338954934103
phosphine_2-OMe_4-Me_6-H_T100_benzene,phosphine,1,100,benzene,phosphine,436,5.5,13.0,0,1,6,3,1,1,33,67.80338954934103
phosphine_2-NMe2_4-H_6-OMe_T100_benzene,phosphine,1,100,benzene,phosphine,436,5.5,13.0,0,1,6,3,1,1,33,67.80338954934103
phosphine_2-Me_4-OMe_6-H_T100_benzene,phosphine,1,100,benzene,phosphine,436,5.5,13.0,0,1,6,3,1,1,33,67.80338954934103
phosphine_2-H_4-Me_6-OMe_T100_benzene,phosphine,1,100,benzene,phosphine,436,5.5,13.0,0,1,6,3,1,1,33,67.80338954934103
phosphite_2-CF3_4-OMe_6-H_T100_dioxane,phosphite,1,100,dioxane,phosphite,440,5.2,28.0,0,3,6,3,1,3,33,67.76896790293699
phosphite_2-CF3_4-H_6-OMe_T100_dioxane,phosphite,1,100,dioxane,phosphite,440,5.2,28.0,0,3,6,3,1,3,33,67.76896790293699
phosphite_2-CF3_4-F_6-OMe_T100_dioxane,phosphite,1,100,dioxane,phosphite,458,5.2,28.0,0,3,6,3,1,3,35,67.67759012743639
phosphine_2-Cl_4-H_6-Cl_T100_toluene,phosphine,1,100,toluene,phosphine,466,4.5,13.0,0,0,6,3,1,0,35,67.66294741341251
phosphine_2-Me_4-Me_6-Cl_T100_toluene,phosphine,1,100,toluene,phosphine,448,5.7,13.0,0,0,6,3,1,0,34,67.66210370244714
phosphine_2-NMe2_4-Me_6-Cl_T100_toluene,phosphine,1,100,toluene,phosphine,448,5.7,13.0,0,0,6,3,1,0,34,67.66210370244714
phosphine_2-Cl_4-Me_6-Me_T100_toluene,phosphine,1,100,toluene,phosphine,448,5.7,13.0,0,0,6,3,1,0,34,67.66210370244714
phosphite_2-F_4-OMe_6-OMe_T100_THF,phosphite,1,100,THF,phosphite,416,5.4,28.0,0,3,6,3,1,3,32,67.63803377342148
phosphite_2-OMe_4-F_6-OMe_T100_THF,phosphite,1,100,THF,phosphite,416,5.4,28.0,0,3,6,3,1,3,32,67.63803377342148
phosphite_2-CF3_4-F_6-H_T100_THF,phosphite,1,100,THF,phosphite,414,5.0,28.0,0,3,6,3,1,3,31,67.62699812403459
phosphite_2-Cl_4-F_6-OMe_T100_THF,phosphite,1,100,THF,phosphite,406,5.2,28.0,0,3,6,3,1,3,31,67.62699812403459
phosphine_2-NMe2_4-F_6-Cl_T100_toluene,phosphine,1,100,toluene,phosphine,460,5.1,13.0,0,0,6,3,1,0,35,67.61072045510161
phosphine_2-Cl_4-F_6-Me_T100_toluene,phosphine,1,100,toluene,phosphine,460,5.1,13.0,0,0,6,3,1,0,35,67.61072045510161
phosphine_2-Me_4-F_6-Cl_T100_toluene,phosphine,1,100,toluene,phosphine,460,5.1,13.0,0,0,6,3,1,0,35,67.61072045510161
phosphine_2-F_4-Me_6-Cl_T100_toluene,phosphine,1,100,toluene,phosphine,460,5.1,13.0,0,0,6,3,1,0,35,67.61072045510161
phosphine_2-Cl_4-Me_6-F_T100_toluene,phosphine,1,100,toluene,phosphine,460,5.1,13.0,0,0,6,3,1,0,35,67.61072045510161
phosphine_2-iPr_4-Me_6-Me_T100_dioxane,phosphine,1,100,dioxane,phosphine,472,5.7,13.0,0,0,7,3,1,0,36,67.59704820789655
phosphine_2-Cl_4-F_6-F_T100_dioxane,phosphine,1,100,dioxane,phosphine,472,4.5,13.0,0,0,6,3,1,0,36,67.57651949498533
phosphine_2-F_4-F_6-Cl_T100_dioxane,phosphine,1,100,dioxane,phosphine,472,4.5,13.0,0,0,6,3,1,0,36,67.57651949498533
phosphite_2-iPr_4-OMe_6-Me_T100_THF,phosphite,1,100,THF,phosphite,410,5.7,28.0,0,3,7,3,1,3,31,67.54756702764239
phosphite_2-iPr_4-Me_6-OMe_T100_THF,phosphite,1,100,THF,phosphite,410,5.7,28.0,0,3,7,3,1,3,31,67.54756702764239
phosphine_2-CF3_4-Me_6-Me_T100_THF,phosphine,1,100,THF,phosphine,604,5.7,13.0,0,0,6,3,1,0,46,67.50152647583079
phosphine_2-OMe_4-OMe_6-OMe_T100_THF,phosphine,1,100,THF,phosphine,658,5.699999999999999,13.0,0,3,6,3,1,3,50,67.50152647583079
phosphite_2-Me_4-OMe_6-OMe_T100_THF,phosphite,1,100,THF,phosphite,412,5.9,28.0,0,3,6,3,1,3,31,67.46620443225169
phosphite_2-OMe_4-OMe_6-Me_T100_THF,phosphite,1,100,THF,phosphite,412,5.9,28.0,0,3,6,3,1,3,31,67.46620443225169
phosphite_2-OMe_4-Me_6-OMe_T100_THF,phosphite,1,100,THF,phosphite,412,5.9,28.0,0,3,6,3,1,3,31,67.46620443225169
phosphine_2-CF3_4-Me_6-OMe_T100_THF,phosphine,1,100,THF,phosphine,694,5.5,13.0,0,1,6,3,1,1,53,67.37031156404116
phosphine_2-Cl_4-Me_6-OMe_T100_THF,phosphine,1,100,THF,phosphine,538,5.5,13.0,0,1,6,3,1,1,41,67.37031156404116
phosphine_2-CF3_4-OMe_6-Me_T100_THF,phosphine,1,100,THF,phosphine,694,5.5,13.0,0,1,6,3,1,1,53,67.37031156404116
phosphine_2-Me_4-OMe_6-Cl_T100_THF,phosphine,1,100,THF,phosphine,538,5.5,13.0,0,1,6,3,1,1,41,67.37031156404116
phosphine_2-F_4-Me_6-OMe_T100_THF,phosphine,1,100,THF,phosphine,490,5.5,13.0,0,1,6,3,1,1,37,67.37031156404116
phosphine_2-F_4-OMe_6-Me_T100_THF,phosphine,1,100,THF,phosphine,490,5.5,13.0,0,1,6,3,1,1,37,67.37031156404116
phosphine_2-OMe_4-F_6-Me_T100_THF,phosphine,1,100,THF,phosphine,490,5.5,13.0,0,1,6,3,1,1,37,67.37031156404116
phosphine_2-Me_4-OMe_6-F_T100_THF,phosphine,1,100,THF,phosphine,490,5.5,13.0,0,1,6,3,1,1,37,67.37031156404116
phosphine_2-NMe2_4-OMe_6-F_T100_THF,phosphine,1,100,THF,phosphine,490,5.5,13.0,0,1,6,3,1,1,37,67.37031156404116
phosphine_2-NMe2_4-OMe_6-Cl_T100_THF,phosphine,1,100,THF,phosphine,538,5.5,13.0,0,1,6,3,1,1,41,67.37031156404116
phosphine_2-Cl_4-OMe_6-Me_T100_THF,phosphine,1,100,THF,phosphine,538,5.5,13.0,0,1,6,3,1,1,41,67.37031156404116
phosphine_2-OMe_4-Me_6-Cl_T100_THF,phosphine,1,100,THF,phosphine,538,5.5,13.0,0,1,6,3,1,1,41,67.37031156404116
phosphine_2-OMe_4-Me_6-F_T100_THF,phosphine,1,100,THF,phosphine,490,5.5,13.0,0,1,6,3,1,1,37,67.37031156404116
phosphine_2-Me_4-F_6-OMe_T100_THF,phosphine,1,100,THF,phosphine,490,5.5,13.0,0,1,6,3,1,1,37,67.37031156404116
phosphine_2-NMe2_4-F_6-OMe_T100_THF,phosphine,1,100,THF,phosphine,490,5.5,13.0,0,1,6,3,1,1,37,67.37031156404116
phosphite_2-CF3_4-OMe_6-OMe_T100_THF,phosphite,1,100,THF,phosphite,484,5.4,28.0,0,3,6,3,1,3,37,67.3464148015248
phosphine_2-OMe_4-H_6-F_T100_toluene,phosphine,1,100,toluene,phosphine,448,4.8999999999999995,13.0,0,1,6,3,1,1,34,67.32879373417437
phosphine_2-F_4-H_6-OMe_T100_toluene,phosphine,1,100,toluene,phosphine,448,4.8999999999999995,13.0,0,1,6,3,1,1,34,67.32879373417437
phosphine_2-H_4-OMe_6-F_T100_toluene,phosphine,1,100,toluene,phosphine,448,4.8999999999999995,13.0,0,1,6,3,1,1,34,67.32879373417437
phosphine_2-F_4-OMe_6-H_T100_toluene,phosphine,1,100,toluene,phosphine,448,4.8999999999999995,13.0,0,1,6,3,1,1,34,67.32879373417437
phosphine_2-OMe_4-F_6-H_T100_toluene,phosphine,1,100,toluene,phosphine,448,4.8999999999999995,13.0,0,1,6,3,1,1,34,67.32879373417437
phosphine_2-H_4-F_6-OMe_T100_toluene,phosphine,1,100,toluene,phosphine,448,4.8999999999999995,13.0,0,1,6,3,1,1,34,67.32879373417437
phosphine_2-iPr_4-F_6-H_T100_dioxane,phosphine,1,100,dioxane,phosphine,442,4.5,13.0,0,0,7,3,1,0,34,67.30777060139656
phosphine_2-iPr_4-H_6-F_T100_dioxane,phosphine,1,100,dioxane,phosphine,442,4.5,13.0,0,0,7,3,1,0,34,67.30777060139656
phosphite_2-OMe_4-OMe_6-OMe_T100_dioxane,phosphite,1,100,dioxane,phosphite,442,5.6,28.0,0,3,6,3,1,3,34,67.2424679625419
phosphine_2-NMe2_4-Me_6-OMe_T100_dioxane,phosphine,1,100,dioxane,phosphine,478,6.1,13.0,0,1,6,3,1,1,36,67.21530312875157
phosphine_2-NMe2_4-OMe_6-Me_T100_dioxane,phosphine,1,100,dioxane,phosphine,478,6.1,13.0,0,1,6,3,1,1,36,67.21530312875157
phosphine_2-Me_4-OMe_6-Me_T100_dioxane,phosphine,1,100,dioxane,phosphine,478,6.1,13.0,0,1,6,3,1,1,36,67.21530312875157
phosphine_2-OMe_4-Me_6-Me_T100_dioxane,phosphine,1,100,dioxane,phosphine,478,6.1,13.0,0,1,6,3,1,1,36,67.21530312875157
phosphine_2-Me_4-Me_6-OMe_T100_dioxane,phosphine,1,100,dioxane,phosphine,478,6.1,13.0,0,1,6,3,1,1,36,67.21530312875157
phosphine_2-H_4-Me_6-OMe_T100_toluene,phosphine,1,100,toluene,phosphine,436,5.5,13.0,0,1,6,3,1,1,33,67.19962437747178
phosphine_2-NMe2_4-OMe_6-H_T100_toluene,phosphine,1,100,toluene,phosphine,436,5.5,13.0,0,1,6,3,1,1,33,67.19962437747178
phosphine_2-Me_4-OMe_6-H_T100_toluene,phosphine,1,100,toluene,phosphine,436,5.5,13.0,0,1,6,3,1,1,33,67.19962437747178
phosphine_2-OMe_4-Me_6-H_T100_toluene,phosphine,1,100,toluene,phosphine,436,5.5,13.0,0,1,6,3,1,1,33,67.19962437747178
phosphine_2-NMe2_4-H_6-OMe_T100_toluene,phosphine,1,100,toluene,phosphine,436,5.5,13.0,0,1,6,3,1,1,33,67.19962437747178
phosphine_2-Me_4-H_6-OMe_T100_toluene,phosphine,1,100,toluene,phosphine,436,5.5,13.0,0,1,6,3,1,1,33,67.19962437747178
phosphine_2-OMe_4-H_6-Me_T100_toluene,phosphine,1,100,toluene,phosphine,436,5.5,13.0,0,1,6,3,1,1,33,67.19962437747178
phosphine_2-H_4-OMe_6-Me_T100_toluene,phosphine,1,100,toluene,phosphine,436,5.5,13.0,0,1,6,3,1,1,33,67.19962437747178
phosphite_2-OMe_4-OMe_6-H_T100_THF,phosphite,1,100,THF,phosphite,398,5.4,28.0,0,3,6,3,1,3,30,67.15238196061368
phosphite_2-OMe_4-H_6-OMe_T100_THF,phosphite,1,100,THF,phosphite,398,5.4,28.0,0,3,6,3,1,3,30,67.15238196061368
phosphite_2-H_4-OMe_6-OMe_T100_THF,phosphite,1,100,THF,phosphite,398,5.4,28.0,0,3,6,3,1,3,30,67.15238196061368
phosphite_2-CF3_4-Me_6-OMe_T100_dioxane,phosphite,1,100,dioxane,phosphite,454,5.7,28.0,0,3,6,3,1,3,34,67.15109018704129
phosphite_2-CF3_4-OMe_6-Me_T100_dioxane,phosphite,1,100,dioxane,phosphite,454,5.7,28.0,0,3,6,3,1,3,34,67.15109018704129
phosphine_2-NMe2_4-Me_6-F_T100_dioxane,phosphine,1,100,dioxane,phosphine,400,5.7,13.0,0,0,6,3,1,0,30,67.09556848616612
phosphine_2-Me_4-Me_6-F_T100_dioxane,phosphine,1,100,dioxane,phosphine,400,5.7,13.0,0,0,6,3,1,0,30,67.09556848616612
phosphine_2-NMe2_4-F_6-Me_T100_dioxane,phosphine,1,100,dioxane,phosphine,400,5.7,13.0,0,0,6,3,1,0,30,67.09556848616612
phosphine_2-F_4-Me_6-Me_T100_dioxane,phosphine,1,100,dioxane,phosphine,400,5.7,13.0,0,0,6,3,1,0,30,67.09556848616612
phosphine_2-Me_4-F_6-Me_T100_dioxane,phosphine,1,100,dioxane,phosphine,400,5.7,13.0,0,0,6,3,1,0,30,67.09556848616612
phosphine_2-iPr_4-F_6-Me_T100_THF,phosphine,1,100,THF,phosphine,484,5.1,13.0,0,0,7,3,1,0,37,66.93332477337314
phosphine_2-iPr_4-Me_6-F_T100_THF,phosphine,1,100,THF,phosphine,484,5.1,13.0,0,0,7,3,1,0,37,66.93332477337314
phosphite_2-iPr_4-OMe_6-OMe_T100_THF,phosphite,1,100,THF,phosphite,440,5.4,28.0,0,3,7,3,1,3,33,66.8694814939111
phosphine_2-Cl_4-H_6-Cl_T100_dioxane,phosphine,1,100,dioxane,phosphine,466,4.5,13.0,0,0,6,3,1,0,35,66.86517366328445
phosphine_2-Me_4-F_6-F_T100_THF,phosphine,1,100,THF,phosphine,412,5.1,13.0,0,0,6,3,1,0,31,66.84096103694732
phosphine_2-NMe2_4-H_6-Cl_T100_THF,phosphine,1,100,THF,phosphine,406,5.1,13.0,0,0,6,3,1,0,31,66.84096103694732
phosphine_2-Me_4-H_6-Cl_T100_THF,phosphine,1,100,THF,phosphine,406,5.1,13.0,0,0,6,3,1,0,31,66.84096103694732
phosphine_2-F_4-F_6-Me_T100_THF,phosphine,1,100,THF,phosphine,412,5.1,13.0,0,0,6,3,1,0,31,66.84096103694732
phosphine_2-H_4-Me_6-Cl_T100_THF,phosphine,1,100,THF,phosphine,406,5.1,13.0,0,0,6,3,1,0,31,66.84096103694732
phosphine_2-Cl_4-H_6-Me_T100_THF,phosphine,1,100,THF,phosphine,406,5.1,13.0,0,0,6,3,1,0,31,66.84096103694732
phosphine_2-F_4-Me_6-F_T100_THF,phosphine,1,100,THF,phosphine,412,5.1,13.0,0,0,6,3,1,0,31,66.84096103694732
phosphine_2-Cl_4-Me_6-H_T100_THF,phosphine,1,100,THF,phosphine,406,5.1,13.0,0,0,6,3,1,0,31,66.84096103694732
phosphine_2-NMe2_4-F_6-F_T100_THF,phosphine,1,100,THF,phosphine,412,5.1,13.0,0,0,6,3,1,0,31,66.84096103694732
phosphine_2-Me_4-F_6-Cl_T100_dioxane,phosphine,1,100,dioxane,phosphine,460,5.1,13.0,0,0,6,3,1,0,35,66.82795953362816
phosphine_2-Cl_4-F_6-Me_T100_dioxane,phosphine,1,100,dioxane,phosphine,460,5.1,13.0,0,0,6,3,1,0,35,66.82795953362816
phosphine_2-Cl_4-Me_6-F_T100_dioxane,phosphine,1,100,dioxane,phosphine,460,5.1,13.0,0,0,6,3,1,0,35,66.82795953362816
phosphine_2-F_4-Me_6-Cl_T100_dioxane,phosphine,1,100,dioxane,phosphine,460,5.1,13.0,0,0,6,3,1,0,35,66.82795953362816
phosphine_2-NMe2_4-F_6-Cl_T100_dioxane,phosphine,1,100,dioxane,phosphine,460,5.1,13.0,0,0,6,3,1,0,35,66.82795953362816
phosphite_2-CF3_4-Me_6-H_T100_THF,phosphite,1,100,THF,phosphite,410,5.5,28.0,0,3,6,3,1,3,31,66.80913578597148
phosphite_2-CF3_4-H_6-Me_T100_THF,phosphite,1,100,THF,phosphite,410,5.5,28.0,0,3,6,3,1,3,31,66.80913578597148
phosphine_2-Cl_4-F_6-H_T100_THF,phosphine,1,100,THF,phosphine,418,4.5,13.0,0,0,6,3,1,0,32,66.80461577300088
phosphine_2-F_4-H_6-Cl_T100_THF,phosphine,1,100,THF,phosphine,418,4.5,13.0,0,0,6,3,1,0,32,66.80461577300088
phosphine_2-H_4-F_6-Cl_T100_THF,phosphine,1,100,THF,phosphine,418,4.5,13.0,0,0,6,3,1,0,32,66.80461577300088
phosphine_2-Cl_4-H_6-F_T100_THF,phosphine,1,100,THF,phosphine,418,4.5,13.0,0,0,6,3,1,0,32,66.80461577300088
phosphine_2-F_4-H_6-OMe_T100_dioxane,phosphine,1,100,dioxane,phosphine,448,4.8999999999999995,13.0,0,1,6,3,1,1,34,66.54603281270091
phosphine_2-H_4-OMe_6-F_T100_dioxane,phosphine,1,100,dioxane,phosphine,448,4.8999999999999995,13.0,0,1,6,3,1,1,34,66.54603281270091
phosphine_2-H_4-F_6-OMe_T100_dioxane,phosphine,1,100,dioxane,phosphine,448,4.8999999999999995,13.0,0,1,6,3,1,1,34,66.54603281270091
phosphine_2-OMe_4-F_6-H_T100_dioxane,phosphine,1,100,dioxane,phosphine,448,4.8999999999999995,13.0,0,1,6,3,1,1,34,66.54603281270091
phosphine_2-F_4-OMe_6-H_T100_dioxane,phosphine,1,100,dioxane,phosphine,448,4.8999999999999995,13.0,0,1,6,3,1,1,34,66.54603281270091
phosphine_2-OMe_4-H_6-F_T100_dioxane,phosphine,1,100,dioxane,phosphine,448,4.8999999999999995,13.0,0,1,6,3,1,1,34,66.54603281270091
phosphite_2-Cl_4-OMe_6-Me_T100_THF,phosphite,1,100,THF,phosphite,402,5.7,28.0,0,3,6,3,1,3,30,66.4657345343402
phosphite_2-Cl_4-Me_6-OMe_T100_THF,phosphite,1,100,THF,phosphite,402,5.7,28.0,0,3,6,3,1,3,30,66.4657345343402
phosphite_2-CF3_4-F_6-OMe_T100_THF,phosphite,1,100,THF,phosphite,458,5.2,28.0,0,3,6,3,1,3,35,66.31270995745246
phosphite_2-CF3_4-OMe_6-H_T100_THF,phosphite,1,100,THF,phosphite,440,5.2,28.0,0,3,6,3,1,3,33,66.28059866443505
phosphite_2-CF3_4-H_6-OMe_T100_THF,phosphite,1,100,THF,phosphite,440,5.2,28.0,0,3,6,3,1,3,33,66.28059866443505
phosphine_2-iPr_4-Me_6-Me_T100_THF,phosphine,1,100,THF,phosphine,472,5.7,13.0,0,0,7,3,1,0,36,66.10472850011598
phosphine_2-Cl_4-F_6-F_T100_THF,phosphine,1,100,THF,phosphine,472,4.5,13.0,0,0,6,3,1,0,36,66.10178436555746
phosphine_2-F_4-F_6-Cl_T100_THF,phosphine,1,100,THF,phosphine,472,4.5,13.0,0,0,6,3,1,0,36,66.10178436555746
phosphine_2-iPr_4-H_6-F_T100_THF,phosphine,1,100,THF,phosphine,442,4.5,13.0,0,0,7,3,1,0,34,65.82012772295005
phosphine_2-iPr_4-F_6-H_T100_THF,phosphine,1,100,THF,phosphine,442,4.5,13.0,0,0,7,3,1,0,34,65.82012772295005
phosphine_2-Cl_4-Me_6-Me_T100_dioxane,phosphine,1,100,dioxane,phosphine,448,5.7,13.0,0,0,6,3,1,0,34,65.80500212878309
phosphine_2-Me_4-Me_6-Cl_T100_dioxane,phosphine,1,100,dioxane,phosphine,448,5.7,13.0,0,0,6,3,1,0,34,65.80500212878309
phosphine_2-NMe2_4-Me_6-Cl_T100_dioxane,phosphine,1,100,dioxane,phosphine,448,5.7,13.0,0,0,6,3,1,0,34,65.80500212878309
phosphine_2-H_4-Me_6-OMe_T100_dioxane,phosphine,1,100,dioxane,phosphine,436,5.5,13.0,0,1,6,3,1,1,33,65.72438627404573
phosphine_2-OMe_4-Me_6-H_T100_dioxane,phosphine,1,100,dioxane,phosphine,436,5.5,13.0,0,1,6,3,1,1,33,65.72438627404573
phosphine_2-NMe2_4-H_6-OMe_T100_dioxane,phosphine,1,100,dioxane,phosphine,436,5.5,13.0,0,1,6,3,1,1,33,65.72438627404573
phosphine_2-NMe2_4-OMe_6-H_T100_dioxane,phosphine,1,100,dioxane,phosphine,436,5.5,13.0,0,1,6,3,1,1,33,65.72438627404573
phosphine_2-Me_4-OMe_6-H_T100_dioxane,phosphine,1,100,dioxane,phosphine,436,5.5,13.0,0,1,6,3,1,1,33,65.72438627404573
phosphine_2-H_4-OMe_6-Me_T100_dioxane,phosphine,1,100,dioxane,phosphine,436,5.5,13.0,0,1,6,3,1,1,33,65.72438627404573
phosphine_2-Me_4-H_6-OMe_T100_dioxane,phosphine,1,100,dioxane,phosphine,436,5.5,13.0,0,1,6,3,1,1,33,65.72438627404573
phosphine_2-OMe_4-H_6-Me_T100_dioxane,phosphine,1,100,dioxane,phosphine,436,5.5,13.0,0,1,6,3,1,1,33,65.72438627404573
phosphine_2-Me_4-OMe_6-Me_T100_THF,phosphine,1,100,THF,phosphine,478,6.1,13.0,0,1,6,3,1,1,36,65.69870988536606
phosphine_2-NMe2_4-Me_6-OMe_T100_THF,phosphine,1,100,THF,phosphine,478,6.1,13.0,0,1,6,3,1,1,36,65.69870988536606
phosphine_2-Me_4-Me_6-OMe_T100_THF,phosphine,1,100,THF,phosphine,478,6.1,13.0,0,1,6,3,1,1,36,65.69870988536606
phosphine_2-NMe2_4-OMe_6-Me_T100_THF,phosphine,1,100,THF,phosphine,478,6.1,13.0,0,1,6,3,1,1,36,65.69870988536606
phosphine_2-OMe_4-Me_6-Me_T100_THF,phosphine,1,100,THF,phosphine,478,6.1,13.0,0,1,6,3,1,1,36,65.69870988536606
phosphite_2-CF3_4-Me_6-OMe_T100_THF,phosphite,1,100,THF,phosphite,454,5.7,28.0,0,3,6,3,1,3,34,65.65472344745466
phosphite_2-CF3_4-OMe_6-Me_T100_THF,phosphite,1,100,THF,phosphite,454,5.7,28.0,0,3,6,3,1,3,34,65.65472344745466
phosphite_2-OMe_4-OMe_6-OMe_T100_THF,phosphite,1,100,THF,phosphite,442,5.6,28.0,0,3,6,3,1,3,34,65.62261215443725
phosphine_2-Me_4-Me_6-F_T100_THF,phosphine,1,100,THF,phosphine,400,5.7,13.0,0,0,6,3,1,0,30,65.4651667037302
phosphine_2-Me_4-F_6-Me_T100_THF,phosphine,1,100,THF,phosphine,400,5.7,13.0,0,0,6,3,1,0,30,65.4651667037302
phosphine_2-F_4-Me_6-Me_T100_THF,phosphine,1,100,THF,phosphine,400,5.7,13.0,0,0,6,3,1,0,30,65.4651667037302
phosphine_2-NMe2_4-F_6-Me_T100_THF,phosphine,1,100,THF,phosphine,400,5.7,13.0,0,0,6,3,1,0,30,65.4651667037302
phosphine_2-NMe2_4-Me_6-F_T100_THF,phosphine,1,100,THF,phosphine,400,5.7,13.0,0,0,6,3,1,0,30,65.4651667037302
phosphine_2-Cl_4-H_6-Cl_T100_THF,phosphine,1,100,THF,phosphine,466,4.5,13.0,0,0,6,3,1,0,35,65.39043853385658
phosphine_2-F_4-Me_6-Cl_T100_THF,phosphine,1,100,THF,phosphine,460,5.1,13.0,0,0,6,3,1,0,35,65.33821157554569
phosphine_2-Cl_4-Me_6-F_T100_THF,phosphine,1,100,THF,phosphine,460,5.1,13.0,0,0,6,3,1,0,35,65.33821157554569
phosphine_2-NMe2_4-F_6-Cl_T100_THF,phosphine,1,100,THF,phosphine,460,5.1,13.0,0,0,6,3,1,0,35,65.33821157554569
phosphine_2-Cl_4-F_6-Me_T100_THF,phosphine,1,100,THF,phosphine,460,5.1,13.0,0,0,6,3,1,0,35,65.33821157554569
phosphine_2-Me_4-F_6-Cl_T100_THF,phosphine,1,100,THF,phosphine,460,5.1,13.0,0,0,6,3,1,0,35,65.33821157554569
phosphine_2-H_4-F_6-OMe_T100_THF,phosphine,1,100,THF,phosphine,448,4.8999999999999995,13.0,0,1,6,3,1,1,34,65.05628485461844
phosphine_2-OMe_4-F_6-H_T100_THF,phosphine,1,100,THF,phosphine,448,4.8999999999999995,13.0,0,1,6,3,1,1,34,65.05628485461844
phosphine_2-F_4-OMe_6-H_T100_THF,phosphine,1,100,THF,phosphine,448,4.8999999999999995,13.0,0,1,6,3,1,1,34,65.05628485461844
phosphine_2-H_4-OMe_6-F_T100_THF,phosphine,1,100,THF,phosphine,448,4.8999999999999995,13.0,0,1,6,3,1,1,34,65.05628485461844
phosphine_2-F_4-H_6-OMe_T100_THF,phosphine,1,100,THF,phosphine,448,4.8999999999999995,13.0,0,1,6,3,1,1,34,65.05628485461844
phosphine_2-OMe_4-H_6-F_T100_THF,phosphine,1,100,THF,phosphine,448,4.8999999999999995,13.0,0,1,6,3,1,1,34,65.05628485461844
phosphine_2-Me_4-Me_6-Cl_T100_THF,phosphine,1,100,THF,phosphine,448,5.7,13.0,0,0,6,3,1,0,34,64.18376760109791
phosphine_2-NMe2_4-Me_6-Cl_T100_THF,phosphine,1,100,THF,phosphine,448,5.7,13.0,0,0,6,3,1,0,34,64.18376760109791
phosphine_2-Cl_4-Me_6-Me_T100_THF,phosphine,1,100,THF,phosphine,448,5.7,13.0,0,0,6,3,1,0,34,64.18376760109791
phosphine_2-Me_4-OMe_6-H_T100_THF,phosphine,1,100,THF,phosphine,436,5.5,13.0,0,1,6,3,1,1,33,63.95263800005982
phosphine_2-NMe2_4-OMe_6-H_T100_THF,phosphine,1,100,THF,phosphine,436,5.5,13.0,0,1,6,3,1,1,33,63.95263800005982
phosphine_2-Me_4-H_6-OMe_T100_THF,phosphine,1,100,THF,phosphine,436,5.5,13.0,0,1,6,3,1,1,33,63.95263800005982
phosphine_2-OMe_4-Me_6-H_T100_THF,phosphine,1,100,THF,phosphine,436,5.5,13.0,0,1,6,3,1,1,33,63.95263800005982
phosphine_2-OMe_4-H_6-Me_T100_THF,phosphine,1,100,THF,phosphine,436,5.5,13.0,0,1,6,3,1,1,33,63.95263800005982
phosphine_2-H_4-Me_6-OMe_T100_THF,phosphine,1,100,THF,phosphine,436,5.5,13.0,0,1,6,3,1,1,33,63.95263800005982
phosphine_2-H_4-OMe_6-Me_T100_THF,phosphine,1,100,THF,phosphine,436,5.5,13.0,0,1,6,3,1,1,33,63.95263800005982
phosphine_2-NMe2_4-H_6-OMe_T100_THF,phosphine,1,100,THF,phosphine,436,5.5,13.0,0,1,6,3,1,1,33,63.95263800005982
phosphite_2-tBu_4-Me_6-Me_T100_hexane,phosphite,1,100,hexane,phosphite,394,7.5,28.0,0,3,7,3,1,3,30,63.22867009007356
phosphite_2-tBu_4-Me_6-Me_T100_benzene,phosphite,1,100,benzene,phosphite,394,7.5,28.0,0,3,7,3,1,3,30,62.41437819759877
phosphite_2-tBu_4-Me_6-Me_T100_xylene,phosphite,1,100,xylene,phosphite,394,7.5,28.0,0,3,7,3,1,3,30,61.26631592404382
phosphite_2-tBu_4-Me_6-Me_T100_toluene,phosphite,1,100,toluene,phosphite,394,7.5,28.0,0,3,7,3,1,3,30,60.48165336520197
phosphine_2-OMe_4-H_6-H_T100_hexane,phosphine,1,100,hexane,phosphine,394,4.8999999999999995,13.0,0,1,6,3,1,1,30,58.33578191144268
phosphine_2-H_4-OMe_6-H_T100_hexane,phosphine,1,100,hexane,phosphine,394,4.8999999999999995,13.0,0,1,6,3,1,1,30,58.33578191144268
phosphine_2-H_4-H_6-OMe_T100_hexane,phosphine,1,100,hexane,phosphine,394,4.8999999999999995,13.0,0,1,6,3,1,1,30,58.33578191144268
phosphite_2-tBu_4-Me_6-Me_T100_dioxane,phosphite,1,100,dioxane,phosphite,394,7.5,28.0,0,3,7,3,1,3,30,58.19488515568801
phosphine_2-H_4-H_6-OMe_T100_benzene,phosphine,1,100,benzene,phosphine,394,4.8999999999999995,13.0,0,1,6,3,1,1,30,58.14679756117449
phosphine_2-H_4-OMe_6-H_T100_benzene,phosphine,1,100,benzene,phosphine,394,4.8999999999999995,13.0,0,1,6,3,1,1,30,58.14679756117449
phosphine_2-OMe_4-H_6-H_T100_benzene,phosphine,1,100,benzene,phosphine,394,4.8999999999999995,13.0,0,1,6,3,1,1,30,58.14679756117449
phosphine_2-H_4-H_6-OMe_T100_xylene,phosphine,1,100,xylene,phosphine,394,4.8999999999999995,13.0,0,1,6,3,1,1,30,58.0351258458416
phosphine_2-H_4-OMe_6-H_T100_xylene,phosphine,1,100,xylene,phosphine,394,4.8999999999999995,13.0,0,1,6,3,1,1,30,58.0351258458416
phosphine_2-OMe_4-H_6-H_T100_xylene,phosphine,1,100,xylene,phosphine,394,4.8999999999999995,13.0,0,1,6,3,1,1,30,58.0351258458416
phosphite_2-Me_4-OMe_6-Me_T100_benzene,phosphite,1,100,benzene,phosphite,382,6.2,28.0,0,3,6,3,1,3,29,57.29145446965299
phosphite_2-OMe_4-Me_6-Me_T100_benzene,phosphite,1,100,benzene,phosphite,382,6.2,28.0,0,3,6,3,1,3,29,57.29145446965299
phosphite_2-Me_4-Me_6-OMe_T100_benzene,phosphite,1,100,benzene,phosphite,382,6.2,28.0,0,3,6,3,1,3,29,57.29145446965299
phosphite_2-Me_4-Me_6-OMe_T100_hexane,phosphite,1,100,hexane,phosphite,382,6.2,28.0,0,3,6,3,1,3,29,57.13894342304096
phosphite_2-Me_4-OMe_6-Me_T100_hexane,phosphite,1,100,hexane,phosphite,382,6.2,28.0,0,3,6,3,1,3,29,57.13894342304096
phosphite_2-OMe_4-Me_6-Me_T100_hexane,phosphite,1,100,hexane,phosphite,382,6.2,28.0,0,3,6,3,1,3,29,57.13894342304096
phosphite_2-tBu_4-Me_6-H_T100_hexane,phosphite,1,100,hexane,phosphite,380,7.0,28.0,0,3,7,3,1,3,29,56.94865974195813
phosphite_2-tBu_4-H_6-Me_T100_hexane,phosphite,1,100,hexane,phosphite,380,7.0,28.0,0,3,7,3,1,3,29,56.94865974195813
phosphite_2-tBu_4-F_6-H_T100_benzene,phosphite,1,100,benzene,phosphite,384,6.5,28.0,0,3,7,3,1,3,29,56.93041986842382
phosphite_2-tBu_4-F_6-H_T100_hexane,phosphite,1,100,hexane,phosphite,384,6.5,28.0,0,3,7,3,1,3,29,56.865342645215776
phosphite_2-Me_4-OMe_6-Me_T100_xylene,phosphite,1,100,xylene,phosphite,382,6.2,28.0,0,3,6,3,1,3,29,56.75371443043065
phosphite_2-Me_4-Me_6-OMe_T100_xylene,phosphite,1,100,xylene,phosphite,382,6.2,28.0,0,3,6,3,1,3,29,56.75371443043065
phosphite_2-OMe_4-Me_6-Me_T100_xylene,phosphite,1,100,xylene,phosphite,382,6.2,28.0,0,3,6,3,1,3,29,56.75371443043065
phosphite_2-tBu_4-F_6-H_T100_xylene,phosphite,1,100,xylene,phosphite,384,6.5,28.0,0,3,7,3,1,3,29,56.69665562776927
phosphite_2-tBu_4-Me_6-H_T100_benzene,phosphite,1,100,benzene,phosphite,380,7.0,28.0,0,3,7,3,1,3,29,56.674527393816966
phosphite_2-tBu_4-H_6-Me_T100_benzene,phosphite,1,100,benzene,phosphite,380,7.0,28.0,0,3,7,3,1,3,29,56.674527393816966
phosphite_2-tBu_4-H_6-Me_T100_xylene,phosphite,1,100,xylene,phosphite,380,7.0,28.0,0,3,7,3,1,3,29,56.67181764461233
phosphite_2-tBu_4-Me_6-H_T100_xylene,phosphite,1,100,xylene,phosphite,380,7.0,28.0,0,3,7,3,1,3,29,56.67181764461233
phosphite_2-tBu_4-Me_6-Me_T100_THF,phosphite,1,100,THF,phosphite,394,7.5,28.0,0,3,7,3,1,3,30,56.60530033266217
phosphine_2-H_4-H_6-OMe_T100_toluene,phosphine,1,100,toluene,phosphine,394,4.8999999999999995,13.0,0,1,6,3,1,1,30,56.256519780266785
phosphine_2-OMe_4-H_6-H_T100_toluene,phosphine,1,100,toluene,phosphine,394,4.8999999999999995,13.0,0,1,6,3,1,1,30,56.256519780266785
phosphine_2-H_4-OMe_6-H_T100_toluene,phosphine,1,100,toluene,phosphine,394,4.8999999999999995,13.0,0,1,6,3,1,1,30,56.256519780266785
phosphite_2-tBu_4-Me_6-H_T100_toluene,phosphite,1,100,toluene,phosphite,380,7.0,28.0,0,3,7,3,1,3,29,55.74426840645608
phosphite_2-tBu_4-H_6-Me_T100_toluene,phosphite,1,100,toluene,phosphite,380,7.0,28.0,0,3,7,3,1,3,29,55.74426840645608
phosphite_2-Me_4-OMe_6-Me_T100_toluene,phosphite,1,100,toluene,phosphite,382,6.2,28.0,0,3,6,3,1,3,29,55.74080415501094
phosphite_2-OMe_4-Me_6-Me_T100_toluene,phosphite,1,100,toluene,phosphite,382,6.2,28.0,0,3,6,3,1,3,29,55.74080415501094
phosphite_2-Me_4-Me_6-OMe_T100_toluene,phosphite,1,100,toluene,phosphite,382,6.2,28.0,0,3,6,3,1,3,29,55.74080415501094
phosphite_2-tBu_4-F_6-H_T100_toluene,phosphite,1,100,toluene,phosphite,384,6.5,28.0,0,3,7,3,1,3,29,55.738383150945864
phosphine_2-H_4-OMe_6-H_T100_dioxane,phosphine,1,100,dioxane,phosphine,394,4.8999999999999995,13.0,0,1,6,3,1,1,30,55.375319005200446
phosphine_2-H_4-H_6-OMe_T100_dioxane,phosphine,1,100,dioxane,phosphine,394,4.8999999999999995,13.0,0,1,6,3,1,1,30,55.375319005200446
phosphine_2-OMe_4-H_6-H_T100_dioxane,phosphine,1,100,dioxane,phosphine,394,4.8999999999999995,13.0,0,1,6,3,1,1,30,55.375319005200446
phosphine_2-Me_4-Me_6-Me_T100_benzene,phosphine,1,100,benzene,phosphine,388,6.3,13.0,0,0,6,3,1,0,29,54.82079081433471
phosphine_2-NMe2_4-Me_6-Me_T100_benzene,phosphine,1,100,benzene,phosphine,388,6.3,13.0,0,0,6,3,1,0,29,54.82079081433471
phosphine_2-Me_4-Me_6-Me_T100_hexane,phosphine,1,100,hexane,phosphine,388,6.3,13.0,0,0,6,3,1,0,29,54.28317034704343
phosphine_2-NMe2_4-Me_6-Me_T100_hexane,phosphine,1,100,hexane,phosphine,388,6.3,13.0,0,0,6,3,1,0,29,54.28317034704343
phosphine_2-H_4-H_6-OMe_T100_THF,phosphine,1,100,THF,phosphine,394,4.8999999999999995,13.0,0,1,6,3,1,1,30,54.0517897069458
phosphine_2-H_4-OMe_6-H_T100_THF,phosphine,1,100,THF,phosphine,394,4.8999999999999995,13.0,0,1,6,3,1,1,30,54.0517897069458
phosphine_2-OMe_4-H_6-H_T100_THF,phosphine,1,100,THF,phosphine,394,4.8999999999999995,13.0,0,1,6,3,1,1,30,54.0517897069458
phosphine_2-NMe2_4-Me_6-Me_T100_xylene,phosphine,1,100,xylene,phosphine,388,6.3,13.0,0,0,6,3,1,0,29,53.95811241154592
phosphine_2-Me_4-Me_6-Me_T100_xylene,phosphine,1,100,xylene,phosphine,388,6.3,13.0,0,0,6,3,1,0,29,53.95811241154592
phosphine_2-NMe2_4-Me_6-Me_T100_toluene,phosphine,1,100,toluene,phosphine,388,6.3,13.0,0,0,6,3,1,0,29,53.64451463636173
phosphine_2-Me_4-Me_6-Me_T100_toluene,phosphine,1,100,toluene,phosphine,388,6.3,13.0,0,0,6,3,1,0,29,53.64451463636173
phosphite_2-OMe_4-Me_6-Me_T100_dioxane,phosphite,1,100,dioxane,phosphite,382,6.2,28.0,0,3,6,3,1,3,29,53.49308536324442
phosphite_2-Me_4-OMe_6-Me_T100_dioxane,phosphite,1,100,dioxane,phosphite,382,6.2,28.0,0,3,6,3,1,3,29,53.49308536324442
phosphite_2-Me_4-Me_6-OMe_T100_dioxane,phosphite,1,100,dioxane,phosphite,382,6.2,28.0,0,3,6,3,1,3,29,53.49308536324442
phosphite_2-tBu_4-F_6-H_T100_dioxane,phosphite,1,100,dioxane,phosphite,384,6.5,28.0,0,3,7,3,1,3,29,53.30775679111342
phosphite_2-tBu_4-H_6-Me_T100_dioxane,phosphite,1,100,dioxane,phosphite,380,7.0,28.0,0,3,7,3,1,3,29,52.7681408972061
phosphite_2-tBu_4-Me_6-H_T100_dioxane,phosphite,1,100,dioxane,phosphite,380,7.0,28.0,0,3,7,3,1,3,29,52.7681408972061
phosphite_2-Me_4-Me_6-OMe_T100_THF,phosphite,1,100,THF,phosphite,382,6.2,28.0,0,3,6,3,1,3,29,52.50527861908171
phosphite_2-OMe_4-Me_6-Me_T100_THF,phosphite,1,100,THF,phosphite,382,6.2,28.0,0,3,6,3,1,3,29,52.50527861908171
phosphite_2-Me_4-OMe_6-Me_T100_THF,phosphite,1,100,THF,phosphite,382,6.2,28.0,0,3,6,3,1,3,29,52.50527861908171
phosphite_2-tBu_4-F_6-H_T100_THF,phosphite,1,100,THF,phosphite,384,6.5,28.0,0,3,7,3,1,3,29,52.422121760073104
phosphite_2-tBu_4-H_6-H_T100_benzene,phosphite,1,100,benzene,phosphite,366,6.5,28.0,0,3,7,3,1,3,28,52.414461210198645
phosphite_2-tBu_4-H_6-H_T100_hexane,phosphite,1,100,hexane,phosphite,366,6.5,28.0,0,3,7,3,1,3,28,52.33475094568343
phosphite_2-tBu_4-H_6-H_T100_xylene,phosphite,1,100,xylene,phosphite,366,6.5,28.0,0,3,7,3,1,3,28,52.189777205234854
phosphite_2-tBu_4-H_6-Me_T100_THF,phosphite,1,100,THF,phosphite,380,7.0,28.0,0,3,7,3,1,3,29,51.99370009065858
phosphite_2-tBu_4-Me_6-H_T100_THF,phosphite,1,100,THF,phosphite,380,7.0,28.0,0,3,7,3,1,3,29,51.99370009065858
phosphine_2-Me_4-Me_6-Me_T100_dioxane,phosphine,1,100,dioxane,phosphine,388,6.3,13.0,0,0,6,3,1,0,29,51.70414734910031
phosphine_2-NMe2_4-Me_6-Me_T100_dioxane,phosphine,1,100,dioxane,phosphine,388,6.3,13.0,0,0,6,3,1,0,29,51.70414734910031
phosphite_2-tBu_4-H_6-H_T100_toluene,phosphite,1,100,toluene,phosphite,366,6.5,28.0,0,3,7,3,1,3,28,50.89311983708306
phosphite_2-iPr_4-Me_6-Me_T100_benzene,phosphite,1,100,benzene,phosphite,380,6.0,28.0,0,3,7,3,1,3,29,50.83207884499343
phosphine_2-NMe2_4-Me_6-Me_T100_THF,phosphine,1,100,THF,phosphine,388,6.3,13.0,0,0,6,3,1,0,29,50.591472816839044
phosphine_2-Me_4-Me_6-Me_T100_THF,phosphine,1,100,THF,phosphine,388,6.3,13.0,0,0,6,3,1,0,29,50.591472816839044
phosphite_2-F_4-F_6-OMe_T100_benzene,phosphite,1,100,benzene,phosphite,390,5.2,28.0,0,3,6,3,1,3,30,50.156534005441685
phosphite_2-Cl_4-OMe_6-H_T100_benzene,phosphite,1,100,benzene,phosphite,388,5.2,28.0,0,3,6,3,1,3,29,50.156534005441685
phosphite_2-Cl_4-H_6-OMe_T100_benzene,phosphite,1,100,benzene,phosphite,388,5.2,28.0,0,3,6,3,1,3,29,50.156534005441685
phosphite_2-iPr_4-F_6-Me_T100_benzene,phosphite,1,100,benzene,phosphite,384,5.5,28.0,0,3,7,3,1,3,29,50.09976099781534
phosphite_2-F_4-F_6-OMe_T100_xylene,phosphite,1,100,xylene,phosphite,390,5.2,28.0,0,3,6,3,1,3,30,49.854628347904345
phosphite_2-Cl_4-OMe_6-H_T100_xylene,phosphite,1,100,xylene,phosphite,388,5.2,28.0,0,3,6,3,1,3,29,49.854628347904345
phosphite_2-Cl_4-H_6-OMe_T100_xylene,phosphite,1,100,xylene,phosphite,388,5.2,28.0,0,3,6,3,1,3,29,49.854628347904345
phosphite_2-F_4-F_6-OMe_T100_hexane,phosphite,1,100,hexane,phosphite,390,5.2,28.0,0,3,6,3,1,3,30,49.76757461543286
phosphite_2-Cl_4-H_6-OMe_T100_hexane,phosphite,1,100,hexane,phosphite,388,5.2,28.0,0,3,6,3,1,3,29,49.76757461543286
phosphite_2-Cl_4-OMe_6-H_T100_hexane,phosphite,1,100,hexane,phosphite,388,5.2,28.0,0,3,6,3,1,3,29,49.76757461543286
phosphite_2-iPr_4-Me_6-Me_T100_hexane,phosphite,1,100,hexane,phosphite,380,6.0,28.0,0,3,7,3,1,3,29,49.71309512037116
phosphite_2-F_4-OMe_6-Me_T100_benzene,phosphite,1,100,benzene,phosphite,386,5.7,28.0,0,3,6,3,1,3,29,49.5712291548839
phosphite_2-F_4-Me_6-OMe_T100_benzene,phosphite,1,100,benzene,phosphite,386,5.7,28.0,0,3,6,3,1,3,29,49.5712291548839
phosphite_2-OMe_4-F_6-Me_T100_benzene,phosphite,1,100,benzene,phosphite,386,5.7,28.0,0,3,6,3,1,3,29,49.5712291548839
phosphite_2-Me_4-F_6-OMe_T100_benzene,phosphite,1,100,benzene,phosphite,386,5.7,28.0,0,3,6,3,1,3,29,49.5712291548839
phosphite_2-iPr_4-Me_6-Me_T100_xylene,phosphite,1,100,xylene,phosphite,380,6.0,28.0,0,3,7,3,1,3,29,49.477836884049594
phosphite_2-iPr_4-F_6-Me_T100_xylene,phosphite,1,100,xylene,phosphite,384,5.5,28.0,0,3,7,3,1,3,29,49.23255550063314
phosphite_2-iPr_4-Me_6-Me_T100_toluene,phosphite,1,100,toluene,phosphite,380,6.0,28.0,0,3,7,3,1,3,29,49.1024157428065
phosphite_2-iPr_4-F_6-Me_T100_hexane,phosphite,1,100,hexane,phosphite,384,5.5,28.0,0,3,7,3,1,3,29,49.02500125509642
phosphite_2-F_4-Me_6-OMe_T100_xylene,phosphite,1,100,xylene,phosphite,386,5.7,28.0,0,3,6,3,1,3,29,49.00511631279713
phosphite_2-OMe_4-F_6-Me_T100_xylene,phosphite,1,100,xylene,phosphite,386,5.7,28.0,0,3,6,3,1,3,29,49.00511631279713
phosphite_2-Me_4-F_6-OMe_T100_xylene,phosphite,1,100,xylene,phosphite,386,5.7,28.0,0,3,6,3,1,3,29,49.00511631279713
phosphite_2-F_4-OMe_6-Me_T100_xylene,phosphite,1,100,xylene,phosphite,386,5.7,28.0,0,3,6,3,1,3,29,49.00511631279713
phosphite_2-tBu_4-H_6-H_T100_dioxane,phosphite,1,100,dioxane,phosphite,366,6.5,28.0,0,3,7,3,1,3,28,48.824795822394904
phosphite_2-OMe_4-F_6-Me_T100_hexane,phosphite,1,100,hexane,phosphite,386,5.7,28.0,0,3,6,3,1,3,29,48.54429482467886
phosphite_2-F_4-Me_6-OMe_T100_hexane,phosphite,1,100,hexane,phosphite,386,5.7,28.0,0,3,6,3,1,3,29,48.54429482467886
phosphite_2-F_4-OMe_6-Me_T100_hexane,phosphite,1,100,hexane,phosphite,386,5.7,28.0,0,3,6,3,1,3,29,48.54429482467886
phosphite_2-Me_4-F_6-OMe_T100_hexane,phosphite,1,100,hexane,phosphite,386,5.7,28.0,0,3,6,3,1,3,29,48.54429482467886
phosphite_2-iPr_4-F_6-Me_T100_toluene,phosphite,1,100,toluene,phosphite,384,5.5,28.0,0,3,7,3,1,3,29,48.335601409155764
phosphite_2-F_4-F_6-OMe_T100_toluene,phosphite,1,100,toluene,phosphite,390,5.2,28.0,0,3,6,3,1,3,30,48.288462315593016
phosphite_2-Cl_4-H_6-OMe_T100_toluene,phosphite,1,100,toluene,phosphite,388,5.2,28.0,0,3,6,3,1,3,29,48.288462315593016
phosphite_2-Cl_4-OMe_6-H_T100_toluene,phosphite,1,100,toluene,phosphite,388,5.2,28.0,0,3,6,3,1,3,29,48.288462315593016
phosphine_2-iPr_4-H_6-H_T100_hexane,phosphine,1,100,hexane,phosphine,388,4.5,13.0,0,0,7,3,1,0,29,48.24524865453277
phosphine_2-iPr_4-H_6-H_T100_benzene,phosphine,1,100,benzene,phosphine,388,4.5,13.0,0,0,7,3,1,0,29,48.12322644007381
phosphine_2-iPr_4-H_6-H_T100_xylene,phosphine,1,100,xylene,phosphine,388,4.5,13.0,0,0,7,3,1,0,29,48.02061908973355
phosphite_2-Me_4-F_6-OMe_T100_toluene,phosphite,1,100,toluene,phosphite,386,5.7,28.0,0,3,6,3,1,3,29,47.97635088757552
phosphite_2-F_4-OMe_6-Me_T100_toluene,phosphite,1,100,toluene,phosphite,386,5.7,28.0,0,3,6,3,1,3,29,47.97635088757552
phosphite_2-OMe_4-F_6-Me_T100_toluene,phosphite,1,100,toluene,phosphite,386,5.7,28.0,0,3,6,3,1,3,29,47.97635088757552
phosphite_2-F_4-Me_6-OMe_T100_toluene,phosphite,1,100,toluene,phosphite,386,5.7,28.0,0,3,6,3,1,3,29,47.97635088757552
phosphite_2-tBu_4-H_6-H_T100_THF,phosphite,1,100,THF,phosphite,366,6.5,28.0,0,3,7,3,1,3,28,47.93916079135459
phosphine_2-iPr_4-H_6-H_T100_toluene,phosphine,1,100,toluene,phosphine,388,4.5,13.0,0,0,7,3,1,0,29,46.51583662499852
phosphite_2-iPr_4-Me_6-Me_T100_dioxane,phosphite,1,100,dioxane,phosphite,380,6.0,28.0,0,3,7,3,1,3,29,46.42322668501354
phosphite_2-F_4-F_6-OMe_T100_dioxane,phosphite,1,100,dioxane,phosphite,390,5.2,28.0,0,3,6,3,1,3,30,46.103203399100586
phosphite_2-Cl_4-H_6-OMe_T100_dioxane,phosphite,1,100,dioxane,phosphite,388,5.2,28.0,0,3,6,3,1,3,29,46.103203399100586
phosphite_2-Cl_4-OMe_6-H_T100_dioxane,phosphite,1,100,dioxane,phosphite,388,5.2,28.0,0,3,6,3,1,3,29,46.103203399100586
phosphite_2-iPr_4-F_6-Me_T100_dioxane,phosphite,1,100,dioxane,phosphite,384,5.5,28.0,0,3,7,3,1,3,29,45.92215381839959
phosphine_2-iPr_4-H_6-H_T100_dioxane,phosphine,1,100,dioxane,phosphine,388,4.5,13.0,0,0,7,3,1,0,29,45.541349178196675
phosphite_2-F_4-Me_6-OMe_T100_dioxane,phosphite,1,100,dioxane,phosphite,386,5.7,28.0,0,3,6,3,1,3,29,45.506134189400164
phosphite_2-OMe_4-F_6-Me_T100_dioxane,phosphite,1,100,dioxane,phosphite,386,5.7,28.0,0,3,6,3,1,3,29,45.506134189400164
phosphite_2-F_4-OMe_6-Me_T100_dioxane,phosphite,1,100,dioxane,phosphite,386,5.7,28.0,0,3,6,3,1,3,29,45.506134189400164
phosphite_2-Me_4-F_6-OMe_T100_dioxane,phosphite,1,100,dioxane,phosphite,386,5.7,28.0,0,3,6,3,1,3,29,45.506134189400164
phosphite_2-iPr_4-Me_6-Me_T100_THF,phosphite,1,100,THF,phosphite,380,6.0,28.0,0,3,7,3,1,3,29,45.374176146867
phosphite_2-F_4-F_6-OMe_T100_THF,phosphite,1,100,THF,phosphite,390,5.2,28.0,0,3,6,3,1,3,30,44.923471396556266
phosphite_2-Cl_4-H_6-OMe_T100_THF,phosphite,1,100,THF,phosphite,388,5.2,28.0,0,3,6,3,1,3,29,44.923471396556266
phosphite_2-Cl_4-OMe_6-H_T100_THF,phosphite,1,100,THF,phosphite,388,5.2,28.0,0,3,6,3,1,3,29,44.923471396556266
phosphite_2-iPr_4-F_6-Me_T100_THF,phosphite,1,100,THF,phosphite,384,5.5,28.0,0,3,7,3,1,3,29,44.68608228159226
phosphine_2-iPr_4-H_6-H_T100_THF,phosphine,1,100,THF,phosphine,388,4.5,13.0,0,0,7,3,1,0,29,44.33560042892555
phosphite_2-Me_4-F_6-OMe_T100_THF,phosphite,1,100,THF,phosphite,386,5.7,28.0,0,3,6,3,1,3,29,44.26784918927733
phosphite_2-F_4-Me_6-OMe_T100_THF,phosphite,1,100,THF,phosphite,386,5.7,28.0,0,3,6,3,1,3,29,44.26784918927733
phosphite_2-F_4-OMe_6-Me_T100_THF,phosphite,1,100,THF,phosphite,386,5.7,28.0,0,3,6,3,1,3,29,44.26784918927733
phosphite_2-OMe_4-F_6-Me_T100_THF,phosphite,1,100,THF,phosphite,386,5.7,28.0,0,3,6,3,1,3,29,44.26784918927733
phosphite_2-Me_4-Me_6-Me_T100_hexane,phosphite,1,100,hexane,phosphite,352,6.5,28.0,0,3,6,3,1,3,27,44.01338845552271
phosphite_2-Me_4-Me_6-Me_T100_benzene,phosphite,1,100,benzene,phosphite,352,6.5,28.0,0,3,6,3,1,3,27,43.7128049639003
phosphite_2-Me_4-Me_6-Me_T100_xylene,phosphite,1,100,xylene,phosphite,352,6.5,28.0,0,3,6,3,1,3,27,43.10777451655961
phosphite_2-Me_4-Me_6-Me_T100_toluene,phosphite,1,100,toluene,phosphite,352,6.5,28.0,0,3,6,3,1,3,27,42.782600631085714
phosphite_2-H_4-H_6-H_T100_hexane,phosphite,1,100,hexane,phosphite,310,5.0,28.0,0,3,6,3,1,3,23,41.25966206854427
phosphite_2-Me_4-Me_6-Me_T100_dioxane,phosphite,1,100,dioxane,phosphite,352,6.5,28.0,0,3,6,3,1,3,27,41.138244158117935
phosphite_2-Me_4-Me_6-Me_T100_THF,phosphite,1,100,THF,phosphite,352,6.5,28.0,0,3,6,3,1,3,27,40.11477466098735
phosphite_2-H_4-H_6-H_T100_benzene,phosphite,1,100,benzene,phosphite,310,5.0,28.0,0,3,6,3,1,3,23,39.990546739103856
phosphite_2-H_4-H_6-H_T100_xylene,phosphite,1,100,xylene,phosphite,310,5.0,28.0,0,3,6,3,1,3,23,39.8252160328998
phosphite_2-H_4-H_6-H_T100_toluene,phosphite,1,100,toluene,phosphite,310,5.0,28.0,0,3,6,3,1,3,23,38.09243173068536
phosphite_2-H_4-H_6-H_T100_dioxane,phosphite,1,100,dioxane,phosphite,310,5.0,28.0,0,3,6,3,1,3,23,37.96069668669186
phosphite_2-iPr_4-H_6-H_T100_hexane,phosphite,1,100,hexane,phosphite,352,5.0,28.0,0,3,7,3,1,3,27,37.03777387238986
phosphite_2-H_4-H_6-H_T100_THF,phosphite,1,100,THF,phosphite,310,5.0,28.0,0,3,6,3,1,3,23,36.55965046772041
phosphite_2-iPr_4-H_6-H_T100_benzene,phosphite,1,100,benzene,phosphite,352,5.0,28.0,0,3,7,3,1,3,27,36.19265667123802
phosphite_2-Cl_4-Me_6-Me_T100_benzene,phosphite,1,100,benzene,phosphite,372,6.0,28.0,0,3,6,3,1,3,28,35.9606940537341
phosphite_2-iPr_4-F_6-H_T100_hexane,phosphite,1,100,hexane,phosphite,370,5.0,28.0,0,3,7,3,1,3,28,35.92988833162582
phosphite_2-iPr_4-F_6-H_T100_benzene,phosphite,1,100,benzene,phosphite,370,5.0,28.0,0,3,7,3,1,3,28,35.87830386995426
phosphite_2-H_4-F_6-H_T100_hexane,phosphite,1,100,hexane,phosphite,328,5.0,28.0,0,3,6,3,1,3,25,35.831066741895135
phosphite_2-F_4-F_6-H_T100_hexane,phosphite,1,100,hexane,phosphite,346,5.0,28.0,0,3,6,3,1,3,26,35.831066741895135
phosphite_2-Cl_4-H_6-H_T100_hexane,phosphite,1,100,hexane,phosphite,344,5.0,28.0,0,3,6,3,1,3,26,35.831066741895135
phosphite_2-F_4-H_6-H_T100_hexane,phosphite,1,100,hexane,phosphite,328,5.0,28.0,0,3,6,3,1,3,25,35.831066741895135
phosphite_2-iPr_4-H_6-Me_T100_benzene,phosphite,1,100,benzene,phosphite,366,5.5,28.0,0,3,7,3,1,3,28,35.807063553776025
phosphite_2-iPr_4-Me_6-H_T100_benzene,phosphite,1,100,benzene,phosphite,366,5.5,28.0,0,3,7,3,1,3,28,35.807063553776025
phosphite_2-Me_4-F_6-Me_T100_benzene,phosphite,1,100,benzene,phosphite,356,6.0,28.0,0,3,6,3,1,3,27,35.80374876537325
phosphite_2-F_4-Me_6-Me_T100_benzene,phosphite,1,100,benzene,phosphite,356,6.0,28.0,0,3,6,3,1,3,27,35.80374876537325
phosphite_2-iPr_4-F_6-H_T100_xylene,phosphite,1,100,xylene,phosphite,370,5.0,28.0,0,3,7,3,1,3,28,35.78738809851368
phosphite_2-F_4-OMe_6-H_T100_benzene,phosphite,1,100,benzene,phosphite,372,5.2,28.0,0,3,6,3,1,3,28,35.78400380522292
phosphite_2-OMe_4-F_6-H_T100_benzene,phosphite,1,100,benzene,phosphite,372,5.2,28.0,0,3,6,3,1,3,28,35.78400380522292
phosphite_2-F_4-H_6-OMe_T100_benzene,phosphite,1,100,benzene,phosphite,372,5.2,28.0,0,3,6,3,1,3,28,35.78400380522292
phosphite_2-H_4-F_6-OMe_T100_benzene,phosphite,1,100,benzene,phosphite,372,5.2,28.0,0,3,6,3,1,3,28,35.78400380522292
phosphite_2-H_4-H_6-OMe_T100_xylene,phosphite,1,100,xylene,phosphite,354,5.2,28.0,0,3,6,3,1,3,27,35.622595047737825
phosphite_2-OMe_4-H_6-H_T100_xylene,phosphite,1,100,xylene,phosphite,354,5.2,28.0,0,3,6,3,1,3,27,35.622595047737825
phosphite_2-H_4-OMe_6-H_T100_xylene,phosphite,1,100,xylene,phosphite,354,5.2,28.0,0,3,6,3,1,3,27,35.622595047737825
phosphite_2-H_4-Me_6-Me_T100_benzene,phosphite,1,100,benzene,phosphite,338,6.0,28.0,0,3,6,3,1,3,26,35.5862251312908
phosphite_2-Me_4-Me_6-H_T100_benzene,phosphite,1,100,benzene,phosphite,338,6.0,28.0,0,3,6,3,1,3,26,35.5862251312908
phosphite_2-Me_4-H_6-Me_T100_benzene,phosphite,1,100,benzene,phosphite,338,6.0,28.0,0,3,6,3,1,3,26,35.5862251312908
phosphite_2-F_4-Me_6-Me_T100_xylene,phosphite,1,100,xylene,phosphite,356,6.0,28.0,0,3,6,3,1,3,27,35.54845246859327
phosphite_2-Me_4-F_6-Me_T100_xylene,phosphite,1,100,xylene,phosphite,356,6.0,28.0,0,3,6,3,1,3,27,35.54845246859327
phosphite_2-H_4-F_6-Me_T100_benzene,phosphite,1,100,benzene,phosphite,342,5.5,28.0,0,3,6,3,1,3,26,35.54543882836174
phosphite_2-F_4-H_6-Me_T100_benzene,phosphite,1,100,benzene,phosphite,342,5.5,28.0,0,3,6,3,1,3,26,35.54543882836174
phosphite_2-Me_4-F_6-H_T100_benzene,phosphite,1,100,benzene,phosphite,342,5.5,28.0,0,3,6,3,1,3,26,35.54543882836174
phosphite_2-F_4-Me_6-H_T100_benzene,phosphite,1,100,benzene,phosphite,342,5.5,28.0,0,3,6,3,1,3,26,35.54543882836174
phosphine_2-F_4-H_6-H_T100_hexane,phosphine,1,100,hexane,phosphine,316,4.5,13.0,0,0,6,3,1,0,24,35.49674705903186
phosphine_2-H_4-H_6-F_T100_hexane,phosphine,1,100,hexane,phosphine,316,4.5,13.0,0,0,6,3,1,0,24,35.49674705903186
phosphine_2-H_4-F_6-H_T100_hexane,phosphine,1,100,hexane,phosphine,316,4.5,13.0,0,0,6,3,1,0,24,35.49674705903186
phosphite_2-H_4-H_6-Me_T100_benzene,phosphite,1,100,benzene,phosphite,324,5.5,28.0,0,3,6,3,1,3,24,35.450022118266766
phosphite_2-Me_4-H_6-H_T100_benzene,phosphite,1,100,benzene,phosphite,324,5.5,28.0,0,3,6,3,1,3,24,35.450022118266766
phosphite_2-H_4-Me_6-H_T100_benzene,phosphite,1,100,benzene,phosphite,324,5.5,28.0,0,3,6,3,1,3,24,35.450022118266766
phosphite_2-H_4-F_6-OMe_T100_xylene,phosphite,1,100,xylene,phosphite,372,5.2,28.0,0,3,6,3,1,3,28,35.43314083013282
phosphite_2-OMe_4-F_6-H_T100_xylene,phosphite,1,100,xylene,phosphite,372,5.2,28.0,0,3,6,3,1,3,28,35.43314083013282
phosphite_2-F_4-H_6-OMe_T100_xylene,phosphite,1,100,xylene,phosphite,372,5.2,28.0,0,3,6,3,1,3,28,35.43314083013282
phosphite_2-F_4-OMe_6-H_T100_xylene,phosphite,1,100,xylene,phosphite,372,5.2,28.0,0,3,6,3,1,3,28,35.43314083013282
phosphite_2-Cl_4-F_6-H_T100_xylene,phosphite,1,100,xylene,phosphite,362,5.0,28.0,0,3,6,3,1,3,27,35.3910024165619
phosphite_2-OMe_4-Me_6-H_T100_benzene,phosphite,1,100,benzene,phosphite,368,5.7,28.0,0,3,6,3,1,3,28,35.372774230817505
phosphite_2-H_4-Me_6-OMe_T100_benzene,phosphite,1,100,benzene,phosphite,368,5.7,28.0,0,3,6,3,1,3,28,35.372774230817505
phosphite_2-Me_4-OMe_6-H_T100_benzene,phosphite,1,100,benzene,phosphite,368,5.7,28.0,0,3,6,3,1,3,28,35.372774230817505
phosphite_2-Me_4-H_6-OMe_T100_benzene,phosphite,1,100,benzene,phosphite,368,5.7,28.0,0,3,6,3,1,3,28,35.372774230817505
phosphite_2-OMe_4-H_6-Me_T100_benzene,phosphite,1,100,benzene,phosphite,368,5.7,28.0,0,3,6,3,1,3,28,35.372774230817505
phosphite_2-H_4-OMe_6-Me_T100_benzene,phosphite,1,100,benzene,phosphite,368,5.7,28.0,0,3,6,3,1,3,28,35.372774230817505
phosphite_2-H_4-F_6-OMe_T100_hexane,phosphite,1,100,hexane,phosphite,372,5.2,28.0,0,3,6,3,1,3,28,35.34741368440027
phosphite_2-F_4-OMe_6-H_T100_hexane,phosphite,1,100,hexane,phosphite,372,5.2,28.0,0,3,6,3,1,3,28,35.34741368440027
phosphite_2-OMe_4-F_6-H_T100_hexane,phosphite,1,100,hexane,phosphite,372,5.2,28.0,0,3,6,3,1,3,28,35.34741368440027
phosphite_2-F_4-H_6-OMe_T100_hexane,phosphite,1,100,hexane,phosphite,372,5.2,28.0,0,3,6,3,1,3,28,35.34741368440027
phosphite_2-Cl_4-F_6-H_T100_hexane,phosphite,1,100,hexane,phosphite,362,5.0,28.0,0,3,6,3,1,3,27,35.305275270829355
phosphite_2-H_4-F_6-H_T100_benzene,phosphite,1,100,benzene,phosphite,328,5.0,28.0,0,3,6,3,1,3,25,35.234238828080876
phosphite_2-F_4-F_6-H_T100_benzene,phosphite,1,100,benzene,phosphite,346,5.0,28.0,0,3,6,3,1,3,26,35.234238828080876
phosphite_2-F_4-H_6-H_T100_benzene,phosphite,1,100,benzene,phosphite,328,5.0,28.0,0,3,6,3,1,3,25,35.234238828080876
phosphite_2-Cl_4-H_6-H_T100_benzene,phosphite,1,100,benzene,phosphite,344,5.0,28.0,0,3,6,3,1,3,26,35.234238828080876
phosphite_2-Cl_4-F_6-H_T100_benzene,phosphite,1,100,benzene,phosphite,362,5.0,28.0,0,3,6,3,1,3,27,35.223707503166565
phosphite_2-Cl_4-H_6-Me_T100_xylene,phosphite,1,100,xylene,phosphite,358,5.5,28.0,0,3,6,3,1,3,27,35.21875943233173
phosphite_2-Cl_4-Me_6-H_T100_xylene,phosphite,1,100,xylene,phosphite,358,5.5,28.0,0,3,6,3,1,3,27,35.21875943233173
phosphite_2-Me_4-F_6-Me_T100_hexane,phosphite,1,100,hexane,phosphite,356,6.0,28.0,0,3,6,3,1,3,27,35.2008757364411
phosphite_2-F_4-Me_6-Me_T100_hexane,phosphite,1,100,hexane,phosphite,356,6.0,28.0,0,3,6,3,1,3,27,35.2008757364411
phosphite_2-H_4-Me_6-H_T100_hexane,phosphite,1,100,hexane,phosphite,324,5.5,28.0,0,3,6,3,1,3,24,35.163575709672
phosphite_2-Me_4-H_6-H_T100_hexane,phosphite,1,100,hexane,phosphite,324,5.5,28.0,0,3,6,3,1,3,24,35.163575709672
phosphite_2-H_4-H_6-Me_T100_hexane,phosphite,1,100,hexane,phosphite,324,5.5,28.0,0,3,6,3,1,3,24,35.163575709672
phosphite_2-H_4-OMe_6-H_T100_hexane,phosphite,1,100,hexane,phosphite,354,5.2,28.0,0,3,6,3,1,3,27,35.16131574599001
phosphite_2-OMe_4-H_6-H_T100_hexane,phosphite,1,100,hexane,phosphite,354,5.2,28.0,0,3,6,3,1,3,27,35.16131574599001
phosphite_2-H_4-H_6-OMe_T100_hexane,phosphite,1,100,hexane,phosphite,354,5.2,28.0,0,3,6,3,1,3,27,35.16131574599001
phosphite_2-iPr_4-H_6-H_T100_xylene,phosphite,1,100,xylene,phosphite,352,5.0,28.0,0,3,7,3,1,3,27,35.137883410851046
phosphite_2-Cl_4-F_6-Me_T100_benzene,phosphite,1,100,benzene,phosphite,376,5.5,28.0,0,3,6,3,1,3,28,35.13413368658309
phosphite_2-F_4-F_6-Me_T100_benzene,phosphite,1,100,benzene,phosphite,360,5.5,28.0,0,3,6,3,1,3,27,35.13413368658309
phosphite_2-H_4-H_6-OMe_T100_benzene,phosphite,1,100,benzene,phosphite,354,5.2,28.0,0,3,6,3,1,3,27,35.08867632554275
phosphite_2-H_4-OMe_6-H_T100_benzene,phosphite,1,100,benzene,phosphite,354,5.2,28.0,0,3,6,3,1,3,27,35.08867632554275
phosphite_2-OMe_4-H_6-H_T100_benzene,phosphite,1,100,benzene,phosphite,354,5.2,28.0,0,3,6,3,1,3,27,35.08867632554275
phosphite_2-Cl_4-H_6-Me_T100_benzene,phosphite,1,100,benzene,phosphite,358,5.5,28.0,0,3,6,3,1,3,27,35.02001695485673
phosphite_2-Cl_4-Me_6-H_T100_benzene,phosphite,1,100,benzene,phosphite,358,5.5,28.0,0,3,6,3,1,3,27,35.02001695485673
phosphite_2-H_4-Me_6-Me_T100_hexane,phosphite,1,100,hexane,phosphite,338,6.0,28.0,0,3,6,3,1,3,26,34.98938270724021
phosphite_2-Me_4-H_6-Me_T100_hexane,phosphite,1,100,hexane,phosphite,338,6.0,28.0,0,3,6,3,1,3,26,34.98938270724021
phosphite_2-Me_4-Me_6-H_T100_hexane,phosphite,1,100,hexane,phosphite,338,6.0,28.0,0,3,6,3,1,3,26,34.98938270724021
phosphite_2-F_4-H_6-Me_T100_hexane,phosphite,1,100,hexane,phosphite,342,5.5,28.0,0,3,6,3,1,3,26,34.959822696707846
phosphite_2-F_4-Me_6-H_T100_hexane,phosphite,1,100,hexane,phosphite,342,5.5,28.0,0,3,6,3,1,3,26,34.959822696707846
phosphite_2-Me_4-F_6-H_T100_hexane,phosphite,1,100,hexane,phosphite,342,5.5,28.0,0,3,6,3,1,3,26,34.959822696707846
phosphite_2-H_4-F_6-Me_T100_hexane,phosphite,1,100,hexane,phosphite,342,5.5,28.0,0,3,6,3,1,3,26,34.959822696707846
phosphite_2-iPr_4-H_6-Me_T100_xylene,phosphite,1,100,xylene,phosphite,366,5.5,28.0,0,3,7,3,1,3,28,34.91594060277793
phosphite_2-iPr_4-Me_6-H_T100_xylene,phosphite,1,100,xylene,phosphite,366,5.5,28.0,0,3,7,3,1,3,28,34.91594060277793
phosphite_2-Cl_4-Me_6-Me_T100_xylene,phosphite,1,100,xylene,phosphite,372,6.0,28.0,0,3,6,3,1,3,28,34.87374301331694
phosphite_2-Cl_4-Me_6-Me_T100_hexane,phosphite,1,100,hexane,phosphite,372,6.0,28.0,0,3,6,3,1,3,28,34.857060593795886
phosphite_2-Me_4-OMe_6-H_T100_xylene,phosphite,1,100,xylene,phosphite,368,5.7,28.0,0,3,6,3,1,3,28,34.79070176068463
phosphite_2-OMe_4-H_6-Me_T100_xylene,phosphite,1,100,xylene,phosphite,368,5.7,28.0,0,3,6,3,1,3,28,34.79070176068463
phosphite_2-H_4-OMe_6-Me_T100_xylene,phosphite,1,100,xylene,phosphite,368,5.7,28.0,0,3,6,3,1,3,28,34.79070176068463
phosphite_2-OMe_4-Me_6-H_T100_xylene,phosphite,1,100,xylene,phosphite,368,5.7,28.0,0,3,6,3,1,3,28,34.79070176068463
phosphite_2-H_4-Me_6-OMe_T100_xylene,phosphite,1,100,xylene,phosphite,368,5.7,28.0,0,3,6,3,1,3,28,34.79070176068463
phosphite_2-Me_4-H_6-OMe_T100_xylene,phosphite,1,100,xylene,phosphite,368,5.7,28.0,0,3,6,3,1,3,28,34.79070176068463
phosphite_2-H_4-F_6-H_T100_xylene,phosphite,1,100,xylene,phosphite,328,5.0,28.0,0,3,6,3,1,3,25,34.750286862696754
phosphite_2-Cl_4-H_6-H_T100_xylene,phosphite,1,100,xylene,phosphite,344,5.0,28.0,0,3,6,3,1,3,26,34.750286862696754
phosphite_2-F_4-H_6-H_T100_xylene,phosphite,1,100,xylene,phosphite,328,5.0,28.0,0,3,6,3,1,3,25,34.750286862696754
phosphite_2-F_4-F_6-H_T100_xylene,phosphite,1,100,xylene,phosphite,346,5.0,28.0,0,3,6,3,1,3,26,34.750286862696754
phosphite_2-iPr_4-Me_6-H_T100_hexane,phosphite,1,100,hexane,phosphite,366,5.5,28.0,0,3,7,3,1,3,28,34.68467308024328
phosphite_2-iPr_4-H_6-Me_T100_hexane,phosphite,1,100,hexane,phosphite,366,5.5,28.0,0,3,7,3,1,3,28,34.68467308024328
phosphine_2-F_4-H_6-H_T100_xylene,phosphine,1,100,xylene,phosphine,316,4.5,13.0,0,0,6,3,1,0,24,34.66234560479035
phosphine_2-H_4-F_6-H_T100_xylene,phosphine,1,100,xylene,phosphine,316,4.5,13.0,0,0,6,3,1,0,24,34.66234560479035
phosphine_2-H_4-H_6-F_T100_xylene,phosphine,1,100,xylene,phosphine,316,4.5,13.0,0,0,6,3,1,0,24,34.66234560479035
phosphine_2-Me_4-Me_6-H_T100_benzene,phosphine,1,100,benzene,phosphine,346,5.7,13.0,0,0,6,3,1,0,26,34.61484321290152
phosphine_2-H_4-Me_6-Me_T100_benzene,phosphine,1,100,benzene,phosphine,346,5.7,13.0,0,0,6,3,1,0,26,34.61484321290152
phosphine_2-NMe2_4-Me_6-H_T100_benzene,phosphine,1,100,benzene,phosphine,346,5.7,13.0,0,0,6,3,1,0,26,34.61484321290152
phosphine_2-Me_4-H_6-Me_T100_benzene,phosphine,1,100,benzene,phosphine,346,5.7,13.0,0,0,6,3,1,0,26,34.61484321290152
phosphine_2-NMe2_4-H_6-Me_T100_benzene,phosphine,1,100,benzene,phosphine,346,5.7,13.0,0,0,6,3,1,0,26,34.61484321290152
phosphite_2-Cl_4-F_6-Me_T100_xylene,phosphite,1,100,xylene,phosphite,376,5.5,28.0,0,3,6,3,1,3,28,34.50122142042091
phosphite_2-F_4-F_6-Me_T100_xylene,phosphite,1,100,xylene,phosphite,360,5.5,28.0,0,3,6,3,1,3,27,34.50122142042091
phosphite_2-Cl_4-H_6-Me_T100_hexane,phosphite,1,100,hexane,phosphite,358,5.5,28.0,0,3,6,3,1,3,27,34.42837021832128
phosphite_2-Cl_4-Me_6-H_T100_hexane,phosphite,1,100,hexane,phosphite,358,5.5,28.0,0,3,6,3,1,3,27,34.42837021832128
phosphite_2-Me_4-F_6-Me_T100_toluene,phosphite,1,100,toluene,phosphite,356,6.0,28.0,0,3,6,3,1,3,27,34.4117939823437
phosphite_2-F_4-Me_6-Me_T100_toluene,phosphite,1,100,toluene,phosphite,356,6.0,28.0,0,3,6,3,1,3,27,34.4117939823437
phosphite_2-H_4-OMe_6-Me_T100_hexane,phosphite,1,100,hexane,phosphite,368,5.7,28.0,0,3,6,3,1,3,28,34.33120685930529
phosphite_2-OMe_4-H_6-Me_T100_hexane,phosphite,1,100,hexane,phosphite,368,5.7,28.0,0,3,6,3,1,3,28,34.33120685930529
phosphite_2-H_4-Me_6-OMe_T100_hexane,phosphite,1,100,hexane,phosphite,368,5.7,28.0,0,3,6,3,1,3,28,34.33120685930529
phosphite_2-OMe_4-Me_6-H_T100_hexane,phosphite,1,100,hexane,phosphite,368,5.7,28.0,0,3,6,3,1,3,28,34.33120685930529
phosphite_2-Me_4-OMe_6-H_T100_hexane,phosphite,1,100,hexane,phosphite,368,5.7,28.0,0,3,6,3,1,3,28,34.33120685930529
phosphite_2-Me_4-H_6-OMe_T100_hexane,phosphite,1,100,hexane,phosphite,368,5.7,28.0,0,3,6,3,1,3,28,34.33120685930529
phosphine_2-Me_4-H_6-Me_T100_hexane,phosphine,1,100,hexane,phosphine,346,5.7,13.0,0,0,6,3,1,0,26,34.280704865038125
phosphine_2-NMe2_4-Me_6-H_T100_hexane,phosphine,1,100,hexane,phosphine,346,5.7,13.0,0,0,6,3,1,0,26,34.280704865038125
phosphine_2-H_4-Me_6-Me_T100_hexane,phosphine,1,100,hexane,phosphine,346,5.7,13.0,0,0,6,3,1,0,26,34.280704865038125
phosphine_2-Me_4-Me_6-H_T100_hexane,phosphine,1,100,hexane,phosphine,346,5.7,13.0,0,0,6,3,1,0,26,34.280704865038125
phosphine_2-NMe2_4-H_6-Me_T100_hexane,phosphine,1,100,hexane,phosphine,346,5.7,13.0,0,0,6,3,1,0,26,34.280704865038125
phosphine_2-H_4-Me_6-Me_T100_xylene,phosphine,1,100,xylene,phosphine,346,5.7,13.0,0,0,6,3,1,0,26,34.21471221262559
phosphine_2-NMe2_4-H_6-Me_T100_xylene,phosphine,1,100,xylene,phosphine,346,5.7,13.0,0,0,6,3,1,0,26,34.21471221262559
phosphine_2-NMe2_4-Me_6-H_T100_xylene,phosphine,1,100,xylene,phosphine,346,5.7,13.0,0,0,6,3,1,0,26,34.21471221262559
phosphine_2-Me_4-Me_6-H_T100_xylene,phosphine,1,100,xylene,phosphine,346,5.7,13.0,0,0,6,3,1,0,26,34.21471221262559
phosphine_2-Me_4-H_6-Me_T100_xylene,phosphine,1,100,xylene,phosphine,346,5.7,13.0,0,0,6,3,1,0,26,34.21471221262559
phosphite_2-H_4-F_6-Me_T100_xylene,phosphite,1,100,xylene,phosphite,342,5.5,28.0,0,3,6,3,1,3,26,34.2081527297721
phosphite_2-F_4-Me_6-H_T100_xylene,phosphite,1,100,xylene,phosphite,342,5.5,28.0,0,3,6,3,1,3,26,34.2081527297721
phosphite_2-Me_4-F_6-H_T100_xylene,phosphite,1,100,xylene,phosphite,342,5.5,28.0,0,3,6,3,1,3,26,34.2081527297721
phosphite_2-F_4-H_6-Me_T100_xylene,phosphite,1,100,xylene,phosphite,342,5.5,28.0,0,3,6,3,1,3,26,34.2081527297721
phosphine_2-H_4-F_6-H_T100_benzene,phosphine,1,100,benzene,phosphine,316,4.5,13.0,0,0,6,3,1,0,24,34.184105811246425
phosphine_2-F_4-H_6-H_T100_benzene,phosphine,1,100,benzene,phosphine,316,4.5,13.0,0,0,6,3,1,0,24,34.184105811246425
phosphine_2-H_4-H_6-F_T100_benzene,phosphine,1,100,benzene,phosphine,316,4.5,13.0,0,0,6,3,1,0,24,34.184105811246425
phosphite_2-Me_4-Me_6-H_T100_xylene,phosphite,1,100,xylene,phosphite,338,6.0,28.0,0,3,6,3,1,3,26,34.18143853935644
phosphite_2-H_4-Me_6-Me_T100_xylene,phosphite,1,100,xylene,phosphite,338,6.0,28.0,0,3,6,3,1,3,26,34.18143853935644
phosphite_2-Me_4-H_6-Me_T100_xylene,phosphite,1,100,xylene,phosphite,338,6.0,28.0,0,3,6,3,1,3,26,34.18143853935644
phosphine_2-NMe2_4-Me_6-H_T100_toluene,phosphine,1,100,toluene,phosphine,346,5.7,13.0,0,0,6,3,1,0,26,34.13248795527319
phosphine_2-NMe2_4-H_6-Me_T100_toluene,phosphine,1,100,toluene,phosphine,346,5.7,13.0,0,0,6,3,1,0,26,34.13248795527319
phosphine_2-Me_4-H_6-Me_T100_toluene,phosphine,1,100,toluene,phosphine,346,5.7,13.0,0,0,6,3,1,0,26,34.13248795527319
phosphine_2-H_4-Me_6-Me_T100_toluene,phosphine,1,100,toluene,phosphine,346,5.7,13.0,0,0,6,3,1,0,26,34.13248795527319
phosphine_2-Me_4-Me_6-H_T100_toluene,phosphine,1,100,toluene,phosphine,346,5.7,13.0,0,0,6,3,1,0,26,34.13248795527319
phosphite_2-Cl_4-F_6-Me_T100_hexane,phosphite,1,100,hexane,phosphite,376,5.5,28.0,0,3,6,3,1,3,28,34.041726519041575
phosphite_2-F_4-F_6-Me_T100_hexane,phosphite,1,100,hexane,phosphite,360,5.5,28.0,0,3,6,3,1,3,27,34.041726519041575
phosphite_2-Me_4-Me_6-H_T100_toluene,phosphite,1,100,toluene,phosphite,338,6.0,28.0,0,3,6,3,1,3,26,34.01864498145129
phosphite_2-H_4-Me_6-Me_T100_toluene,phosphite,1,100,toluene,phosphite,338,6.0,28.0,0,3,6,3,1,3,26,34.01864498145129
phosphite_2-Me_4-H_6-Me_T100_toluene,phosphite,1,100,toluene,phosphite,338,6.0,28.0,0,3,6,3,1,3,26,34.01864498145129
phosphite_2-Cl_4-Me_6-Me_T100_toluene,phosphite,1,100,toluene,phosphite,372,6.0,28.0,0,3,6,3,1,3,28,33.9941829400034
phosphite_2-F_4-H_6-Me_T100_toluene,phosphite,1,100,toluene,phosphite,342,5.5,28.0,0,3,6,3,1,3,26,33.982934704763615
phosphite_2-F_4-Me_6-H_T100_toluene,phosphite,1,100,toluene,phosphite,342,5.5,28.0,0,3,6,3,1,3,26,33.982934704763615
phosphite_2-H_4-F_6-Me_T100_toluene,phosphite,1,100,toluene,phosphite,342,5.5,28.0,0,3,6,3,1,3,26,33.982934704763615
phosphite_2-Me_4-F_6-H_T100_toluene,phosphite,1,100,toluene,phosphite,342,5.5,28.0,0,3,6,3,1,3,26,33.982934704763615
phosphite_2-iPr_4-H_6-H_T100_toluene,phosphite,1,100,toluene,phosphite,352,5.0,28.0,0,3,7,3,1,3,27,33.957162601687
phosphite_2-Me_4-H_6-H_T100_xylene,phosphite,1,100,xylene,phosphite,324,5.5,28.0,0,3,6,3,1,3,24,33.94259340321647
phosphite_2-H_4-H_6-Me_T100_xylene,phosphite,1,100,xylene,phosphite,324,5.5,28.0,0,3,6,3,1,3,24,33.94259340321647
phosphite_2-H_4-Me_6-H_T100_xylene,phosphite,1,100,xylene,phosphite,324,5.5,28.0,0,3,6,3,1,3,24,33.94259340321647
phosphite_2-iPr_4-Me_6-H_T100_toluene,phosphite,1,100,toluene,phosphite,366,5.5,28.0,0,3,7,3,1,3,28,33.74852025441846
phosphite_2-iPr_4-H_6-Me_T100_toluene,phosphite,1,100,toluene,phosphite,366,5.5,28.0,0,3,7,3,1,3,28,33.74852025441846
phosphite_2-Me_4-H_6-H_T100_toluene,phosphite,1,100,toluene,phosphite,324,5.5,28.0,0,3,6,3,1,3,24,33.71737537820798
phosphite_2-H_4-Me_6-H_T100_toluene,phosphite,1,100,toluene,phosphite,324,5.5,28.0,0,3,6,3,1,3,24,33.71737537820798
phosphite_2-H_4-H_6-Me_T100_toluene,phosphite,1,100,toluene,phosphite,324,5.5,28.0,0,3,6,3,1,3,24,33.71737537820798
phosphite_2-F_4-H_6-OMe_T100_toluene,phosphite,1,100,toluene,phosphite,372,5.2,28.0,0,3,6,3,1,3,28,33.715904520512176
phosphite_2-F_4-OMe_6-H_T100_toluene,phosphite,1,100,toluene,phosphite,372,5.2,28.0,0,3,6,3,1,3,28,33.715904520512176
phosphite_2-OMe_4-F_6-H_T100_toluene,phosphite,1,100,toluene,phosphite,372,5.2,28.0,0,3,6,3,1,3,28,33.715904520512176
phosphite_2-H_4-F_6-OMe_T100_toluene,phosphite,1,100,toluene,phosphite,372,5.2,28.0,0,3,6,3,1,3,28,33.715904520512176
phosphite_2-Cl_4-H_6-Me_T100_toluene,phosphite,1,100,toluene,phosphite,358,5.5,28.0,0,3,6,3,1,3,27,33.62848663029418
phosphite_2-Cl_4-Me_6-H_T100_toluene,phosphite,1,100,toluene,phosphite,358,5.5,28.0,0,3,6,3,1,3,27,33.62848663029418
phosphite_2-H_4-OMe_6-H_T100_toluene,phosphite,1,100,toluene,phosphite,354,5.2,28.0,0,3,6,3,1,3,27,33.598059128402504
phosphite_2-OMe_4-H_6-H_T100_toluene,phosphite,1,100,toluene,phosphite,354,5.2,28.0,0,3,6,3,1,3,27,33.598059128402504
phosphite_2-H_4-H_6-OMe_T100_toluene,phosphite,1,100,toluene,phosphite,354,5.2,28.0,0,3,6,3,1,3,27,33.598059128402504
phosphite_2-H_4-Me_6-OMe_T100_toluene,phosphite,1,100,toluene,phosphite,368,5.7,28.0,0,3,6,3,1,3,28,33.448591307871496
phosphite_2-Me_4-H_6-OMe_T100_toluene,phosphite,1,100,toluene,phosphite,368,5.7,28.0,0,3,6,3,1,3,28,33.448591307871496
phosphite_2-H_4-OMe_6-Me_T100_toluene,phosphite,1,100,toluene,phosphite,368,5.7,28.0,0,3,6,3,1,3,28,33.448591307871496
phosphite_2-OMe_4-H_6-Me_T100_toluene,phosphite,1,100,toluene,phosphite,368,5.7,28.0,0,3,6,3,1,3,28,33.448591307871496
phosphite_2-Me_4-OMe_6-H_T100_toluene,phosphite,1,100,toluene,phosphite,368,5.7,28.0,0,3,6,3,1,3,28,33.448591307871496
phosphite_2-OMe_4-Me_6-H_T100_toluene,phosphite,1,100,toluene,phosphite,368,5.7,28.0,0,3,6,3,1,3,28,33.448591307871496
phosphite_2-iPr_4-H_6-H_T100_dioxane,phosphite,1,100,dioxane,phosphite,352,5.0,28.0,0,3,7,3,1,3,27,33.44589830068061
phosphite_2-iPr_4-F_6-H_T100_toluene,phosphite,1,100,toluene,phosphite,370,5.0,28.0,0,3,7,3,1,3,28,33.233634823077864
phosphite_2-Cl_4-F_6-Me_T100_toluene,phosphite,1,100,toluene,phosphite,376,5.5,28.0,0,3,6,3,1,3,28,33.16804703131938
phosphite_2-F_4-F_6-Me_T100_toluene,phosphite,1,100,toluene,phosphite,360,5.5,28.0,0,3,6,3,1,3,27,33.16804703131938
phosphite_2-F_4-H_6-H_T100_toluene,phosphite,1,100,toluene,phosphite,328,5.0,28.0,0,3,6,3,1,3,25,33.03656895538847
phosphite_2-Cl_4-H_6-H_T100_toluene,phosphite,1,100,toluene,phosphite,344,5.0,28.0,0,3,6,3,1,3,26,33.03656895538847
phosphite_2-F_4-F_6-H_T100_toluene,phosphite,1,100,toluene,phosphite,346,5.0,28.0,0,3,6,3,1,3,26,33.03656895538847
phosphite_2-H_4-F_6-H_T100_toluene,phosphite,1,100,toluene,phosphite,328,5.0,28.0,0,3,6,3,1,3,25,33.03656895538847
phosphine_2-NMe2_4-H_6-F_T100_xylene,phosphine,1,100,xylene,phosphine,358,5.1,13.0,0,0,6,3,1,0,27,32.835856351770886
phosphine_2-F_4-H_6-Me_T100_xylene,phosphine,1,100,xylene,phosphine,358,5.1,13.0,0,0,6,3,1,0,27,32.835856351770886
phosphine_2-H_4-F_6-Me_T100_xylene,phosphine,1,100,xylene,phosphine,358,5.1,13.0,0,0,6,3,1,0,27,32.835856351770886
phosphine_2-F_4-Me_6-H_T100_xylene,phosphine,1,100,xylene,phosphine,358,5.1,13.0,0,0,6,3,1,0,27,32.835856351770886
phosphine_2-Me_4-H_6-F_T100_xylene,phosphine,1,100,xylene,phosphine,358,5.1,13.0,0,0,6,3,1,0,27,32.835856351770886
phosphine_2-Me_4-F_6-H_T100_xylene,phosphine,1,100,xylene,phosphine,358,5.1,13.0,0,0,6,3,1,0,27,32.835856351770886
phosphine_2-NMe2_4-F_6-H_T100_xylene,phosphine,1,100,xylene,phosphine,358,5.1,13.0,0,0,6,3,1,0,27,32.835856351770886
phosphine_2-H_4-Me_6-F_T100_xylene,phosphine,1,100,xylene,phosphine,358,5.1,13.0,0,0,6,3,1,0,27,32.835856351770886
phosphine_2-H_4-F_6-F_T100_hexane,phosphine,1,100,hexane,phosphine,370,4.5,13.0,0,0,6,3,1,0,28,32.82532843674496
phosphine_2-F_4-H_6-F_T100_hexane,phosphine,1,100,hexane,phosphine,370,4.5,13.0,0,0,6,3,1,0,28,32.82532843674496
phosphine_2-H_4-H_6-Cl_T100_hexane,phosphine,1,100,hexane,phosphine,364,4.5,13.0,0,0,6,3,1,0,28,32.82532843674496
phosphine_2-F_4-F_6-H_T100_hexane,phosphine,1,100,hexane,phosphine,370,4.5,13.0,0,0,6,3,1,0,28,32.82532843674496
phosphine_2-Cl_4-H_6-H_T100_hexane,phosphine,1,100,hexane,phosphine,364,4.5,13.0,0,0,6,3,1,0,28,32.82532843674496
phosphite_2-H_4-F_6-H_T100_dioxane,phosphite,1,100,dioxane,phosphite,328,5.0,28.0,0,3,6,3,1,3,25,32.809403859797776
phosphite_2-Cl_4-H_6-H_T100_dioxane,phosphite,1,100,dioxane,phosphite,344,5.0,28.0,0,3,6,3,1,3,26,32.809403859797776
phosphite_2-F_4-F_6-H_T100_dioxane,phosphite,1,100,dioxane,phosphite,346,5.0,28.0,0,3,6,3,1,3,26,32.809403859797776
phosphite_2-F_4-H_6-H_T100_dioxane,phosphite,1,100,dioxane,phosphite,328,5.0,28.0,0,3,6,3,1,3,25,32.809403859797776
phosphine_2-Me_4-Me_6-H_T100_dioxane,phosphine,1,100,dioxane,phosphine,346,5.7,13.0,0,0,6,3,1,0,26,32.801568510069416
phosphine_2-H_4-Me_6-Me_T100_dioxane,phosphine,1,100,dioxane,phosphine,346,5.7,13.0,0,0,6,3,1,0,26,32.801568510069416
phosphine_2-NMe2_4-Me_6-H_T100_dioxane,phosphine,1,100,dioxane,phosphine,346,5.7,13.0,0,0,6,3,1,0,26,32.801568510069416
phosphine_2-Me_4-H_6-Me_T100_dioxane,phosphine,1,100,dioxane,phosphine,346,5.7,13.0,0,0,6,3,1,0,26,32.801568510069416
phosphine_2-NMe2_4-H_6-Me_T100_dioxane,phosphine,1,100,dioxane,phosphine,346,5.7,13.0,0,0,6,3,1,0,26,32.801568510069416
phosphine_2-H_4-F_6-F_T100_xylene,phosphine,1,100,xylene,phosphine,370,4.5,13.0,0,0,6,3,1,0,28,32.73506617234202
phosphine_2-Cl_4-H_6-H_T100_xylene,phosphine,1,100,xylene,phosphine,364,4.5,13.0,0,0,6,3,1,0,28,32.73506617234202
phosphine_2-H_4-H_6-Cl_T100_xylene,phosphine,1,100,xylene,phosphine,364,4.5,13.0,0,0,6,3,1,0,28,32.73506617234202
phosphine_2-F_4-F_6-H_T100_xylene,phosphine,1,100,xylene,phosphine,370,4.5,13.0,0,0,6,3,1,0,28,32.73506617234202
phosphine_2-F_4-H_6-F_T100_xylene,phosphine,1,100,xylene,phosphine,370,4.5,13.0,0,0,6,3,1,0,28,32.73506617234202
phosphine_2-H_4-H_6-F_T100_toluene,phosphine,1,100,toluene,phosphine,316,4.5,13.0,0,0,6,3,1,0,24,32.70373862159013
phosphine_2-H_4-F_6-H_T100_toluene,phosphine,1,100,toluene,phosphine,316,4.5,13.0,0,0,6,3,1,0,24,32.70373862159013
phosphine_2-F_4-H_6-H_T100_toluene,phosphine,1,100,toluene,phosphine,316,4.5,13.0,0,0,6,3,1,0,24,32.70373862159013
phosphine_2-Cl_4-H_6-H_T100_benzene,phosphine,1,100,benzene,phosphine,364,4.5,13.0,0,0,6,3,1,0,28,32.693980644567525
phosphine_2-F_4-H_6-F_T100_benzene,phosphine,1,100,benzene,phosphine,370,4.5,13.0,0,0,6,3,1,0,28,32.693980644567525
phosphine_2-H_4-H_6-Cl_T100_benzene,phosphine,1,100,benzene,phosphine,364,4.5,13.0,0,0,6,3,1,0,28,32.693980644567525
phosphine_2-F_4-F_6-H_T100_benzene,phosphine,1,100,benzene,phosphine,370,4.5,13.0,0,0,6,3,1,0,28,32.693980644567525
phosphine_2-H_4-F_6-F_T100_benzene,phosphine,1,100,benzene,phosphine,370,4.5,13.0,0,0,6,3,1,0,28,32.693980644567525
phosphite_2-Cl_4-F_6-H_T100_toluene,phosphite,1,100,toluene,phosphite,362,5.0,28.0,0,3,6,3,1,3,27,32.67149510038403
phosphine_2-H_4-F_6-H_T100_dioxane,phosphine,1,100,dioxane,phosphine,316,4.5,13.0,0,0,6,3,1,0,24,32.66635507731701
phosphine_2-H_4-H_6-F_T100_dioxane,phosphine,1,100,dioxane,phosphine,316,4.5,13.0,0,0,6,3,1,0,24,32.66635507731701
phosphine_2-F_4-H_6-H_T100_dioxane,phosphine,1,100,dioxane,phosphine,316,4.5,13.0,0,0,6,3,1,0,24,32.66635507731701
phosphite_2-F_4-Me_6-H_T100_dioxane,phosphite,1,100,dioxane,phosphite,342,5.5,28.0,0,3,6,3,1,3,26,32.57065605781106
phosphite_2-F_4-H_6-Me_T100_dioxane,phosphite,1,100,dioxane,phosphite,342,5.5,28.0,0,3,6,3,1,3,26,32.57065605781106
phosphite_2-Me_4-F_6-H_T100_dioxane,phosphite,1,100,dioxane,phosphite,342,5.5,28.0,0,3,6,3,1,3,26,32.57065605781106
phosphite_2-H_4-F_6-Me_T100_dioxane,phosphite,1,100,dioxane,phosphite,342,5.5,28.0,0,3,6,3,1,3,26,32.57065605781106
phosphite_2-Me_4-Me_6-H_T100_dioxane,phosphite,1,100,dioxane,phosphite,338,6.0,28.0,0,3,6,3,1,3,26,32.49168637928499
phosphite_2-Me_4-H_6-Me_T100_dioxane,phosphite,1,100,dioxane,phosphite,338,6.0,28.0,0,3,6,3,1,3,26,32.49168637928499
phosphite_2-H_4-Me_6-Me_T100_dioxane,phosphite,1,100,dioxane,phosphite,338,6.0,28.0,0,3,6,3,1,3,26,32.49168637928499
phosphine_2-F_4-Me_6-H_T100_hexane,phosphine,1,100,hexane,phosphine,358,5.1,13.0,0,0,6,3,1,0,27,32.36877408863606
phosphine_2-NMe2_4-F_6-H_T100_hexane,phosphine,1,100,hexane,phosphine,358,5.1,13.0,0,0,6,3,1,0,27,32.36877408863606
phosphine_2-H_4-Me_6-F_T100_hexane,phosphine,1,100,hexane,phosphine,358,5.1,13.0,0,0,6,3,1,0,27,32.36877408863606
phosphine_2-Me_4-F_6-H_T100_hexane,phosphine,1,100,hexane,phosphine,358,5.1,13.0,0,0,6,3,1,0,27,32.36877408863606
phosphine_2-NMe2_4-H_6-F_T100_hexane,phosphine,1,100,hexane,phosphine,358,5.1,13.0,0,0,6,3,1,0,27,32.36877408863606
phosphine_2-H_4-F_6-Me_T100_hexane,phosphine,1,100,hexane,phosphine,358,5.1,13.0,0,0,6,3,1,0,27,32.36877408863606
phosphine_2-F_4-H_6-Me_T100_hexane,phosphine,1,100,hexane,phosphine,358,5.1,13.0,0,0,6,3,1,0,27,32.36877408863606
phosphine_2-Me_4-H_6-F_T100_hexane,phosphine,1,100,hexane,phosphine,358,5.1,13.0,0,0,6,3,1,0,27,32.36877408863606
phosphite_2-F_4-Me_6-Me_T100_dioxane,phosphite,1,100,dioxane,phosphite,356,6.0,28.0,0,3,6,3,1,3,27,32.36303178489447
phosphite_2-Me_4-F_6-Me_T100_dioxane,phosphite,1,100,dioxane,phosphite,356,6.0,28.0,0,3,6,3,1,3,27,32.36303178489447
phosphite_2-H_4-H_6-Me_T100_dioxane,phosphite,1,100,dioxane,phosphite,324,5.5,28.0,0,3,6,3,1,3,24,32.305096731255425
phosphite_2-H_4-Me_6-H_T100_dioxane,phosphite,1,100,dioxane,phosphite,324,5.5,28.0,0,3,6,3,1,3,24,32.305096731255425
phosphite_2-Me_4-H_6-H_T100_dioxane,phosphite,1,100,dioxane,phosphite,324,5.5,28.0,0,3,6,3,1,3,24,32.305096731255425
phosphite_2-iPr_4-H_6-H_T100_THF,phosphite,1,100,THF,phosphite,352,5.0,28.0,0,3,7,3,1,3,27,32.29916047982803
phosphite_2-iPr_4-F_6-H_T100_dioxane,phosphite,1,100,dioxane,phosphite,370,5.0,28.0,0,3,7,3,1,3,28,32.16683629528759
phosphite_2-H_4-OMe_6-H_T100_dioxane,phosphite,1,100,dioxane,phosphite,354,5.2,28.0,0,3,6,3,1,3,27,31.83516799326908
phosphite_2-H_4-H_6-OMe_T100_dioxane,phosphite,1,100,dioxane,phosphite,354,5.2,28.0,0,3,6,3,1,3,27,31.83516799326908
phosphite_2-OMe_4-H_6-H_T100_dioxane,phosphite,1,100,dioxane,phosphite,354,5.2,28.0,0,3,6,3,1,3,27,31.83516799326908
phosphite_2-Cl_4-Me_6-Me_T100_dioxane,phosphite,1,100,dioxane,phosphite,372,6.0,28.0,0,3,6,3,1,3,28,31.77946794047707
phosphite_2-Cl_4-H_6-Me_T100_dioxane,phosphite,1,100,dioxane,phosphite,358,5.5,28.0,0,3,6,3,1,3,27,31.734718708800898
phosphite_2-Cl_4-Me_6-H_T100_dioxane,phosphite,1,100,dioxane,phosphite,358,5.5,28.0,0,3,6,3,1,3,27,31.734718708800898
phosphite_2-F_4-H_6-OMe_T100_dioxane,phosphite,1,100,dioxane,phosphite,372,5.2,28.0,0,3,6,3,1,3,28,31.730673198881778
phosphite_2-H_4-F_6-OMe_T100_dioxane,phosphite,1,100,dioxane,phosphite,372,5.2,28.0,0,3,6,3,1,3,28,31.730673198881778
phosphite_2-F_4-OMe_6-H_T100_dioxane,phosphite,1,100,dioxane,phosphite,372,5.2,28.0,0,3,6,3,1,3,28,31.730673198881778
phosphite_2-OMe_4-F_6-H_T100_dioxane,phosphite,1,100,dioxane,phosphite,372,5.2,28.0,0,3,6,3,1,3,28,31.730673198881778
phosphine_2-NMe2_4-F_6-H_T100_benzene,phosphine,1,100,benzene,phosphine,358,5.1,13.0,0,0,6,3,1,0,27,31.70995320594563
phosphine_2-Me_4-H_6-F_T100_benzene,phosphine,1,100,benzene,phosphine,358,5.1,13.0,0,0,6,3,1,0,27,31.70995320594563
phosphine_2-NMe2_4-H_6-F_T100_benzene,phosphine,1,100,benzene,phosphine,358,5.1,13.0,0,0,6,3,1,0,27,31.70995320594563
phosphine_2-H_4-F_6-Me_T100_benzene,phosphine,1,100,benzene,phosphine,358,5.1,13.0,0,0,6,3,1,0,27,31.70995320594563
phosphine_2-Me_4-F_6-H_T100_benzene,phosphine,1,100,benzene,phosphine,358,5.1,13.0,0,0,6,3,1,0,27,31.70995320594563
phosphine_2-F_4-H_6-Me_T100_benzene,phosphine,1,100,benzene,phosphine,358,5.1,13.0,0,0,6,3,1,0,27,31.70995320594563
phosphine_2-H_4-Me_6-F_T100_benzene,phosphine,1,100,benzene,phosphine,358,5.1,13.0,0,0,6,3,1,0,27,31.70995320594563
phosphine_2-F_4-Me_6-H_T100_benzene,phosphine,1,100,benzene,phosphine,358,5.1,13.0,0,0,6,3,1,0,27,31.70995320594563
phosphite_2-Cl_4-F_6-H_T100_dioxane,phosphite,1,100,dioxane,phosphite,362,5.0,28.0,0,3,6,3,1,3,27,31.68853478531087
phosphite_2-iPr_4-H_6-Me_T100_dioxane,phosphite,1,100,dioxane,phosphite,366,5.5,28.0,0,3,7,3,1,3,28,31.629456374360252
phosphite_2-iPr_4-Me_6-H_T100_dioxane,phosphite,1,100,dioxane,phosphite,366,5.5,28.0,0,3,7,3,1,3,28,31.629456374360252
phosphite_2-H_4-F_6-H_T100_THF,phosphite,1,100,THF,phosphite,328,5.0,28.0,0,3,6,3,1,3,25,31.40835764082626
phosphite_2-F_4-H_6-H_T100_THF,phosphite,1,100,THF,phosphite,328,5.0,28.0,0,3,6,3,1,3,25,31.40835764082626
phosphite_2-F_4-F_6-H_T100_THF,phosphite,1,100,THF,phosphite,346,5.0,28.0,0,3,6,3,1,3,26,31.40835764082626
phosphite_2-Cl_4-H_6-H_T100_THF,phosphite,1,100,THF,phosphite,344,5.0,28.0,0,3,6,3,1,3,26,31.40835764082626
phosphite_2-Me_4-OMe_6-H_T100_dioxane,phosphite,1,100,dioxane,phosphite,368,5.7,28.0,0,3,6,3,1,3,28,31.340676954840372
phosphite_2-H_4-OMe_6-Me_T100_dioxane,phosphite,1,100,dioxane,phosphite,368,5.7,28.0,0,3,6,3,1,3,28,31.340676954840372
phosphite_2-Me_4-H_6-OMe_T100_dioxane,phosphite,1,100,dioxane,phosphite,368,5.7,28.0,0,3,6,3,1,3,28,31.340676954840372
phosphite_2-H_4-Me_6-OMe_T100_dioxane,phosphite,1,100,dioxane,phosphite,368,5.7,28.0,0,3,6,3,1,3,28,31.340676954840372
phosphite_2-OMe_4-H_6-Me_T100_dioxane,phosphite,1,100,dioxane,phosphite,368,5.7,28.0,0,3,6,3,1,3,28,31.340676954840372
phosphite_2-OMe_4-Me_6-H_T100_dioxane,phosphite,1,100,dioxane,phosphite,368,5.7,28.0,0,3,6,3,1,3,28,31.340676954840372
phosphine_2-NMe2_4-Me_6-H_T100_THF,phosphine,1,100,THF,phosphine,346,5.7,13.0,0,0,6,3,1,0,26,31.328956160316633
phosphine_2-Me_4-Me_6-H_T100_THF,phosphine,1,100,THF,phosphine,346,5.7,13.0,0,0,6,3,1,0,26,31.328956160316633
phosphine_2-Me_4-H_6-Me_T100_THF,phosphine,1,100,THF,phosphine,346,5.7,13.0,0,0,6,3,1,0,26,31.328956160316633
phosphine_2-NMe2_4-H_6-Me_T100_THF,phosphine,1,100,THF,phosphine,346,5.7,13.0,0,0,6,3,1,0,26,31.328956160316633
phosphine_2-H_4-Me_6-Me_T100_THF,phosphine,1,100,THF,phosphine,346,5.7,13.0,0,0,6,3,1,0,26,31.328956160316633
phosphite_2-F_4-Me_6-Me_T100_THF,phosphite,1,100,THF,phosphite,356,6.0,28.0,0,3,6,3,1,3,27,31.211809533625438
phosphite_2-Me_4-F_6-Me_T100_THF,phosphite,1,100,THF,phosphite,356,6.0,28.0,0,3,6,3,1,3,27,31.211809533625438
phosphine_2-H_4-F_6-H_T100_THF,phosphine,1,100,THF,phosphine,316,4.5,13.0,0,0,6,3,1,0,24,31.173635966137475
phosphine_2-H_4-H_6-F_T100_THF,phosphine,1,100,THF,phosphine,316,4.5,13.0,0,0,6,3,1,0,24,31.173635966137475
phosphine_2-F_4-H_6-H_T100_THF,phosphine,1,100,THF,phosphine,316,4.5,13.0,0,0,6,3,1,0,24,31.173635966137475
phosphite_2-Cl_4-F_6-Me_T100_dioxane,phosphite,1,100,dioxane,phosphite,376,5.5,28.0,0,3,6,3,1,3,28,31.151154864383543
phosphite_2-F_4-F_6-Me_T100_dioxane,phosphite,1,100,dioxane,phosphite,360,5.5,28.0,0,3,6,3,1,3,27,31.151154864383543
phosphite_2-H_4-Me_6-Me_T100_THF,phosphite,1,100,THF,phosphite,338,6.0,28.0,0,3,6,3,1,3,26,31.134331189646364
phosphite_2-Me_4-H_6-Me_T100_THF,phosphite,1,100,THF,phosphite,338,6.0,28.0,0,3,6,3,1,3,26,31.134331189646364
phosphite_2-Me_4-Me_6-H_T100_THF,phosphite,1,100,THF,phosphite,338,6.0,28.0,0,3,6,3,1,3,26,31.134331189646364
phosphite_2-Me_4-F_6-H_T100_THF,phosphite,1,100,THF,phosphite,342,5.5,28.0,0,3,6,3,1,3,26,31.104771179114007
phosphite_2-F_4-H_6-Me_T100_THF,phosphite,1,100,THF,phosphite,342,5.5,28.0,0,3,6,3,1,3,26,31.104771179114007
phosphite_2-H_4-F_6-Me_T100_THF,phosphite,1,100,THF,phosphite,342,5.5,28.0,0,3,6,3,1,3,26,31.104771179114007
phosphite_2-F_4-Me_6-H_T100_THF,phosphite,1,100,THF,phosphite,342,5.5,28.0,0,3,6,3,1,3,26,31.104771179114007
phosphite_2-iPr_4-F_6-H_T100_THF,phosphite,1,100,THF,phosphite,370,5.0,28.0,0,3,7,3,1,3,28,31.070942505460362
phosphine_2-H_4-F_6-F_T100_toluene,phosphine,1,100,toluene,phosphine,370,4.5,13.0,0,0,6,3,1,0,28,30.888419525818705
phosphine_2-F_4-H_6-F_T100_toluene,phosphine,1,100,toluene,phosphine,370,4.5,13.0,0,0,6,3,1,0,28,30.888419525818705
phosphine_2-Cl_4-H_6-H_T100_toluene,phosphine,1,100,toluene,phosphine,364,4.5,13.0,0,0,6,3,1,0,28,30.888419525818705
phosphine_2-H_4-H_6-Cl_T100_toluene,phosphine,1,100,toluene,phosphine,364,4.5,13.0,0,0,6,3,1,0,28,30.888419525818705
phosphine_2-F_4-F_6-H_T100_toluene,phosphine,1,100,toluene,phosphine,370,4.5,13.0,0,0,6,3,1,0,28,30.888419525818705
phosphite_2-H_4-Me_6-H_T100_THF,phosphite,1,100,THF,phosphite,324,5.5,28.0,0,3,6,3,1,3,24,30.839211852558385
phosphite_2-Me_4-H_6-H_T100_THF,phosphite,1,100,THF,phosphite,324,5.5,28.0,0,3,6,3,1,3,24,30.839211852558385
phosphite_2-H_4-H_6-Me_T100_THF,phosphite,1,100,THF,phosphite,324,5.5,28.0,0,3,6,3,1,3,24,30.839211852558385
phosphine_2-Me_4-F_6-H_T100_toluene,phosphine,1,100,toluene,phosphine,358,5.1,13.0,0,0,6,3,1,0,27,30.656679974960575
phosphine_2-NMe2_4-H_6-F_T100_toluene,phosphine,1,100,toluene,phosphine,358,5.1,13.0,0,0,6,3,1,0,27,30.656679974960575
phosphine_2-Me_4-H_6-F_T100_toluene,phosphine,1,100,toluene,phosphine,358,5.1,13.0,0,0,6,3,1,0,27,30.656679974960575
phosphine_2-H_4-F_6-Me_T100_toluene,phosphine,1,100,toluene,phosphine,358,5.1,13.0,0,0,6,3,1,0,27,30.656679974960575
phosphine_2-H_4-Me_6-F_T100_toluene,phosphine,1,100,toluene,phosphine,358,5.1,13.0,0,0,6,3,1,0,27,30.656679974960575
phosphine_2-F_4-Me_6-H_T100_toluene,phosphine,1,100,toluene,phosphine,358,5.1,13.0,0,0,6,3,1,0,27,30.656679974960575
phosphine_2-NMe2_4-F_6-H_T100_toluene,phosphine,1,100,toluene,phosphine,358,5.1,13.0,0,0,6,3,1,0,27,30.656679974960575
phosphine_2-F_4-H_6-Me_T100_toluene,phosphine,1,100,toluene,phosphine,358,5.1,13.0,0,0,6,3,1,0,27,30.656679974960575
phosphite_2-Cl_4-Me_6-Me_T100_THF,phosphite,1,100,THF,phosphite,372,6.0,28.0,0,3,6,3,1,3,28,30.62824568920809
phosphite_2-H_4-H_6-OMe_T100_THF,phosphite,1,100,THF,phosphite,354,5.2,28.0,0,3,6,3,1,3,27,30.604591959699313
phosphite_2-OMe_4-H_6-H_T100_THF,phosphite,1,100,THF,phosphite,354,5.2,28.0,0,3,6,3,1,3,27,30.604591959699313
phosphite_2-H_4-OMe_6-H_T100_THF,phosphite,1,100,THF,phosphite,354,5.2,28.0,0,3,6,3,1,3,27,30.604591959699313
phosphite_2-F_4-OMe_6-H_T100_THF,phosphite,1,100,THF,phosphite,372,5.2,28.0,0,3,6,3,1,3,28,30.550941196337448
phosphite_2-F_4-H_6-OMe_T100_THF,phosphite,1,100,THF,phosphite,372,5.2,28.0,0,3,6,3,1,3,28,30.550941196337448
phosphite_2-OMe_4-F_6-H_T100_THF,phosphite,1,100,THF,phosphite,372,5.2,28.0,0,3,6,3,1,3,28,30.550941196337448
phosphite_2-H_4-F_6-OMe_T100_THF,phosphite,1,100,THF,phosphite,372,5.2,28.0,0,3,6,3,1,3,28,30.550941196337448
phosphite_2-Cl_4-F_6-H_T100_THF,phosphite,1,100,THF,phosphite,362,5.0,28.0,0,3,6,3,1,3,27,30.508802782766534
phosphite_2-Cl_4-Me_6-H_T100_THF,phosphite,1,100,THF,phosphite,358,5.5,28.0,0,3,6,3,1,3,27,30.43930401550562
phosphite_2-Cl_4-H_6-Me_T100_THF,phosphite,1,100,THF,phosphite,358,5.5,28.0,0,3,6,3,1,3,27,30.43930401550562
phosphite_2-iPr_4-Me_6-H_T100_THF,phosphite,1,100,THF,phosphite,366,5.5,28.0,0,3,7,3,1,3,28,30.39338483755286
phosphite_2-iPr_4-H_6-Me_T100_THF,phosphite,1,100,THF,phosphite,366,5.5,28.0,0,3,7,3,1,3,28,30.39338483755286
phosphine_2-Me_4-F_6-H_T100_dioxane,phosphine,1,100,dioxane,phosphine,358,5.1,13.0,0,0,6,3,1,0,27,30.22073801315071
phosphine_2-F_4-Me_6-H_T100_dioxane,phosphine,1,100,dioxane,phosphine,358,5.1,13.0,0,0,6,3,1,0,27,30.22073801315071
phosphine_2-H_4-Me_6-F_T100_dioxane,phosphine,1,100,dioxane,phosphine,358,5.1,13.0,0,0,6,3,1,0,27,30.22073801315071
phosphine_2-NMe2_4-H_6-F_T100_dioxane,phosphine,1,100,dioxane,phosphine,358,5.1,13.0,0,0,6,3,1,0,27,30.22073801315071
phosphine_2-H_4-F_6-Me_T100_dioxane,phosphine,1,100,dioxane,phosphine,358,5.1,13.0,0,0,6,3,1,0,27,30.22073801315071
phosphine_2-Me_4-H_6-F_T100_dioxane,phosphine,1,100,dioxane,phosphine,358,5.1,13.0,0,0,6,3,1,0,27,30.22073801315071
phosphine_2-NMe2_4-F_6-H_T100_dioxane,phosphine,1,100,dioxane,phosphine,358,5.1,13.0,0,0,6,3,1,0,27,30.22073801315071
phosphine_2-F_4-H_6-Me_T100_dioxane,phosphine,1,100,dioxane,phosphine,358,5.1,13.0,0,0,6,3,1,0,27,30.22073801315071
phosphine_2-Cl_4-H_6-H_T100_dioxane,phosphine,1,100,dioxane,phosphine,364,4.5,13.0,0,0,6,3,1,0,28,30.197797886596092
phosphine_2-F_4-H_6-F_T100_dioxane,phosphine,1,100,dioxane,phosphine,370,4.5,13.0,0,0,6,3,1,0,28,30.197797886596092
phosphine_2-H_4-F_6-F_T100_dioxane,phosphine,1,100,dioxane,phosphine,370,4.5,13.0,0,0,6,3,1,0,28,30.197797886596092
phosphine_2-H_4-H_6-Cl_T100_dioxane,phosphine,1,100,dioxane,phosphine,364,4.5,13.0,0,0,6,3,1,0,28,30.197797886596092
phosphine_2-F_4-F_6-H_T100_dioxane,phosphine,1,100,dioxane,phosphine,370,4.5,13.0,0,0,6,3,1,0,28,30.197797886596092
phosphite_2-OMe_4-Me_6-H_T100_THF,phosphite,1,100,THF,phosphite,368,5.7,28.0,0,3,6,3,1,3,28,30.102391954717508
phosphite_2-OMe_4-H_6-Me_T100_THF,phosphite,1,100,THF,phosphite,368,5.7,28.0,0,3,6,3,1,3,28,30.102391954717508
phosphite_2-H_4-OMe_6-Me_T100_THF,phosphite,1,100,THF,phosphite,368,5.7,28.0,0,3,6,3,1,3,28,30.102391954717508
phosphite_2-H_4-Me_6-OMe_T100_THF,phosphite,1,100,THF,phosphite,368,5.7,28.0,0,3,6,3,1,3,28,30.102391954717508
phosphite_2-Me_4-H_6-OMe_T100_THF,phosphite,1,100,THF,phosphite,368,5.7,28.0,0,3,6,3,1,3,28,30.102391954717508
phosphite_2-Me_4-OMe_6-H_T100_THF,phosphite,1,100,THF,phosphite,368,5.7,28.0,0,3,6,3,1,3,28,30.102391954717508
phosphite_2-Cl_4-F_6-Me_T100_THF,phosphite,1,100,THF,phosphite,376,5.5,28.0,0,3,6,3,1,3,28,29.812911614453785
phosphite_2-F_4-F_6-Me_T100_THF,phosphite,1,100,THF,phosphite,360,5.5,28.0,0,3,6,3,1,3,27,29.812911614453785
phosphine_2-H_4-F_6-F_T100_THF,phosphine,1,100,THF,phosphine,370,4.5,13.0,0,0,6,3,1,0,28,28.908210924607808
phosphine_2-F_4-F_6-H_T100_THF,phosphine,1,100,THF,phosphine,370,4.5,13.0,0,0,6,3,1,0,28,28.908210924607808
phosphine_2-F_4-H_6-F_T100_THF,phosphine,1,100,THF,phosphine,370,4.5,13.0,0,0,6,3,1,0,28,28.908210924607808
phosphine_2-H_4-H_6-Cl_T100_THF,phosphine,1,100,THF,phosphine,364,4.5,13.0,0,0,6,3,1,0,28,28.908210924607808
phosphine_2-Cl_4-H_6-H_T100_THF,phosphine,1,100,THF,phosphine,364,4.5,13.0,0,0,6,3,1,0,28,28.908210924607808
phosphine_2-F_4-H_6-Me_T100_THF,phosphine,1,100,THF,phosphine,358,5.1,13.0,0,0,6,3,1,0,27,28.865294191482413
phosphine_2-F_4-Me_6-H_T100_THF,phosphine,1,100,THF,phosphine,358,5.1,13.0,0,0,6,3,1,0,27,28.865294191482413
phosphine_2-Me_4-F_6-H_T100_THF,phosphine,1,100,THF,phosphine,358,5.1,13.0,0,0,6,3,1,0,27,28.865294191482413
phosphine_2-NMe2_4-H_6-F_T100_THF,phosphine,1,100,THF,phosphine,358,5.1,13.0,0,0,6,3,1,0,27,28.865294191482413
phosphine_2-H_4-F_6-Me_T100_THF,phosphine,1,100,THF,phosphine,358,5.1,13.0,0,0,6,3,1,0,27,28.865294191482413
phosphine_2-Me_4-H_6-F_T100_THF,phosphine,1,100,THF,phosphine,358,5.1,13.0,0,0,6,3,1,0,27,28.865294191482413
phosphine_2-NMe2_4-F_6-H_T100_THF,phosphine,1,100,THF,phosphine,358,5.1,13.0,0,0,6,3,1,0,27,28.865294191482413
phosphine_2-H_4-Me_6-F_T100_THF,phosphine,1,100,THF,phosphine,358,5.1,13.0,0,0,6,3,1,0,27,28.865294191482413
phosphine_2-Me_4-H_6-H_T100_hexane,phosphine,1,100,hexane,phosphine,304,5.1,13.0,0,0,6,3,1,0,23,27.01483315056816
phosphine_2-H_4-Me_6-H_T100_hexane,phosphine,1,100,hexane,phosphine,304,5.1,13.0,0,0,6,3,1,0,23,27.01483315056816
phosphine_2-H_4-H_6-Me_T100_hexane,phosphine,1,100,hexane,phosphine,304,5.1,13.0,0,0,6,3,1,0,23,27.01483315056816
phosphine_2-NMe2_4-H_6-H_T100_hexane,phosphine,1,100,hexane,phosphine,304,5.1,13.0,0,0,6,3,1,0,23,27.01483315056816
phosphine_2-Me_4-H_6-H_T100_xylene,phosphine,1,100,xylene,phosphine,304,5.1,13.0,0,0,6,3,1,0,23,26.43925051073734
phosphine_2-H_4-H_6-Me_T100_xylene,phosphine,1,100,xylene,phosphine,304,5.1,13.0,0,0,6,3,1,0,23,26.43925051073734
phosphine_2-NMe2_4-H_6-H_T100_xylene,phosphine,1,100,xylene,phosphine,304,5.1,13.0,0,0,6,3,1,0,23,26.43925051073734
phosphine_2-H_4-Me_6-H_T100_xylene,phosphine,1,100,xylene,phosphine,304,5.1,13.0,0,0,6,3,1,0,23,26.43925051073734
phosphine_2-NMe2_4-H_6-H_T100_benzene,phosphine,1,100,benzene,phosphine,304,5.1,13.0,0,0,6,3,1,0,23,25.938463983121856
phosphine_2-H_4-H_6-Me_T100_benzene,phosphine,1,100,benzene,phosphine,304,5.1,13.0,0,0,6,3,1,0,23,25.938463983121856
phosphine_2-H_4-Me_6-H_T100_benzene,phosphine,1,100,benzene,phosphine,304,5.1,13.0,0,0,6,3,1,0,23,25.938463983121856
phosphine_2-Me_4-H_6-H_T100_benzene,phosphine,1,100,benzene,phosphine,304,5.1,13.0,0,0,6,3,1,0,23,25.938463983121856
phosphine_2-H_4-Me_6-H_T100_dioxane,phosphine,1,100,dioxane,phosphine,304,5.1,13.0,0,0,6,3,1,0,23,25.84806738062187
phosphine_2-Me_4-H_6-H_T100_dioxane,phosphine,1,100,dioxane,phosphine,304,5.1,13.0,0,0,6,3,1,0,23,25.84806738062187
phosphine_2-H_4-H_6-Me_T100_dioxane,phosphine,1,100,dioxane,phosphine,304,5.1,13.0,0,0,6,3,1,0,23,25.84806738062187
phosphine_2-NMe2_4-H_6-H_T100_dioxane,phosphine,1,100,dioxane,phosphine,304,5.1,13.0,0,0,6,3,1,0,23,25.84806738062187
phosphine_2-NMe2_4-H_6-H_T100_toluene,phosphine,1,100,toluene,phosphine,304,5.1,13.0,0,0,6,3,1,0,23,24.56452153671812
phosphine_2-Me_4-H_6-H_T100_toluene,phosphine,1,100,toluene,phosphine,304,5.1,13.0,0,0,6,3,1,0,23,24.56452153671812
phosphine_2-H_4-Me_6-H_T100_toluene,phosphine,1,100,toluene,phosphine,304,5.1,13.0,0,0,6,3,1,0,23,24.56452153671812
phosphine_2-H_4-H_6-Me_T100_toluene,phosphine,1,100,toluene,phosphine,304,5.1,13.0,0,0,6,3,1,0,23,24.56452153671812
phosphine_2-Me_4-H_6-H_T100_THF,phosphine,1,100,THF,phosphine,304,5.1,13.0,0,0,6,3,1,0,23,23.857462020247382
phosphine_2-H_4-H_6-Me_T100_THF,phosphine,1,100,THF,phosphine,304,5.1,13.0,0,0,6,3,1,0,23,23.857462020247382
phosphine_2-H_4-Me_6-H_T100_THF,phosphine,1,100,THF,phosphine,304,5.1,13.0,0,0,6,3,1,0,23,23.857462020247382
phosphine_2-NMe2_4-H_6-H_T100_THF,phosphine,1,100,THF,phosphine,304,5.1,13.0,0,0,6,3,1,0,23,23.857462020247382
phosphine_2-H_4-H_6-H_T100_hexane,phosphine,1,100,hexane,phosphine,262,4.5,13.0,0,0,6,3,1,0,20,22.108842710314608
phosphine_2-H_4-H_6-H_T100_benzene,phosphine,1,100,benzene,phosphine,262,4.5,13.0,0,0,6,3,1,0,20,20.77959869739987
phosphine_2-H_4-H_6-H_T100_dioxane,phosphine,1,100,dioxane,phosphine,262,4.5,13.0,0,0,6,3,1,0,20,20.7156916831153
phosphine_2-H_4-H_6-H_T100_xylene,phosphine,1,100,xylene,phosphine,262,4.5,13.0,0,0,6,3,1,0,20,20.5511320418605
phosphine_2-H_4-H_6-H_T100_toluene,phosphine,1,100,toluene,phosphine,262,4.5,13.0,0,0,6,3,1,0,20,19.469314550400885
phosphine_2-H_4-H_6-H_T100_THF,phosphine,1,100,THF,phosphine,262,4.5,13.0,0,0,6,3,1,0,20,18.740099151395412
